{"type": "FeatureCollection", "features": [{"type": "Feature", "geometry": {"type": "Point", "coordinates": [150.516537, -23.377622]}, "properties": {"project_id": 44688, "name": "2032 Delivery Plan - Rockhampton", "description": "Putting Rockhampton in the Games spotlight by hosting rowing on the Fitzroy River and building an Athlete Village at the revitalised Railyards under the 2032 Delivery Plan.", "agency": "Department of Sport, Racing and Olympic and Paralympic Games", "type": "A plan for Queensland\u2019s future", "status": 2, "qld_funding": 0, "fed_funding": 0, "local_funding": 0, "own_funding": 0, "private_funding": 0, "total_funding": 0, "region_codes": [306], "region_lga": "Rockhampton Regional", "region_sed": "ROCKHAMPTON", "region_sa4": "Central Queensland", "address": "", "web_link": null, "category": "other"}}, {"type": "Feature", "geometry": {"type": "Point", "coordinates": [148.168517, -20.014524]}, "properties": {"project_id": 44697, "name": "Abbot Point rural fire brigade station", "description": "for a new rural fire brigade station at Abbot Point.", "agency": "Queensland Fire Department", "type": "Safety where you live", "status": 2, "qld_funding": 800000, "fed_funding": 0, "local_funding": 0, "own_funding": 0, "private_funding": 0, "total_funding": 800000, "region_codes": [312], "region_lga": "Whitsunday Regional", "region_sed": "BURDEKIN", "region_sa4": "Mackay - Isaac - Whitsunday", "address": null, "web_link": null, "category": "other"}}, {"type": "Feature", "geometry": {"type": "Point", "coordinates": [152.995, -27.97444]}, "properties": {"project_id": 44699, "name": "Accessible unisex change facilities at 2 sports fields\n(South East Queensland Liveability Fund)", "description": "million to deliver inclusive change facilities at Coronation Park (Boonah) and Selwyn Park (Beaudesert), featuring showers, toilets and benches. Part of the South East Queensland City Deal, delivered in partnership with the Australian Government and the Scenic Rim Regional Council", "agency": "Department of State Development, Infrastructure and Planning", "type": "A better lifestyle through a stronger economy", "status": 2, "qld_funding": 1380000, "fed_funding": 1380000, "local_funding": 1, "own_funding": 0, "private_funding": 0, "total_funding": 2760001, "region_codes": [317], "region_lga": "Scenic Rim Regional", "region_sed": "SCENIC RIM", "region_sa4": "Logan - Beaudesert", "address": "", "web_link": null, "category": "other"}}, {"type": "Feature", "geometry": {"type": "Point", "coordinates": [153.06973334, -27.39280057]}, "properties": {"project_id": 44704, "name": "Advanced Robotics Manufacturing Hub (ARM hub)", "description": "to grow industry capability through the integration of robotics, artificial intelligence and other Industry 4.0 technologies into their manufacturing operations", "agency": "Department of Natural Resources and Mines, Manufacturing and Regional and Rural Development", "type": "A better lifestyle through a stronger economy", "status": 2, "qld_funding": 12579000, "fed_funding": 0, "local_funding": 0, "own_funding": 0, "private_funding": 0, "total_funding": 12579000, "region_codes": [303], "region_lga": "Brisbane City", "region_sed": "NUDGEE", "region_sa4": "Brisbane - North", "address": "53 HOLLAND ST, NORTHGATE QLD 4013", "web_link": null, "category": "other"}}, {"type": "Feature", "geometry": {"type": "Point", "coordinates": [148.7282663, -20.2781]}, "properties": {"project_id": 44705, "name": "Airlie Beach Bowls Club", "description": "to put in solar panels and go towards maintenance and improvements to the clubhouse including upgrading the ceiling", "agency": "Department of Sport, Racing and Olympic and Paralympic Games", "type": "A plan for Queensland\u2019s future", "status": 2, "qld_funding": 100000, "fed_funding": 0, "local_funding": 0, "own_funding": 0, "private_funding": 0, "total_funding": 100000, "region_codes": [312], "region_lga": "Whitsunday Regional", "region_sed": "WHITSUNDAY", "region_sa4": "Mackay - Isaac - Whitsunday", "address": "2514 SHUTE HARBOUR RD, JUBILEE POCKET QLD 4802", "web_link": null, "category": "other"}}, {"type": "Feature", "geometry": {"type": "Point", "coordinates": [152.9681406, -27.3447647]}, "properties": {"project_id": 44706, "name": "Albany Creek Library courtyard upgrade", "description": "total spend to upgrade the outdoor courtyard at the Albany Creek Library.", "agency": "Department of Local Government, Water and Volunteers", "type": "A better lifestyle through a stronger economy", "status": 2, "qld_funding": 600000, "fed_funding": 0, "local_funding": 0, "own_funding": 0, "private_funding": 0, "total_funding": 600000, "region_codes": [313], "region_lga": "Moreton Bay City", "region_sed": "EVERTON", "region_sa4": "Moreton Bay - South", "address": "16 Ferguson Street", "web_link": null, "category": "other"}}, {"type": "Feature", "geometry": {"type": "Point", "coordinates": [152.987402, -27.351931]}, "properties": {"project_id": 44708, "name": "Albany Creek Road Wildlife Protection", "description": "Installing wildlife awareness signs along Albany Creek Road to protect the native wildlife", "agency": "Department of Transport and Main Roads", "type": "A plan for Queensland\u2019s future", "status": 2, "qld_funding": 0, "fed_funding": 0, "local_funding": 0, "own_funding": 0, "private_funding": 0, "total_funding": 0, "region_codes": [303], "region_lga": "Brisbane City", "region_sed": "ASPLEY", "region_sa4": "Brisbane - North", "address": null, "web_link": null, "category": "other"}}, {"type": "Feature", "geometry": {"type": "Point", "coordinates": [151.9829237, -28.0331637]}, "properties": {"project_id": 44711, "name": "Allora Community Precinct redevelopment", "description": "to remove the old Allora Fire Station, relocate the library and expand the Sports Museum to include a modern library and community meeting space", "agency": "Department of Local Government, Water and Volunteers", "type": "A better lifestyle through a stronger economy", "status": 2, "qld_funding": 600000, "fed_funding": 0, "local_funding": 0, "own_funding": 0, "private_funding": 0, "total_funding": 600000, "region_codes": [319], "region_lga": "Southern Downs Regional", "region_sed": "SOUTHERN DOWNS", "region_sa4": "Darling Downs - Maranoa", "address": "78 Herbert Street", "web_link": null, "category": "other"}}, {"type": "Feature", "geometry": {"type": "Point", "coordinates": [151.986183, -28.036194]}, "properties": {"project_id": 44712, "name": "Allora P-10 State School", "description": "to deliver a new access ramp to Block C", "agency": "Department of Education", "type": "A plan for Queensland\u2019s future", "status": 2, "qld_funding": 100000, "fed_funding": 0, "local_funding": 0, "own_funding": 0, "private_funding": 0, "total_funding": 100000, "region_codes": [319], "region_lga": "Southern Downs Regional", "region_sed": "SOUTHERN DOWNS", "region_sa4": "Darling Downs - Maranoa", "address": "", "web_link": null, "category": "other"}}, {"type": "Feature", "geometry": {"type": "Point", "coordinates": [146.867802, -19.148563]}, "properties": {"project_id": 44713, "name": "Alma Bay Bus Stop", "description": "Working with Townsville City Council and the island\u2019s bus operator to reopen the bus stop at Alma Bay on Magnetic Island.", "agency": "Department of Transport and Main Roads", "type": "A plan for Queensland\u2019s future", "status": 2, "qld_funding": 0, "fed_funding": 0, "local_funding": 0, "own_funding": 0, "private_funding": 0, "total_funding": 0, "region_codes": [314], "region_lga": "Townsville City", "region_sed": "TOWNSVILLE", "region_sa4": "Townsville", "address": "", "web_link": null, "category": "other"}}, {"type": "Feature", "geometry": {"type": "Point", "coordinates": [146.482539, -24.224071]}, "properties": {"project_id": 44714, "name": "Alpha-Tambo Road", "description": "Upgrading the Alpha-Tambo Road for a better drive.", "agency": "Department of Transport and Main Roads", "type": "A plan for Queensland\u2019s future", "status": 2, "qld_funding": 0, "fed_funding": 0, "local_funding": 0, "own_funding": 0, "private_funding": 0, "total_funding": 0, "region_codes": [321], "region_lga": "Barcaldine Regional", "region_sed": "GREGORY", "region_sa4": "Queensland - Outback", "address": "", "web_link": null, "category": "other"}}, {"type": "Feature", "geometry": {"type": "Point", "coordinates": [151.812654, -28.594568]}, "properties": {"project_id": 44715, "name": "Amiens State School", "description": "for multipurpose court upgrades.", "agency": "Department of Education", "type": "A plan for Queensland\u2019s future", "status": 2, "qld_funding": 123000, "fed_funding": 0, "local_funding": 0, "own_funding": 0, "private_funding": 0, "total_funding": 123000, "region_codes": [319], "region_lga": "Southern Downs Regional", "region_sed": "SOUTHERN DOWNS", "region_sa4": "Darling Downs - Maranoa", "address": "1337 Amiens Road, Amiens", "web_link": null, "category": "other"}}, {"type": "Feature", "geometry": {"type": "Point", "coordinates": [146.758218, -19.321201]}, "properties": {"project_id": 44716, "name": "Angus Smith Drive Roundabout", "description": "Delivering upgrades to the Angus Smith Drive roundabout in Douglas to unlock congestion and unlock potential for growth at the university and the hospital.", "agency": "Department of Transport and Main Roads", "type": "A plan for Queensland\u2019s future", "status": 2, "qld_funding": 0, "fed_funding": 0, "local_funding": 0, "own_funding": 0, "private_funding": 0, "total_funding": 0, "region_codes": [314], "region_lga": "Townsville City", "region_sed": "MUNDINGBURRA", "region_sa4": "Townsville", "address": "", "web_link": null, "category": "other"}}, {"type": "Feature", "geometry": {"type": "Point", "coordinates": [152.612664, -27.290839]}, "properties": {"project_id": 44720, "name": "Anti-hooning Measures at Dundas", "description": "Improving community safety and security by installing anti-hooning measures in the Dundas area including raised concrete islands and street lighting.", "agency": "Department of Transport and Main Roads", "type": "A plan for Queensland\u2019s future", "status": 2, "qld_funding": 0, "fed_funding": 0, "local_funding": 0, "own_funding": 0, "private_funding": 0, "total_funding": 0, "region_codes": [310], "region_lga": "Somerset Regional", "region_sed": "NANANGO", "region_sa4": "Ipswich", "address": "", "web_link": null, "category": "other"}}, {"type": "Feature", "geometry": {"type": "Point", "coordinates": [153.19689, -27.53554]}, "properties": {"project_id": 44721, "name": "Anti-motor vehicle theft in Capalaba", "description": "to enhance anti-motor vehicle theft measures in Capalaba.", "agency": "Department of Local Government, Water and Volunteers", "type": "A better lifestyle through a stronger economy", "status": 2, "qld_funding": 600000, "fed_funding": 0, "local_funding": 0, "own_funding": 0, "private_funding": 0, "total_funding": 600000, "region_codes": [316], "region_lga": "Redland City", "region_sed": "CAPALABA", "region_sa4": "Brisbane - East", "address": "", "web_link": null, "category": "other"}}, {"type": "Feature", "geometry": {"type": "Point", "coordinates": [153.27853, -27.5252]}, "properties": {"project_id": 44722, "name": "Anti-motor vehicle theft in Cleveland", "description": "to enhance anti-motor vehicle theft measures in Cleveland", "agency": "Department of Local Government, Water and Volunteers", "type": "A better lifestyle through a stronger economy", "status": 2, "qld_funding": 600000, "fed_funding": 0, "local_funding": 0, "own_funding": 0, "private_funding": 0, "total_funding": 600000, "region_codes": [316], "region_lga": "Redland City", "region_sed": "OODGEROO", "region_sa4": "Brisbane - East", "address": "", "web_link": null, "category": "other"}}, {"type": "Feature", "geometry": {"type": "Point", "coordinates": [152.6961419, -25.5253343]}, "properties": {"project_id": 44723, "name": "Anzac Park lighting and safety upgrade, Maryborough", "description": "to install new LED pedestrian lighting and complete\ncivil works along 2,800m of activity track in Anzac Park,\nMaryborough to improve safety. ", "agency": "Department of Local Government, Water and Volunteers", "type": "A better lifestyle through a stronger economy", "status": 2, "qld_funding": 2700000, "fed_funding": 0, "local_funding": 0, "own_funding": 0, "private_funding": 0, "total_funding": 2700000, "region_codes": [322], "region_lga": "Fraser Coast Regional", "region_sed": "MARYBOROUGH", "region_sa4": "Wide Bay", "address": "Cheapside Street", "web_link": null, "category": "other"}}, {"type": "Feature", "geometry": {"type": "Point", "coordinates": [146.7799, -19.3034]}, "properties": {"project_id": 44724, "name": "Aplins Weir Park, Townsville", "description": "to install a new public toilet at Aplins Weir Park, Townsville including power, water and wastewater to site.", "agency": "Department of Local Government, Water and Volunteers", "type": "A better lifestyle through a stronger economy", "status": 2, "qld_funding": 750000, "fed_funding": 0, "local_funding": 0, "own_funding": 0, "private_funding": 0, "total_funding": 750000, "region_codes": [314], "region_lga": "Townsville City", "region_sed": "MUNDINGBURRA", "region_sa4": "Townsville", "address": "", "web_link": null, "category": "other"}}, {"type": "Feature", "geometry": {"type": "Point", "coordinates": [153.0126461, -27.35835838]}, "properties": {"project_id": 44727, "name": "Aspley Memorial Bowls Club", "description": "towards the installation of a new covered green at the  Aspley Memorial Bowls Club", "agency": "Department of Sport, Racing and Olympic and Paralympic Games", "type": "A plan for Queensland\u2019s future", "status": 2, "qld_funding": 250000, "fed_funding": 0, "local_funding": 0, "own_funding": 0, "private_funding": 0, "total_funding": 250000, "region_codes": [303], "region_lga": "Brisbane City", "region_sed": "ASPLEY", "region_sa4": "Brisbane - North", "address": "", "web_link": null, "category": "other"}}, {"type": "Feature", "geometry": {"type": "Point", "coordinates": [153.0262535, -27.3730992]}, "properties": {"project_id": 44728, "name": "Aspley Scout Group", "description": "to fund accessibility upgrades to Aspley Scout Den such as ramp access and other internal enhancements", "agency": "Department of Sport, Racing and Olympic and Paralympic Games", "type": "A plan for Queensland\u2019s future", "status": 2, "qld_funding": 400000, "fed_funding": 0, "local_funding": 0, "own_funding": 0, "private_funding": 0, "total_funding": 400000, "region_codes": [303], "region_lga": "Brisbane City", "region_sed": "ASPLEY", "region_sa4": "Brisbane - North", "address": "541 ELLISON RD, ASPLEY QLD 4034", "web_link": null, "category": "other"}}, {"type": "Feature", "geometry": {"type": "Point", "coordinates": [145.4824081, -17.26686958]}, "properties": {"project_id": 44729, "name": "Atherton Hospital Ward Refurbishment", "description": "to refurbish ward block with ancillary spaces, staff and patient amenities, as part of the newly uplifted Timely Investment Infrastructure Maintenance program.", "agency": "Queensland Health", "type": "Health services when you need them", "status": 2, "qld_funding": 12864950, "fed_funding": 0, "local_funding": 0, "own_funding": 0, "private_funding": 0, "total_funding": 12864950, "region_codes": [308], "region_lga": "Tablelands Regional", "region_sed": "HILL", "region_sa4": "Cairns", "address": "Cnr Louise & Jack Streets, Atherton, 4883", "web_link": null, "category": "other"}}, {"type": "Feature", "geometry": {"type": "Point", "coordinates": [153.06688, -26.814386]}, "properties": {"project_id": 44730, "name": "Aura Boulevard Safety Improvements", "description": "Working with the community and investing in traffic safety measures along Aura Boulevard to improve road safety and driver education, including four new Speed Awareness Monitoring (SAM) signs to ensure higher driver awareness in the area.", "agency": "Department of Transport and Main Roads", "type": "A plan for Queensland\u2019s future", "status": 2, "qld_funding": 0, "fed_funding": 0, "local_funding": 0, "own_funding": 0, "private_funding": 0, "total_funding": 0, "region_codes": [320], "region_lga": "Sunshine Coast Regional", "region_sed": "CALOUNDRA", "region_sa4": "Sunshine Coast", "address": "", "web_link": null, "category": "other"}}, {"type": "Feature", "geometry": {"type": "Point", "coordinates": [153.335003, -27.990153]}, "properties": {"project_id": 44731, "name": "Aussie Wildlife Limited", "description": "Enhancing community lifestyle and the environment with $25,000 to construct a pond for the Nerang-based charity Aussie Wildlife Limited.", "agency": "Department of Families, Seniors, Disability Services and Child Safety", "type": "A better lifestyle through a stronger economy", "status": 2, "qld_funding": 0, "fed_funding": 0, "local_funding": 0, "own_funding": 0, "private_funding": 0, "total_funding": 0, "region_codes": [309], "region_lga": "Gold Coast City", "region_sed": "GAVEN", "region_sa4": "Gold Coast", "address": "", "web_link": null, "category": "other"}}, {"type": "Feature", "geometry": {"type": "Point", "coordinates": [153.40993216, -28.099192]}, "properties": {"project_id": 44734, "name": "Baby Give Back", "description": "in 2024-25 to Baby Give Back to supercharge their outreach on the Southern Gold Coast to provide donated basics to vulnerable babies and children", "agency": "Department of Families, Seniors, Disability Services and Child Safety", "type": "A better lifestyle through a stronger economy", "status": 2, "qld_funding": 300000, "fed_funding": 0, "local_funding": 0, "own_funding": 0, "private_funding": 0, "total_funding": 300000, "region_codes": [309], "region_lga": "Gold Coast City", "region_sed": "BURLEIGH", "region_sa4": "Gold Coast", "address": "15 JOHN DUNCAN CT, VARSITY LAKES QLD 4227", "web_link": null, "category": "other"}}, {"type": "Feature", "geometry": {"type": "Point", "coordinates": [153.008318, -27.321337]}, "properties": {"project_id": 44739, "name": "Bald Hills Memorial Hall amenities upgrade", "description": "to upgrade the Bald Hills Memorial Hall amenities block to improve accessibility.", "agency": "Department of Local Government, Water and Volunteers", "type": "A better lifestyle through a stronger economy", "status": 2, "qld_funding": 300000, "fed_funding": 0, "local_funding": 0, "own_funding": 0, "private_funding": 0, "total_funding": 300000, "region_codes": [303], "region_lga": "Brisbane City", "region_sed": "ASPLEY", "region_sa4": "Brisbane - North", "address": "", "web_link": null, "category": "other"}}, {"type": "Feature", "geometry": {"type": "Point", "coordinates": [142.3841, -10.89152]}, "properties": {"project_id": 44740, "name": "Bamaga fire and emergency services complex", "description": "for the fire and emergency services complex at Bamaga.", "agency": "Queensland Fire Department", "type": "Safety where you live", "status": 2, "qld_funding": 4900000, "fed_funding": 0, "local_funding": 0, "own_funding": 0, "private_funding": 0, "total_funding": 4900000, "region_codes": [308], "region_lga": "Northern Peninsula Area Regional", "region_sed": "COOK", "region_sa4": "Queensland - Outback", "address": "", "web_link": null, "category": "other"}}, {"type": "Feature", "geometry": {"type": "Point", "coordinates": [145.767155, -16.930457]}, "properties": {"project_id": 44742, "name": "Barlow Park", "description": "Upgrading Barlow Park to deliver legacy infrastructure for the Far North as part of the 2032 Delivery Plan.", "agency": "Department of Sport, Racing and Olympic and Paralympic Games", "type": "A plan for Queensland\u2019s future", "status": 2, "qld_funding": 0, "fed_funding": 0, "local_funding": 0, "own_funding": 0, "private_funding": 0, "total_funding": 0, "region_codes": [308], "region_lga": "Cairns Regional", "region_sed": "CAIRNS", "region_sa4": "Cairns", "address": "", "web_link": null, "category": "other"}}, {"type": "Feature", "geometry": {"type": "Point", "coordinates": [146.7205066, -19.3330767]}, "properties": {"project_id": 44744, "name": "Baseball Association Townsville", "description": "for Jabiru Park baseball field to upgrade lighting and to build female change facilities", "agency": "Department of Sport, Racing and Olympic and Paralympic Games", "type": "A plan for Queensland\u2019s future", "status": 2, "qld_funding": 1575000, "fed_funding": 0, "local_funding": 0, "own_funding": 0, "private_funding": 0, "total_funding": 1575000, "region_codes": [314], "region_lga": "Townsville City", "region_sed": "THURINGOWA", "region_sa4": "Townsville", "address": "37 JABIRU AV, CONDON QLD 4815", "web_link": null, "category": "other"}}, {"type": "Feature", "geometry": {"type": "Point", "coordinates": [152.863602, -25.286773]}, "properties": {"project_id": 44745, "name": "Bayside Transformations", "description": "Supporting recovering addicts with additional support for Bayside Transformations.", "agency": "Department of Local Government, Water and Volunteers", "type": "A better lifestyle through a stronger economy", "status": 2, "qld_funding": 0, "fed_funding": 0, "local_funding": 0, "own_funding": 0, "private_funding": 0, "total_funding": 0, "region_codes": [322], "region_lga": "Fraser Coast Regional", "region_sed": "HERVEY BAY", "region_sa4": "Wide Bay", "address": "", "web_link": null, "category": "other"}}, {"type": "Feature", "geometry": {"type": "Point", "coordinates": [152.998337, -27.9899925]}, "properties": {"project_id": 44746, "name": "Beaudesert Courthouse", "description": "Delivering the replacement of the current Beaudesert\ncourthouse.", "agency": "Department of Justice", "type": "Safety where you live", "status": 2, "qld_funding": 0, "fed_funding": 0, "local_funding": 0, "own_funding": 0, "private_funding": 0, "total_funding": 0, "region_codes": [317], "region_lga": "Scenic Rim Regional", "region_sed": "SCENIC RIM", "region_sa4": "Logan - Beaudesert", "address": "", "web_link": null, "category": "other"}}, {"type": "Feature", "geometry": {"type": "Point", "coordinates": [139.471353, -24.360325]}, "properties": {"project_id": 44747, "name": "Bedourie State School", "description": "for a new accessible amenities building.", "agency": "Department of Education", "type": "A plan for Queensland\u2019s future", "status": 2, "qld_funding": 315000, "fed_funding": 0, "local_funding": 0, "own_funding": 0, "private_funding": 0, "total_funding": 315000, "region_codes": [321], "region_lga": "Diamantina Shire", "region_sed": "GREGORY", "region_sa4": "Queensland - Outback", "address": "Timor Street, Bedourie", "web_link": null, "category": "other"}}, {"type": "Feature", "geometry": {"type": "Point", "coordinates": [153.2013138, -27.71290874]}, "properties": {"project_id": 44750, "name": "Beenleigh Central Station", "description": "to build the new Beenleigh Central Ambulance Station.", "agency": "Queensland Health", "type": "Health services when you need them", "status": 2, "qld_funding": 16500000, "fed_funding": 0, "local_funding": 0, "own_funding": 0, "private_funding": 0, "total_funding": 16500000, "region_codes": [311], "region_lga": "Logan City", "region_sed": "MACALISTER", "region_sa4": "Logan - Beaudesert", "address": "47 York Street, Beenleigh, 4207", "web_link": null, "category": "other"}}, {"type": "Feature", "geometry": {"type": "Point", "coordinates": [153.201411, -27.717172]}, "properties": {"project_id": 44751, "name": "Beenleigh Watchhouse", "description": "Address maintenance issues and upgrade concerns for Beenleigh Watchhouse.", "agency": "Department of Justice", "type": "Safety where you live", "status": 2, "qld_funding": 0, "fed_funding": 0, "local_funding": 0, "own_funding": 0, "private_funding": 0, "total_funding": 0, "region_codes": [311], "region_lga": "Logan City", "region_sed": "MACALISTER", "region_sa4": "Logan - Beaudesert", "address": "", "web_link": null, "category": "other"}}, {"type": "Feature", "geometry": {"type": "Point", "coordinates": [152.96522366572086, -26.858830138077675]}, "properties": {"project_id": 44753, "name": "Beerwah & District Memorial Golf Club", "description": "to deliver a 99-year lease to secure tenure for the Beerwah Golf Club and fund the installation of fairway irrigation", "agency": "Department of Sport, Racing and Olympic and Paralympic Games", "type": "A plan for Queensland\u2019s future", "status": 2, "qld_funding": 225000, "fed_funding": 0, "local_funding": 0, "own_funding": 0, "private_funding": 0, "total_funding": 225000, "region_codes": [320], "region_lga": "Sunshine Coast Regional", "region_sed": "CALOUNDRA", "region_sa4": "Sunshine Coast", "address": "22 BIONDI CR, BEERWAH QLD 4519", "web_link": null, "category": "other"}}, {"type": "Feature", "geometry": {"type": "Point", "coordinates": [152.96757, -26.8640785]}, "properties": {"project_id": 44754, "name": "Beerwah replacement permanent fire and rescue station", "description": "to continue replacement of the permanent fire and rescue station at Beerwah.", "agency": "Queensland Fire Department", "type": "Safety where you live", "status": 2, "qld_funding": 10000000, "fed_funding": 0, "local_funding": 0, "own_funding": 0, "private_funding": 0, "total_funding": 10000000, "region_codes": [320], "region_lga": "Sunshine Coast Regional", "region_sed": "CALOUNDRA", "region_sa4": "Sunshine Coast", "address": "16 CREEK CR, BEERWAH QLD 4519", "web_link": null, "category": "other"}}, {"type": "Feature", "geometry": {"type": "Point", "coordinates": [151.4517449, -26.93389347]}, "properties": {"project_id": 44755, "name": "Bell Town rural fire brigade station", "description": "to commence work to replace the rural fire brigade station at Bell Town", "agency": "Queensland Fire Department", "type": "Safety where you live", "status": 2, "qld_funding": 1000000, "fed_funding": 0, "local_funding": 0, "own_funding": 0, "private_funding": 0, "total_funding": 1000000, "region_codes": [307], "region_lga": "Western Downs Regional", "region_sed": "CALLIDE", "region_sa4": "Darling Downs - Maranoa", "address": null, "web_link": null, "category": "other"}}, {"type": "Feature", "geometry": {"type": "Point", "coordinates": [153.115625, -27.503012]}, "properties": {"project_id": 44756, "name": "Belmont State School", "description": "Delivering a new Block A as part of the $70.68 million School and Education Boost funding, and $40,000 for facility upgrades.", "agency": "Department of Education", "type": "A plan for Queensland\u2019s future", "status": 2, "qld_funding": 0, "fed_funding": 0, "local_funding": 0, "own_funding": 0, "private_funding": 0, "total_funding": 0, "region_codes": [302], "region_lga": "Brisbane City", "region_sed": "CHATSWORTH", "region_sa4": "Brisbane - South", "address": "Old Cleveland Road, Carindale", "web_link": null, "category": "other"}}, {"type": "Feature", "geometry": {"type": "Point", "coordinates": [153.108765, -27.939952]}, "properties": {"project_id": 44757, "name": "Biddaddaba rural fire brigade station", "description": "for the upgrade of the rural fire brigade station at Biddaddaba.", "agency": "Queensland Fire Department", "type": "Safety where you live", "status": 2, "qld_funding": 1000000, "fed_funding": 0, "local_funding": 0, "own_funding": 0, "private_funding": 0, "total_funding": 1000000, "region_codes": [317], "region_lga": "Scenic Rim Regional", "region_sed": "SCENIC RIM", "region_sa4": "Gold Coast", "address": "69 FOUR MILE LANE, BOYLAND QLD 4275", "web_link": null, "category": "other"}}, {"type": "Feature", "geometry": {"type": "Point", "coordinates": [152.0440929, -25.51366248]}, "properties": {"project_id": 44758, "name": "Biggenden Rural Fire Brigade Station", "description": "for the upgrade of the rural fire brigade station at\nBiggenden.", "agency": "Queensland Fire Department", "type": "Safety where you live", "status": 2, "qld_funding": 800000, "fed_funding": 0, "local_funding": 0, "own_funding": 0, "private_funding": 0, "total_funding": 800000, "region_codes": [322], "region_lga": "North Burnett Regional", "region_sed": "CALLIDE", "region_sa4": "Wide Bay", "address": "22 GEORGE ST, BIGGENDEN QLD 4621", "web_link": null, "category": "other"}}, {"type": "Feature", "geometry": {"type": "Point", "coordinates": [150.5177, -24.396]}, "properties": {"project_id": 44759, "name": "Biloela Hospital", "description": "Progression of the planning stage for the Biloela Hospital as part of the Hospital Rescue Plan.", "agency": "Queensland Health", "type": "Health services when you need them", "status": 2, "qld_funding": 0, "fed_funding": 0, "local_funding": 0, "own_funding": 0, "private_funding": 0, "total_funding": 0, "region_codes": [306], "region_lga": "Banana Shire", "region_sed": "CALLIDE", "region_sa4": "Central Queensland", "address": "2 Hospital Road, Biloela, 4715", "web_link": null, "category": "other"}}, {"type": "Feature", "geometry": {"type": "Point", "coordinates": [150.5176691, -24.396049]}, "properties": {"project_id": 44760, "name": "Biloela Staff Accommodation Replacement", "description": "Staff accommodation will be replaced in Biloela providing appropriate, safe, and fit-for-purpose accommodation, as part of the Hospital Rescue Plan.", "agency": "Queensland Health", "type": "Health services when you need them", "status": 2, "qld_funding": 0, "fed_funding": 0, "local_funding": 0, "own_funding": 0, "private_funding": 0, "total_funding": 0, "region_codes": [306], "region_lga": "Banana Shire", "region_sed": "CALLIDE", "region_sa4": "Central Queensland", "address": "2 Hospital Road, Biloela, 4715", "web_link": null, "category": "other"}}, {"type": "Feature", "geometry": {"type": "Point", "coordinates": [153.324512, -27.926266]}, "properties": {"project_id": 44761, "name": "Binstead Way and Pacific Pines Boulevard Intersection", "description": "Investigating options to redesign the Binstead Way and Pacific Pines Boulevard intersection.", "agency": "Department of Transport and Main Roads", "type": "A plan for Queensland\u2019s future", "status": 2, "qld_funding": 0, "fed_funding": 0, "local_funding": 0, "own_funding": 0, "private_funding": 0, "total_funding": 0, "region_codes": [309], "region_lga": "Gold Coast City", "region_sed": "GAVEN", "region_sa4": "Gold Coast", "address": "", "web_link": null, "category": "other"}}, {"type": "Feature", "geometry": {"type": "Point", "coordinates": [153.212623, -27.505887]}, "properties": {"project_id": 44764, "name": "Birkdale South State School", "description": "Delivering new amenities, as part of the $70.68 million School and Education Boost funding.", "agency": "Department of Education", "type": "A plan for Queensland\u2019s future", "status": 2, "qld_funding": 0, "fed_funding": 0, "local_funding": 0, "own_funding": 0, "private_funding": 0, "total_funding": 0, "region_codes": [316], "region_lga": "Redland City", "region_sed": "CAPALABA", "region_sa4": "Brisbane - East", "address": "451 Old Cleveland Road East, Birkdale", "web_link": null, "category": "other"}}, {"type": "Feature", "geometry": {"type": "Point", "coordinates": [150.52867901, -23.33584984]}, "properties": {"project_id": 44766, "name": "Bluebirds United Football Club", "description": "for upgrades including improved disability access, a canteen, toilet facilities and changerooms", "agency": "Department of Sport, Racing and Olympic and Paralympic Games", "type": "A plan for Queensland\u2019s future", "status": 2, "qld_funding": 900000, "fed_funding": 0, "local_funding": 0, "own_funding": 0, "private_funding": 0, "total_funding": 900000, "region_codes": [306], "region_lga": "Rockhampton Regional", "region_sed": "KEPPEL", "region_sa4": "Central Queensland", "address": "407-417 RICHARDSON RD, NORMAN GARDENS QLD 4701", "web_link": null, "category": "other"}}, {"type": "Feature", "geometry": {"type": "Point", "coordinates": [144.2702498, -26.6131488]}, "properties": {"project_id": 44767, "name": "Bob Young Memorial Park upgrade \u2013 Quilpie", "description": "to support Quilpie Shire Council to upgrade Bob Young Memorial Park with stone paving around the memorial and landscaping improvements across the site. Part of the permanent Works for Queensland Program.", "agency": "Department of Local Government, Water and Volunteers", "type": "A better lifestyle through a stronger economy", "status": 2, "qld_funding": 450000, "fed_funding": 0, "local_funding": 0, "own_funding": 0, "private_funding": 0, "total_funding": 450000, "region_codes": [318], "region_lga": "Quilpie Shire", "region_sed": "WARREGO", "region_sa4": "Queensland - Outback", "address": "21 Brolga Street", "web_link": null, "category": "other"}}, {"type": "Feature", "geometry": {"type": "Point", "coordinates": [152.6767, -27.9994]}, "properties": {"project_id": 44768, "name": "Boonah Hospital", "description": "Progression of the planning stage for the Boonah Hospital as part of the Hospital Rescue Plan.", "agency": "Queensland Health", "type": "Health services when you need them", "status": 2, "qld_funding": 0, "fed_funding": 0, "local_funding": 0, "own_funding": 0, "private_funding": 0, "total_funding": 0, "region_codes": [317], "region_lga": "Scenic Rim Regional", "region_sed": "SCENIC RIM", "region_sa4": "Ipswich", "address": "11-17 Leonard Street, Boonah, 4310", "web_link": null, "category": "other"}}, {"type": "Feature", "geometry": {"type": "Point", "coordinates": [152.68097, -27.99639]}, "properties": {"project_id": 44769, "name": "Boonah replacement auxiliary fire and rescue station", "description": "for the replacement of the auxiliary fire and rescue station at Boonah.", "agency": "Queensland Fire Department", "type": "Safety where you live", "status": 2, "qld_funding": 4000000, "fed_funding": 0, "local_funding": 0, "own_funding": 0, "private_funding": 0, "total_funding": 4000000, "region_codes": [317], "region_lga": "Scenic Rim Regional", "region_sed": "SCENIC RIM", "region_sa4": "Ipswich", "address": null, "web_link": null, "category": "other"}}, {"type": "Feature", "geometry": {"type": "Point", "coordinates": [153.0536443, -27.34993768]}, "properties": {"project_id": 44770, "name": "Boondall police facility upgrade", "description": "Update", "agency": "Queensland Police Service", "type": "Safety where you live", "status": 2, "qld_funding": 52000000, "fed_funding": 0, "local_funding": 0, "own_funding": 0, "private_funding": 0, "total_funding": 52000000, "region_codes": [303], "region_lga": "Brisbane City", "region_sed": "NUDGEE", "region_sa4": "Brisbane - North", "address": "149 MULLER RD, BOONDALL QLD 4034", "web_link": null, "category": "other"}}, {"type": "Feature", "geometry": {"type": "Point", "coordinates": [153.046931, -27.368753]}, "properties": {"project_id": 44772, "name": "Boosting Local Public Transport", "description": "Delivering additional east-west feeder bus services to take commuters to Geebung Station and the nearby shops particularly along Albany Creek and Robinson roads", "agency": "Department of Transport and Main Roads", "type": "A plan for Queensland\u2019s future", "status": 2, "qld_funding": 0, "fed_funding": 0, "local_funding": 0, "own_funding": 0, "private_funding": 0, "total_funding": 0, "region_codes": [303], "region_lga": "Brisbane City", "region_sed": "ASPLEY", "region_sa4": "Brisbane - North", "address": null, "web_link": null, "category": "other"}}, {"type": "Feature", "geometry": {"type": "Point", "coordinates": [146.3349897, -18.5257106]}, "properties": {"project_id": 44773, "name": "Borello Park upgrades, Lucinda", "description": "to plan and design Borello Park redevelopment, including playground replacement and reprofiling to protect against sea level rise inundation. ", "agency": "Department of Local Government, Water and Volunteers", "type": "A better lifestyle through a stronger economy", "status": 2, "qld_funding": 50000, "fed_funding": 0, "local_funding": 0, "own_funding": 0, "private_funding": 0, "total_funding": 50000, "region_codes": [314], "region_lga": "Hinchinbrook Shire", "region_sed": "HINCHINBROOK", "region_sa4": "Townsville", "address": "80 Bruce Parade", "web_link": null, "category": "other"}}, {"type": "Feature", "geometry": {"type": "Point", "coordinates": [152.5833615, -26.50650397]}, "properties": {"project_id": 44774, "name": "Borumba Pumped Hydro Energy Storage", "description": "Progressing early works for the Borumba Pumped Hydro Project, in line with the government's commitment to smaller, more manageable pumped hydro projects.", "agency": "Queensland Hydro", "type": "A better lifestyle through a stronger economy", "status": 2, "qld_funding": 0, "fed_funding": 0, "local_funding": 0, "own_funding": 0, "private_funding": 0, "total_funding": 0, "region_codes": [322], "region_lga": "Gympie Regional", "region_sed": "GYMPIE", "region_sa4": "Wide Bay", "address": "1484 YABBA CREEK RD, LAKE BORUMBA QLD 4570", "web_link": null, "category": "other"}}, {"type": "Feature", "geometry": {"type": "Point", "coordinates": [148.5721637, -20.4042131]}, "properties": {"project_id": 44775, "name": "Bowen and Proserpine Pool solar and shade upgrades", "description": "to support Whitsunday Regional Council to install solar systems and new shade structures at the Bowen and Proserpine Town Pools. Part of the permanent Works for Queensland Program.", "agency": "Department of Local Government, Water and Volunteers", "type": "A better lifestyle through a stronger economy", "status": 2, "qld_funding": 750000, "fed_funding": 0, "local_funding": 0, "own_funding": 0, "private_funding": 0, "total_funding": 750000, "region_codes": [312], "region_lga": "Whitsunday Regional", "region_sed": "WHITSUNDAY", "region_sa4": "Mackay - Isaac - Whitsunday", "address": "55 anzac road", "web_link": null, "category": "other"}}, {"type": "Feature", "geometry": {"type": "Point", "coordinates": [148.253045, -20.016243]}, "properties": {"project_id": 44776, "name": "Bowen Boat Harbour", "description": "Improving marine and fishing access by delivering the Bowen Boat Harbour Master Plan and Bowen Jetty", "agency": "Department of Transport and Main Roads", "type": "A plan for Queensland\u2019s future", "status": 2, "qld_funding": 0, "fed_funding": 0, "local_funding": 0, "own_funding": 0, "private_funding": 0, "total_funding": 0, "region_codes": [312], "region_lga": "Whitsunday Regional", "region_sed": "BURDEKIN", "region_sa4": "Mackay - Isaac - Whitsunday", "address": "", "web_link": null, "category": "other"}}, {"type": "Feature", "geometry": {"type": "Point", "coordinates": [148.2507917, -20.00817123]}, "properties": {"project_id": 44777, "name": "Bowen Seagulls Junior Rugby League", "description": "for lighting at Denison Park", "agency": "Department of Sport, Racing and Olympic and Paralympic Games", "type": "A plan for Queensland\u2019s future", "status": 2, "qld_funding": 250000, "fed_funding": 0, "local_funding": 0, "own_funding": 0, "private_funding": 0, "total_funding": 250000, "region_codes": [312], "region_lga": "Whitsunday Regional", "region_sed": "BURDEKIN", "region_sa4": "Mackay - Isaac - Whitsunday", "address": "", "web_link": null, "category": "other"}}, {"type": "Feature", "geometry": {"type": "Point", "coordinates": [153.04215116, -27.32134508]}, "properties": {"project_id": 44778, "name": "Bracken Ridge District Cricket Club", "description": "to complete the Design Phase for a new clubhouse for the club at McPherson Park", "agency": "Department of Sport, Racing and Olympic and Paralympic Games", "type": "A plan for Queensland\u2019s future", "status": 2, "qld_funding": 100000, "fed_funding": 0, "local_funding": 0, "own_funding": 0, "private_funding": 0, "total_funding": 100000, "region_codes": [303], "region_lga": "Brisbane City", "region_sed": "SANDGATE", "region_sa4": "Brisbane - North", "address": "146 DENHAM ST, BRACKEN RIDGE QLD 4017", "web_link": null, "category": "other"}}, {"type": "Feature", "geometry": {"type": "Point", "coordinates": [153.097837, -27.25597811]}, "properties": {"project_id": 44780, "name": "Bramble Bay Bowls And Recreation Club", "description": "for a shade cover and artificial greens", "agency": "Department of Sport, Racing and Olympic and Paralympic Games", "type": "A plan for Queensland\u2019s future", "status": 2, "qld_funding": 1000000, "fed_funding": 0, "local_funding": 0, "own_funding": 0, "private_funding": 0, "total_funding": 1000000, "region_codes": [313], "region_lga": "Moreton Bay City", "region_sed": "REDCLIFFE", "region_sa4": "Moreton Bay - North", "address": "", "web_link": null, "category": "other"}}, {"type": "Feature", "geometry": {"type": "Point", "coordinates": [153.1261633, -27.0788092]}, "properties": {"project_id": 44782, "name": "Bribie District Branch Little Athletics Centre", "description": "to deliver a brand new PA system", "agency": "Department of Sport, Racing and Olympic and Paralympic Games", "type": "A plan for Queensland\u2019s future", "status": 2, "qld_funding": 19410, "fed_funding": 0, "local_funding": 0, "own_funding": 0, "private_funding": 0, "total_funding": 19410, "region_codes": [313], "region_lga": "Moreton Bay City", "region_sed": "PUMICESTONE", "region_sa4": "Moreton Bay - North", "address": "319-323 BESTMANN RD, GODWIN BEACH QLD 4511", "web_link": null, "category": "other"}}, {"type": "Feature", "geometry": {"type": "Point", "coordinates": [153.13178517462154, -26.82514239501718]}, "properties": {"project_id": 44783, "name": "Bribie Island Breakthrough Action Plan", "description": " to implement 4 urgent solutions to address erosion issues on Bribie Island and the impacts of the breakthrough on the Pumicestone Passage.", "agency": "Department of State Development, Infrastructure and Planning", "type": "A better lifestyle through a stronger economy", "status": 2, "qld_funding": 20000000, "fed_funding": 0, "local_funding": 0, "own_funding": 0, "private_funding": 0, "total_funding": 20000000, "region_codes": [320], "region_lga": "Sunshine Coast Regional", "region_sed": "PUMICESTONE", "region_sa4": "Moreton Bay - North", "address": null, "web_link": null, "category": "other"}}, {"type": "Feature", "geometry": {"type": "Point", "coordinates": [153.1774944, -27.0799735]}, "properties": {"project_id": 44785, "name": "Bribie Island Movement And Strength Club", "description": "to expand the Bribie Island Strength and Movement Club.", "agency": "Department of Sport, Racing and Olympic and Paralympic Games", "type": "A plan for Queensland\u2019s future", "status": 2, "qld_funding": 920000, "fed_funding": 0, "local_funding": 0, "own_funding": 0, "private_funding": 0, "total_funding": 920000, "region_codes": [313], "region_lga": "Moreton Bay City", "region_sed": "PUMICESTONE", "region_sa4": "Moreton Bay - North", "address": "156A-206A FIRST AV, BONGAREE QLD 4507", "web_link": null, "category": "other"}}, {"type": "Feature", "geometry": {"type": "Point", "coordinates": [153.15290852, -27.06427679]}, "properties": {"project_id": 44786, "name": "Bribie Island Neighbourhood Centre ", "description": "total spend to complete the redevelopment of Bribie Island Neighbourhood Centre.", "agency": "Department of Families, Seniors, Disability Services and Child Safety", "type": "A better lifestyle through a stronger economy", "status": 2, "qld_funding": 4700000, "fed_funding": 0, "local_funding": 0, "own_funding": 0, "private_funding": 0, "total_funding": 4700000, "region_codes": [313], "region_lga": "Moreton Bay City", "region_sed": "PUMICESTONE", "region_sa4": "Moreton Bay - North", "address": "9 VERDONI ST, BELLARA QLD 4507", "web_link": null, "category": "other"}}, {"type": "Feature", "geometry": {"type": "Point", "coordinates": [152.98388, -27.088117]}, "properties": {"project_id": 44787, "name": "Bribie Island Road Pathway", "description": "Delivering a 1.3km footpath between Bribie Island Road and Beachmere Road.", "agency": "Department of Local Government, Water and Volunteers", "type": "A better lifestyle through a stronger economy", "status": 2, "qld_funding": 0, "fed_funding": 0, "local_funding": 0, "own_funding": 0, "private_funding": 0, "total_funding": 0, "region_codes": [313], "region_lga": "Moreton Bay City", "region_sed": "PUMICESTONE", "region_sa4": "Moreton Bay - North", "address": "", "web_link": null, "category": "other"}}, {"type": "Feature", "geometry": {"type": "Point", "coordinates": [153.20468849, -27.06973942]}, "properties": {"project_id": 44788, "name": "Bribie Island Surf Life Saving Club", "description": "for a major expansion of the Bribie Island Surf Club to provide a new function space and commercial kitchen", "agency": "Department of Sport, Racing and Olympic and Paralympic Games", "type": "A plan for Queensland\u2019s future", "status": 2, "qld_funding": 2000000, "fed_funding": 0, "local_funding": 0, "own_funding": 0, "private_funding": 0, "total_funding": 2000000, "region_codes": [313], "region_lga": "Moreton Bay City", "region_sed": "PUMICESTONE", "region_sa4": "Moreton Bay - North", "address": "2 FIRST AV, WOORIM QLD 4507", "web_link": null, "category": "other"}}, {"type": "Feature", "geometry": {"type": "Point", "coordinates": [150.75083, -26.91778]}, "properties": {"project_id": 44789, "name": "Brigalow Gas Peaking Plant", "description": "Progressing the 400 megawatt Brigalow Gas Peaking Plant near Chinchilla.", "agency": "CS Energy Limited", "type": "A better lifestyle through a stronger economy", "status": 2, "qld_funding": 0, "fed_funding": 0, "local_funding": 0, "own_funding": 0, "private_funding": 0, "total_funding": 0, "region_codes": [307], "region_lga": "Western Downs Regional", "region_sed": "CALLIDE", "region_sa4": "Darling Downs - Maranoa", "address": "", "web_link": null, "category": "other"}}, {"type": "Feature", "geometry": {"type": "Point", "coordinates": [153.027198, -27.459289]}, "properties": {"project_id": 44791, "name": "Brisbane Central State School", "description": "to purchase tuckshop equipment", "agency": "Department of Education", "type": "A plan for Queensland\u2019s future", "status": 2, "qld_funding": 10000, "fed_funding": 0, "local_funding": 0, "own_funding": 0, "private_funding": 0, "total_funding": 10000, "region_codes": [301], "region_lga": "Brisbane City", "region_sed": "McCONNEL", "region_sa4": "Brisbane Inner City", "address": "85 Rogers Street, Spring Hill", "web_link": null, "category": "other"}}, {"type": "Feature", "geometry": {"type": "Point", "coordinates": [152.485931, -27.26332]}, "properties": {"project_id": 44793, "name": "Brisbane Valley Highway", "description": "Upgrades to the Brisbane Valley Highway between Esk and Blacksoil, to improve safety and access, including road pavement treatments", "agency": "Department of Transport and Main Roads", "type": "A plan for Queensland\u2019s future", "status": 2, "qld_funding": 0, "fed_funding": 0, "local_funding": 0, "own_funding": 0, "private_funding": 0, "total_funding": 0, "region_codes": [310], "region_lga": "Somerset Regional", "region_sed": "NANANGO", "region_sa4": "Ipswich", "address": "", "web_link": null, "category": "other"}}, {"type": "Feature", "geometry": {"type": "Point", "coordinates": [151.878666, -28.655515]}, "properties": {"project_id": 44794, "name": "Broadwater State School", "description": "for multipurpose court upgrades.", "agency": "Department of Education", "type": "A plan for Queensland\u2019s future", "status": 2, "qld_funding": 392000, "fed_funding": 0, "local_funding": 0, "own_funding": 0, "private_funding": 0, "total_funding": 392000, "region_codes": [319], "region_lga": "Southern Downs Regional", "region_sed": "SOUTHERN DOWNS", "region_sa4": "Darling Downs - Maranoa", "address": "638 Texas Road, Broadwater", "web_link": null, "category": "other"}}, {"type": "Feature", "geometry": {"type": "Point", "coordinates": [152.9126473, -27.4933215]}, "properties": {"project_id": 44795, "name": "Brookfield Horse & Pony Club", "description": "for club infrastructure and equipment upgrades", "agency": "Department of Sport, Racing and Olympic and Paralympic Games", "type": "A plan for Queensland\u2019s future", "status": 2, "qld_funding": 50000, "fed_funding": 0, "local_funding": 0, "own_funding": 0, "private_funding": 0, "total_funding": 50000, "region_codes": [305], "region_lga": "Brisbane City", "region_sed": "MOGGILL", "region_sa4": "Brisbane - West", "address": "550 BROOKFIELD RD, BROOKFIELD QLD 4069", "web_link": null, "category": "other"}}, {"type": "Feature", "geometry": {"type": "Point", "coordinates": [152.911637, -27.494062]}, "properties": {"project_id": 44796, "name": "Brookfield Showground", "description": "Delivering vital infrastructure upgrades at Brookfield Showground", "agency": "Department of Local Government, Water and Volunteers", "type": "A better lifestyle through a stronger economy", "status": 2, "qld_funding": 0, "fed_funding": 0, "local_funding": 0, "own_funding": 0, "private_funding": 0, "total_funding": 0, "region_codes": [305], "region_lga": "Brisbane City", "region_sed": "MOGGILL", "region_sa4": "Brisbane - West", "address": null, "web_link": null, "category": "other"}}, {"type": "Feature", "geometry": {"type": "Point", "coordinates": [145.7471766, -16.9065502]}, "properties": {"project_id": 44797, "name": "Brothers Rugby League Football Club (Cairns)", "description": "for the Manunda sports precinct redevelopment by adding extra change rooms and lighting upgrades", "agency": "Department of Sport, Racing and Olympic and Paralympic Games", "type": "A plan for Queensland\u2019s future", "status": 2, "qld_funding": 6000000, "fed_funding": 0, "local_funding": 0, "own_funding": 0, "private_funding": 0, "total_funding": 6000000, "region_codes": [308], "region_lga": "Cairns Regional", "region_sed": "CAIRNS", "region_sa4": "Cairns", "address": "46-64 BEHAN ST, MANUNDA QLD 4870", "web_link": null, "category": "other"}}, {"type": "Feature", "geometry": {"type": "Point", "coordinates": [150.501799, -23.376686]}, "properties": {"project_id": 44798, "name": "Browne Park Redevelopment", "description": "Delivering the Browne Park redevelopment to provide a modern, fit-for-purpose, major facility to service the region", "agency": "Department of Sport, Racing and Olympic and Paralympic Games", "type": "A plan for Queensland\u2019s future", "status": 2, "qld_funding": 0, "fed_funding": 0, "local_funding": 0, "own_funding": 0, "private_funding": 0, "total_funding": 0, "region_codes": [306], "region_lga": "Rockhampton Regional", "region_sed": "ROCKHAMPTON", "region_sa4": "Central Queensland", "address": "", "web_link": null, "category": "other"}}, {"type": "Feature", "geometry": {"type": "Point", "coordinates": [145.935959, -17.962715]}, "properties": {"project_id": 44800, "name": "Bruce Highway (Ingham-Innisfail)", "description": "Delivering a floodway at Dallachy Road on the Bruce Highway (Ingham - Innisfail), jointly funded with the Australian Government.", "agency": "Department of Transport and Main Roads", "type": "A plan for Queensland\u2019s future", "status": 2, "qld_funding": 0, "fed_funding": 0, "local_funding": 0, "own_funding": 0, "private_funding": 0, "total_funding": 0, "region_codes": [308], "region_lga": "Cassowary Coast Regional", "region_sed": "HINCHINBROOK", "region_sa4": "Cairns", "address": "", "web_link": null, "category": "other"}}, {"type": "Feature", "geometry": {"type": "Point", "coordinates": [150.507246, -23.372019]}, "properties": {"project_id": 44801, "name": "Bruce Highway and Bolsover Street intersection", "description": "Upgrading the intersection at Bruce Highway and Bolsover Street, jointly funded with the Australian Government.", "agency": "Department of Transport and Main Roads", "type": "A plan for Queensland\u2019s future", "status": 2, "qld_funding": 0, "fed_funding": 0, "local_funding": 0, "own_funding": 0, "private_funding": 0, "total_funding": 0, "region_codes": [306], "region_lga": "Rockhampton Regional", "region_sed": "ROCKHAMPTON", "region_sa4": "Central Queensland", "address": "", "web_link": null, "category": "other"}}, {"type": "Feature", "geometry": {"type": "Point", "coordinates": [152.583072, -25.727536]}, "properties": {"project_id": 44802, "name": "Bruce Highway upgrades around Maryborough", "description": "Delivering an overhaul of the intersection of the Bruce Highway\nand Walker Street and a new Tiaro Bypass.", "agency": "Department of Transport and Main Roads", "type": "A plan for Queensland\u2019s future", "status": 2, "qld_funding": 0, "fed_funding": 0, "local_funding": 0, "own_funding": 0, "private_funding": 0, "total_funding": 0, "region_codes": [322], "region_lga": "Fraser Coast Regional", "region_sed": "MARYBOROUGH", "region_sa4": "Wide Bay", "address": "", "web_link": null, "category": "other"}}, {"type": "Feature", "geometry": {"type": "Point", "coordinates": [153.133162, -26.702191]}, "properties": {"project_id": 44804, "name": "Buddina State School", "description": "to install new AV equipment or air-conditioning in school hall, as part of shared funding across Kawana state electorate", "agency": "Department of Education", "type": "A plan for Queensland\u2019s future", "status": 2, "qld_funding": 166000, "fed_funding": 0, "local_funding": 0, "own_funding": 0, "private_funding": 0, "total_funding": 166000, "region_codes": [320], "region_lga": "Sunshine Coast Regional", "region_sed": "KAWANA", "region_sa4": "Sunshine Coast", "address": "Cnr Tumut Street & Iluka Avenue, Buddina", "web_link": null, "category": "other"}}, {"type": "Feature", "geometry": {"type": "Point", "coordinates": [153.0427, -27.497171]}, "properties": {"project_id": 44807, "name": "Buranda State School", "description": "to deliver additional classrooms", "agency": "Department of Education", "type": "A plan for Queensland\u2019s future", "status": 2, "qld_funding": 35000000, "fed_funding": 0, "local_funding": 0, "own_funding": 0, "private_funding": 0, "total_funding": 35000000, "region_codes": [301], "region_lga": "Brisbane City", "region_sed": "SOUTH BRISBANE", "region_sa4": "Brisbane - South", "address": "24 Cowley Street, Woolloongabba", "web_link": null, "category": "other"}}, {"type": "Feature", "geometry": {"type": "Point", "coordinates": [139.4489306, -17.8001336]}, "properties": {"project_id": 44810, "name": "Burketown Industrial Estate planning and design", "description": "to support Burke Shire Council to design the subdivision and development of seven industrial lots at the Burketown Industrial Estate.", "agency": "Department of Local Government, Water and Volunteers", "type": "A better lifestyle through a stronger economy", "status": 2, "qld_funding": 519760, "fed_funding": 0, "local_funding": 0, "own_funding": 0, "private_funding": 0, "total_funding": 519760, "region_codes": [315], "region_lga": "Burke Shire", "region_sed": "TRAEGER", "region_sa4": "Queensland - Outback", "address": "Wills Development Road", "web_link": null, "category": "other"}}, {"type": "Feature", "geometry": {"type": "Point", "coordinates": [153.459019, -28.092571]}, "properties": {"project_id": 44811, "name": "Burleigh Heads National Park", "description": "Protecting our environment with $630,000 to tackle pest and weed problems at Burleigh Heads National Park.", "agency": "Department of the Environment, Tourism, Science and Innovation", "type": "A plan for Queensland\u2019s future", "status": 2, "qld_funding": 0, "fed_funding": 0, "local_funding": 0, "own_funding": 0, "private_funding": 0, "total_funding": 0, "region_codes": [309], "region_lga": "Gold Coast City", "region_sed": "BURLEIGH", "region_sa4": "Gold Coast", "address": "", "web_link": null, "category": "other"}}, {"type": "Feature", "geometry": {"type": "Point", "coordinates": [153.449399, -28.086874]}, "properties": {"project_id": 44813, "name": "Burleigh Heads State School", "description": "Upgrades to the school hall, and outdoor play and learning spaces, as part of the $70.68 million School and Education Boost funding", "agency": "Department of Education", "type": "A plan for Queensland\u2019s future", "status": 2, "qld_funding": 0, "fed_funding": 0, "local_funding": 0, "own_funding": 0, "private_funding": 0, "total_funding": 0, "region_codes": [309], "region_lga": "Gold Coast City", "region_sed": "BURLEIGH", "region_sa4": "Gold Coast", "address": "Lower Gold Coast Highway, Burleigh Heads", "web_link": null, "category": "other"}}, {"type": "Feature", "geometry": {"type": "Point", "coordinates": [153.4532502, -28.08906186]}, "properties": {"project_id": 44814, "name": "Burleigh Heads-Mowbray Park Surf Life Saving Club", "description": "to clear historic infrastructure fees", "agency": "Department of Sport, Racing and Olympic and Paralympic Games", "type": "A plan for Queensland\u2019s future", "status": 2, "qld_funding": 30000, "fed_funding": 0, "local_funding": 0, "own_funding": 0, "private_funding": 0, "total_funding": 30000, "region_codes": [309], "region_lga": "Gold Coast City", "region_sed": "BURLEIGH", "region_sa4": "Gold Coast", "address": "", "web_link": null, "category": "other"}}, {"type": "Feature", "geometry": {"type": "Point", "coordinates": [152.9660624, -27.15664739]}, "properties": {"project_id": 44815, "name": "Burpengary Junior Rugby League Football Club", "description": "to upgrade the Burpengary Jets playing fields", "agency": "Department of Sport, Racing and Olympic and Paralympic Games", "type": "A plan for Queensland\u2019s future", "status": 2, "qld_funding": 500000, "fed_funding": 0, "local_funding": 0, "own_funding": 0, "private_funding": 0, "total_funding": 500000, "region_codes": [313], "region_lga": "Moreton Bay City", "region_sed": "KURWONGBAH", "region_sa4": "Moreton Bay - North", "address": "", "web_link": null, "category": "other"}}, {"type": "Feature", "geometry": {"type": "Point", "coordinates": [152.56674398, -25.32172131]}, "properties": {"project_id": 44816, "name": "Burrum and District Community Men's Shed (Howard)", "description": "towards new tools and equipment for the Howard Men's Shed", "agency": "Department of Families, Seniors, Disability Services and Child Safety", "type": "A better lifestyle through a stronger economy", "status": 2, "qld_funding": 22000, "fed_funding": 0, "local_funding": 0, "own_funding": 0, "private_funding": 0, "total_funding": 22000, "region_codes": [322], "region_lga": "Fraser Coast Regional", "region_sed": "MARYBOROUGH", "region_sa4": "Wide Bay", "address": "16 STELEY ST, HOWARD QLD 4659", "web_link": null, "category": "other"}}, {"type": "Feature", "geometry": {"type": "Point", "coordinates": [152.9637094, -27.0801444]}, "properties": {"project_id": 44818, "name": "Caboolture Hospital - Mental Health Intensive Care Unit - Beds", "description": "Deliver additional high dependency mental health beds, seclusion room and external courtyard at Caboolture Hospital.", "agency": "Queensland Health", "type": "Health services when you need them", "status": 2, "qld_funding": 0, "fed_funding": 0, "local_funding": 0, "own_funding": 0, "private_funding": 0, "total_funding": 0, "region_codes": [313], "region_lga": "Moreton Bay City", "region_sed": "MORAYFIELD", "region_sa4": "Moreton Bay - North", "address": "Mckean Street, Caboolture, 4510", "web_link": null, "category": "other"}}, {"type": "Feature", "geometry": {"type": "Point", "coordinates": [152.9637094, -27.0801444]}, "properties": {"project_id": 44819, "name": "Caboolture Hospital - Paediatric Outpatients area build", "description": "to build a dedicated Paediatric Outpatients area at Caboolture Hospital.", "agency": "Queensland Health", "type": "Health services when you need them", "status": 2, "qld_funding": 15013962, "fed_funding": 0, "local_funding": 0, "own_funding": 0, "private_funding": 0, "total_funding": 15013962, "region_codes": [313], "region_lga": "Moreton Bay City", "region_sed": "MORAYFIELD", "region_sa4": "Moreton Bay - North", "address": "Mckean Street, Caboolture, 4510", "web_link": null, "category": "other"}}, {"type": "Feature", "geometry": {"type": "Point", "coordinates": [152.9637094, -27.0801444]}, "properties": {"project_id": 44820, "name": "Caboolture Hospital Redevelopment (Stage 1)", "description": "to redevelop the Caboolture Hospital to support an additional 130 beds and refurbishment of critical clinical support services.", "agency": "Queensland Health", "type": "Health services when you need them", "status": 2, "qld_funding": 367700025, "fed_funding": 0, "local_funding": 0, "own_funding": 0, "private_funding": 0, "total_funding": 367700025, "region_codes": [313], "region_lga": "Moreton Bay City", "region_sed": "MORAYFIELD", "region_sa4": "Moreton Bay - North", "address": "Mckean Street, Caboolture, 4510", "web_link": null, "category": "other"}}, {"type": "Feature", "geometry": {"type": "Point", "coordinates": [145.7673199, -16.9114952]}, "properties": {"project_id": 44822, "name": "Cairns Adolescent Mental Health Inpatient Services", "description": "to deliver Adolescent and Young Adults mental health acute beds as part of the Hospital Rescue Plan.", "agency": "Queensland Health", "type": "Health services when you need them", "status": 2, "qld_funding": 19000000, "fed_funding": 0, "local_funding": 0, "own_funding": 0, "private_funding": 0, "total_funding": 19000000, "region_codes": [308], "region_lga": "Cairns Regional", "region_sed": "CAIRNS", "region_sa4": "Cairns", "address": "165 The Esplanade, Cairns, 4870", "web_link": null, "category": "other"}}, {"type": "Feature", "geometry": {"type": "Point", "coordinates": [145.751, -16.91317]}, "properties": {"project_id": 44823, "name": "Cairns fire communications centre replacement", "description": "to deliver the replacement of the Fire Communications Centre at Cairns.", "agency": "Queensland Fire Department", "type": "Safety where you live", "status": 2, "qld_funding": 8500000, "fed_funding": 0, "local_funding": 0, "own_funding": 0, "private_funding": 0, "total_funding": 8500000, "region_codes": [308], "region_lga": "Cairns Regional", "region_sed": "CAIRNS", "region_sa4": "Cairns", "address": "", "web_link": null, "category": "other"}}, {"type": "Feature", "geometry": {"type": "Point", "coordinates": [145.7673199, -16.9114952]}, "properties": {"project_id": 44824, "name": "Cairns Health and Innovation Centre (Stage 1)", "description": "to deliver extra capacity for clinical services and provide necessary health education, training and research facilities.", "agency": "Queensland Health", "type": "Health services when you need them", "status": 2, "qld_funding": 60000000, "fed_funding": 0, "local_funding": 0, "own_funding": 0, "private_funding": 0, "total_funding": 60000000, "region_codes": [308], "region_lga": "Cairns Regional", "region_sed": "CAIRNS", "region_sa4": "Cairns", "address": "165 The Esplanade, Cairns, 4870", "web_link": null, "category": "other"}}, {"type": "Feature", "geometry": {"type": "Point", "coordinates": [145.7673199, -16.9114952]}, "properties": {"project_id": 44826, "name": "Cairns Hospital E Block Pharmacy and Cancer Care refurbishment", "description": "to add chemotherapy chairs and enhance the oncology ward and pharmacy, as part of the newly uplifted Timely Investment Infrastructure Maintenance program", "agency": "Queensland Health", "type": "Health services when you need them", "status": 2, "qld_funding": 2970000, "fed_funding": 0, "local_funding": 0, "own_funding": 0, "private_funding": 0, "total_funding": 2970000, "region_codes": [308], "region_lga": "Cairns Regional", "region_sed": "CAIRNS", "region_sa4": "Cairns", "address": "165 The Esplanade, Cairns, 4870", "web_link": null, "category": "other"}}, {"type": "Feature", "geometry": {"type": "Point", "coordinates": [145.7683647, -16.9124244]}, "properties": {"project_id": 44827, "name": "Cairns Hospital Expansion Refurbishment Works", "description": "to refurbish selected areas within the existing Hospital and utilise opportunities for futureproofing facilities as part of the Hospital Rescue Plan.", "agency": "Queensland Health", "type": "Health services when you need them", "status": 2, "qld_funding": 181000000, "fed_funding": 0, "local_funding": 0, "own_funding": 0, "private_funding": 0, "total_funding": 181000000, "region_codes": [308], "region_lga": "Cairns Regional", "region_sed": "CAIRNS", "region_sa4": "Cairns", "address": "165 The Esplanade, Cairns, 4870", "web_link": null, "category": "other"}}, {"type": "Feature", "geometry": {"type": "Point", "coordinates": [145.774847, -16.926991]}, "properties": {"project_id": 44834, "name": "Cairns Watchhouse", "description": "Delivering important upgrades to the Cairns Watchhouse.", "agency": "Queensland Police Service", "type": "Safety where you live", "status": 2, "qld_funding": 0, "fed_funding": 0, "local_funding": 0, "own_funding": 0, "private_funding": 0, "total_funding": 0, "region_codes": [308], "region_lga": "Cairns Regional", "region_sed": "CAIRNS", "region_sa4": "Cairns", "address": "", "web_link": null, "category": "other"}}, {"type": "Feature", "geometry": {"type": "Point", "coordinates": [151.2014013, -24.0236365]}, "properties": {"project_id": 44836, "name": "Calliope Football Club", "description": "to upgrade the club's fields and facilities", "agency": "Department of Sport, Racing and Olympic and Paralympic Games", "type": "A plan for Queensland\u2019s future", "status": 2, "qld_funding": 30000, "fed_funding": 0, "local_funding": 0, "own_funding": 0, "private_funding": 0, "total_funding": 30000, "region_codes": [306], "region_lga": "Gladstone Regional", "region_sed": "CALLIDE", "region_sa4": "Central Queensland", "address": "", "web_link": null, "category": "other"}}, {"type": "Feature", "geometry": {"type": "Point", "coordinates": [153.130614, -26.804645]}, "properties": {"project_id": 44838, "name": "Caloundra Central Business District upgrades", "description": "to upgrade the Caloundra CBD with streetscape works linking Bulcock Beach to business areas and hubs including The Events Centre and new library.", "agency": "Department of Local Government, Water and Volunteers", "type": "A better lifestyle through a stronger economy", "status": 2, "qld_funding": 4000000, "fed_funding": 0, "local_funding": 0, "own_funding": 0, "private_funding": 0, "total_funding": 4000000, "region_codes": [320], "region_lga": "Sunshine Coast Regional", "region_sed": "CALOUNDRA", "region_sa4": "Sunshine Coast", "address": "", "web_link": null, "category": "other"}}, {"type": "Feature", "geometry": {"type": "Point", "coordinates": [153.1184285, -26.7955954484124]}, "properties": {"project_id": 44840, "name": "Caloundra replacement permanent fire and rescue station", "description": "to continue replacement of the permanent fire and rescue station at Caloundra", "agency": "Queensland Fire Department", "type": "Safety where you live", "status": 2, "qld_funding": 7500000, "fed_funding": 0, "local_funding": 0, "own_funding": 0, "private_funding": 0, "total_funding": 7500000, "region_codes": [320], "region_lga": "Sunshine Coast Regional", "region_sed": "KAWANA", "region_sa4": "Sunshine Coast", "address": "", "web_link": null, "category": "other"}}, {"type": "Feature", "geometry": {"type": "Point", "coordinates": [153.0809781, -26.8068881]}, "properties": {"project_id": 44841, "name": "Caloundra Sporting Clubs", "description": "for four Caloundra sports clubs for lighting - Caloundra Senior Rugby League Club; Pelican Waters Bowls Club; Baringa Football Club and Caloundra Rugby Union", "agency": "Department of Sport, Racing and Olympic and Paralympic Games", "type": "A plan for Queensland\u2019s future", "status": 2, "qld_funding": 1000000, "fed_funding": 0, "local_funding": 0, "own_funding": 0, "private_funding": 0, "total_funding": 1000000, "region_codes": [320], "region_lga": "Sunshine Coast Regional", "region_sed": "CALOUNDRA", "region_sa4": "Sunshine Coast", "address": "30 BARINGA DR, BARINGA QLD 4551", "web_link": null, "category": "other"}}, {"type": "Feature", "geometry": {"type": "Point", "coordinates": [153.068684, -26.82483220522]}, "properties": {"project_id": 44842, "name": "Caloundra TAFE ", "description": "Building a TAFE Centre of Excellence in Caloundra to focus on construction trades.", "agency": "Department of Trade, Employment and Training", "type": "A plan for Queensland\u2019s future", "status": 2, "qld_funding": 0, "fed_funding": 0, "local_funding": 0, "own_funding": 0, "private_funding": 0, "total_funding": 0, "region_codes": [320], "region_lga": "Sunshine Coast Regional", "region_sed": "CALOUNDRA", "region_sa4": "Sunshine Coast", "address": null, "web_link": null, "category": "other"}}, {"type": "Feature", "geometry": {"type": "Point", "coordinates": [138.1201023, -19.9212564]}, "properties": {"project_id": 44844, "name": "Camooweal Staff Accommodation", "description": "Staff accommodation will be delivered in Camooweal providing appropriate, safe, and fit-for-purpose accommodation, as part of the Hospital Rescue Plan.", "agency": "Queensland Health", "type": "Health services when you need them", "status": 2, "qld_funding": 0, "fed_funding": 0, "local_funding": 0, "own_funding": 0, "private_funding": 0, "total_funding": 0, "region_codes": [315], "region_lga": "Mount Isa City", "region_sed": "TRAEGER", "region_sa4": "Queensland - Outback", "address": "52-60 Morrison Street, Camooweal, 4828", "web_link": null, "category": "other"}}, {"type": "Feature", "geometry": {"type": "Point", "coordinates": [148.689479, -20.282189]}, "properties": {"project_id": 44845, "name": "Cannonvale-Jubilee Pocket 66 kilovolt reinforcement", "description": "$44 million to establish a new 66 kilovolt switchyard to provide improved network safety and reliability to the Airlie Beach and Whitsunday Islands communities.", "agency": "Energy Queensland", "type": "A better lifestyle through a stronger economy", "status": 2, "qld_funding": 0, "fed_funding": 0, "local_funding": 0, "own_funding": 44000000, "private_funding": 0, "total_funding": 44000000, "region_codes": [312], "region_lga": "Whitsunday Regional", "region_sed": "WHITSUNDAY", "region_sa4": "Mackay - Isaac - Whitsunday", "address": "", "web_link": null, "category": "other"}}, {"type": "Feature", "geometry": {"type": "Point", "coordinates": [150.7052235, -23.1268014]}, "properties": {"project_id": 44846, "name": "Capricorn Coast Netball Association", "description": "to upgrade eight grass courts to hardcourts with a full lighting upgrade at Barmaryee Sports Complex", "agency": "Department of Sport, Racing and Olympic and Paralympic Games", "type": "A plan for Queensland\u2019s future", "status": 2, "qld_funding": 4500000, "fed_funding": 0, "local_funding": 0, "own_funding": 0, "private_funding": 0, "total_funding": 4500000, "region_codes": [306], "region_lga": "Livingstone Shire", "region_sed": "KEPPEL", "region_sa4": "Central Queensland", "address": "214 BARMARYEE RD, BARMARYEE QLD 4703", "web_link": null, "category": "other"}}, {"type": "Feature", "geometry": {"type": "Point", "coordinates": [147.382204, -23.702621]}, "properties": {"project_id": 44847, "name": "Capricorn Highway (Emerald - Alpha)", "description": "Strengthening and widening pavement on the Capricorn Highway (Emerald \u2013 Alpha), jointly funded with the Australian Government.", "agency": "Department of Transport and Main Roads", "type": "A plan for Queensland\u2019s future", "status": 2, "qld_funding": 0, "fed_funding": 0, "local_funding": 0, "own_funding": 0, "private_funding": 0, "total_funding": 0, "region_codes": [306], "region_lga": "Central Highlands Regional", "region_sed": "GREGORY", "region_sa4": "Central Queensland", "address": "", "web_link": null, "category": "other"}}, {"type": "Feature", "geometry": {"type": "Point", "coordinates": [145.736273, -16.869099]}, "properties": {"project_id": 44848, "name": "Captain Cook Highway", "description": "Improving road safety and travel on the Captain Cook Highway, from Cairns CBD to Smithfield, jointly funded with the Australian Government.", "agency": "Department of Transport and Main Roads", "type": "A plan for Queensland\u2019s future", "status": 2, "qld_funding": 0, "fed_funding": 0, "local_funding": 0, "own_funding": 0, "private_funding": 0, "total_funding": 0, "region_codes": [308], "region_lga": "Cairns Regional", "region_sed": "CAIRNS", "region_sa4": "Cairns", "address": "", "web_link": null, "category": "other"}}, {"type": "Feature", "geometry": {"type": "Point", "coordinates": [153.101859, -27.493301]}, "properties": {"project_id": 44849, "name": "Carina State School", "description": "to deliver facility upgrades", "agency": "Department of Education", "type": "A plan for Queensland\u2019s future", "status": 2, "qld_funding": 15000, "fed_funding": 0, "local_funding": 0, "own_funding": 0, "private_funding": 0, "total_funding": 15000, "region_codes": [302], "region_lga": "Brisbane City", "region_sed": "CHATSWORTH", "region_sa4": "Brisbane - South", "address": "1413 Creek Road, Carindale", "web_link": null, "category": "other"}}, {"type": "Feature", "geometry": {"type": "Point", "coordinates": [153.357423, -28.017846]}, "properties": {"project_id": 44850, "name": "Carrara Saints Football Club", "description": "Delivering improved sports facilities for all with Carrara Saints Football Club for renovations including female change rooms.", "agency": "Department of Sport, Racing and Olympic and Paralympic Games", "type": "A plan for Queensland\u2019s future", "status": 2, "qld_funding": 0, "fed_funding": 0, "local_funding": 0, "own_funding": 0, "private_funding": 0, "total_funding": 0, "region_codes": [309], "region_lga": "Gold Coast City", "region_sed": "GAVEN", "region_sa4": "Gold Coast", "address": "", "web_link": null, "category": "other"}}, {"type": "Feature", "geometry": {"type": "Point", "coordinates": [148.173437, -28.711864]}, "properties": {"project_id": 44851, "name": "Castlereagh Highway (St George - Hebel), upgrade floodways", "description": "Floodway upgrade Dirranbandi to Hebel Road to improve safety and flood immunity.", "agency": "Department of Transport and Main Roads", "type": "A plan for Queensland\u2019s future", "status": 2, "qld_funding": 0, "fed_funding": 0, "local_funding": 0, "own_funding": 0, "private_funding": 0, "total_funding": 0, "region_codes": [318], "region_lga": "Balonne Shire", "region_sed": "WARREGO", "region_sa4": "Darling Downs - Maranoa", "address": "", "web_link": null, "category": "other"}}, {"type": "Feature", "geometry": {"type": "Point", "coordinates": [146.2578663, -20.0728241]}, "properties": {"project_id": 44852, "name": "CCTV camera replacement - Charters Towers", "description": "to support Charters Towers Regional Council to replace ageing CCTV cameras at nine sites to improve coverage, functionality and surveillance response.", "agency": "Department of Local Government, Water and Volunteers", "type": "A better lifestyle through a stronger economy", "status": 2, "qld_funding": 23000, "fed_funding": 0, "local_funding": 0, "own_funding": 0, "private_funding": 0, "total_funding": 23000, "region_codes": [314], "region_lga": "Charters Towers Regional", "region_sed": "TRAEGER", "region_sa4": "Townsville", "address": "12 Mosman Street", "web_link": null, "category": "other"}}, {"type": "Feature", "geometry": {"type": "Point", "coordinates": [153.178877, -27.828198]}, "properties": {"project_id": 44853, "name": "Cedar Creek State School", "description": "Delivering upgrades to the carpark at Cedar Creek State School.", "agency": "Department of Education", "type": "A plan for Queensland\u2019s future", "status": 2, "qld_funding": 0, "fed_funding": 0, "local_funding": 0, "own_funding": 0, "private_funding": 0, "total_funding": 0, "region_codes": [309], "region_lga": "Gold Coast City", "region_sed": "COOMERA", "region_sa4": "Gold Coast", "address": "", "web_link": null, "category": "other"}}, {"type": "Feature", "geometry": {"type": "Point", "coordinates": [145.7727553, -16.92131209]}, "properties": {"project_id": 44854, "name": "Centacare School Savvy program", "description": "over four years to expand the Centacare School Savvy program currently operating in the Far North, to other regional and remote areas", "agency": "Department of Education", "type": "A plan for Queensland\u2019s future", "status": 2, "qld_funding": 1400000, "fed_funding": 0, "local_funding": 0, "own_funding": 0, "private_funding": 0, "total_funding": 1400000, "region_codes": [308], "region_lga": "Cairns Regional", "region_sed": "CAIRNS", "region_sa4": "Cairns", "address": "22-28 APLIN ST, CAIRNS CITY QLD 4870", "web_link": null, "category": "other"}}, {"type": "Feature", "geometry": {"type": "Point", "coordinates": [152.941523, -27.547381]}, "properties": {"project_id": 44856, "name": "Centenary Motorway Cameras", "description": "Installing three advanced safety cameras on key off-ramps in Mount Ommaney", "agency": "Department of Transport and Main Roads", "type": "A plan for Queensland\u2019s future", "status": 2, "qld_funding": 0, "fed_funding": 0, "local_funding": 0, "own_funding": 0, "private_funding": 0, "total_funding": 0, "region_codes": [305], "region_lga": "Brisbane City", "region_sed": "MOUNT OMMANEY", "region_sa4": "Brisbane - West", "address": null, "web_link": null, "category": "other"}}, {"type": "Feature", "geometry": {"type": "Point", "coordinates": [153.146916, -27.512548]}, "properties": {"project_id": 44860, "name": "Chandler Para-sport facility", "description": "Delivering a para-sport facility at Chandler, as part of the 2032 Delivery Plan", "agency": "Department of Sport, Racing and Olympic and Paralympic Games", "type": "A plan for Queensland\u2019s future", "status": 2, "qld_funding": 0, "fed_funding": 0, "local_funding": 0, "own_funding": 0, "private_funding": 0, "total_funding": 0, "region_codes": [302], "region_lga": "Brisbane City", "region_sed": "CHATSWORTH", "region_sa4": "Brisbane - East", "address": null, "web_link": null, "category": "other"}}, {"type": "Feature", "geometry": {"type": "Point", "coordinates": [146.2500819, -26.4179098]}, "properties": {"project_id": 44861, "name": "Charleville Airport Master Plan", "description": "to support Murweh Shire Council to engage a consultant to develop a master plan for Charleville Airport, addressing runway defects and future demand. Part of the Works for Queensland Program.", "agency": "Department of Local Government, Water and Volunteers", "type": "A better lifestyle through a stronger economy", "status": 2, "qld_funding": 50000, "fed_funding": 0, "local_funding": 0, "own_funding": 0, "private_funding": 0, "total_funding": 50000, "region_codes": [318], "region_lga": "Murweh Shire", "region_sed": "WARREGO", "region_sa4": "Queensland - Outback", "address": "Qantas Drive", "web_link": null, "category": "other"}}, {"type": "Feature", "geometry": {"type": "Point", "coordinates": [146.263198, -20.080199]}, "properties": {"project_id": 44862, "name": "Charters Towers Central State School", "description": " to refurbish Block D at Charters Towers Central State School.", "agency": "Department of Education", "type": "A plan for Queensland\u2019s future", "status": 2, "qld_funding": 500000, "fed_funding": 0, "local_funding": 0, "own_funding": 0, "private_funding": 0, "total_funding": 500000, "region_codes": [314], "region_lga": "Charters Towers Regional", "region_sed": "TRAEGER", "region_sa4": "Townsville", "address": "", "web_link": null, "category": "other"}}, {"type": "Feature", "geometry": {"type": "Point", "coordinates": [146.261914, -20.0758007]}, "properties": {"project_id": 44863, "name": "Charters Towers Staff Accommodation", "description": "Safe and fit-for-purpose staff accommodation in Charters Towers.", "agency": "Queensland Health", "type": "Health services when you need them", "status": 2, "qld_funding": 0, "fed_funding": 0, "local_funding": 0, "own_funding": 0, "private_funding": 0, "total_funding": 0, "region_codes": [314], "region_lga": "Charters Towers Regional", "region_sed": "TRAEGER", "region_sa4": "Townsville", "address": "137-139 Gill Street, Charters Towers, 4820", "web_link": null, "category": "other"}}, {"type": "Feature", "geometry": {"type": "Point", "coordinates": [151.9563665, -26.2884446]}, "properties": {"project_id": 44864, "name": "Cherbourg Council Depot roadways upgrade", "description": "to repair and replace roadways at the Cherbourg Council Depot", "agency": "Department of Local Government, Water and Volunteers", "type": "A better lifestyle through a stronger economy", "status": 2, "qld_funding": 200000, "fed_funding": 0, "local_funding": 0, "own_funding": 0, "private_funding": 0, "total_funding": 200000, "region_codes": [307], "region_lga": "Cherbourg Aboriginal Shire", "region_sed": "NANANGO", "region_sa4": "Wide Bay", "address": "8 Carter St", "web_link": null, "category": "other"}}, {"type": "Feature", "geometry": {"type": "Point", "coordinates": [151.955152, -26.292991]}, "properties": {"project_id": 44865, "name": "Cherbourg State School\u2019s Buwu Program", "description": "Delivering education facilities for the Buwu Program at Cherbourg State School as part of the Closing the Gap Priorities Fund initiatives.", "agency": "Department of Education", "type": "A plan for Queensland\u2019s future", "status": 2, "qld_funding": 0, "fed_funding": 0, "local_funding": 0, "own_funding": 0, "private_funding": 0, "total_funding": 0, "region_codes": [307], "region_lga": "Cherbourg Aboriginal Shire", "region_sed": "NANANGO", "region_sa4": "Wide Bay", "address": "", "web_link": null, "category": "other"}}, {"type": "Feature", "geometry": {"type": "Point", "coordinates": [151.996, -26.296]}, "properties": {"project_id": 44866, "name": "Cherbourg water quality improvement project", "description": "to deliver safe and reliable drinking water to the Cherbourg community by upgrading its ageing treatment and distribution infrastructure. Part of the National Water Grid Fund, delivered in partnership with the Australian Government.", "agency": "Department of Local Government, Water and Volunteers", "type": "A better lifestyle through a stronger economy", "status": 2, "qld_funding": 12800000, "fed_funding": 12800000, "local_funding": 0, "own_funding": 0, "private_funding": 0, "total_funding": 25600000, "region_codes": [307], "region_lga": "South Burnett Regional", "region_sed": "NANANGO", "region_sa4": "Wide Bay", "address": "", "web_link": null, "category": "other"}}, {"type": "Feature", "geometry": {"type": "Point", "coordinates": [152.2731, -25.2395]}, "properties": {"project_id": 44868, "name": "Childers Multipurpose Health Service", "description": "Progression of the planning stage for the Childers Multipurpose Health Service as part of the Hospital Rescue Plan.", "agency": "Queensland Health", "type": "Health services when you need them", "status": 2, "qld_funding": 0, "fed_funding": 0, "local_funding": 0, "own_funding": 0, "private_funding": 0, "total_funding": 0, "region_codes": [322], "region_lga": "Bundaberg Regional", "region_sed": "BURNETT", "region_sa4": "Wide Bay", "address": "44 Broadhurst Street, Childers, 4660", "web_link": null, "category": "other"}}, {"type": "Feature", "geometry": {"type": "Point", "coordinates": [150.6374, -26.7448]}, "properties": {"project_id": 44870, "name": "Chinchilla Hospital", "description": "Progression of the planning stage for the Chinchilla Hospital as part of the Hospital Rescue Plan.", "agency": "Queensland Health", "type": "Health services when you need them", "status": 2, "qld_funding": 0, "fed_funding": 0, "local_funding": 0, "own_funding": 0, "private_funding": 0, "total_funding": 0, "region_codes": [307], "region_lga": "Western Downs Regional", "region_sed": "CALLIDE", "region_sa4": "Darling Downs - Maranoa", "address": "Slessar Street, Chinchilla, 4413", "web_link": null, "category": "other"}}, {"type": "Feature", "geometry": {"type": "Point", "coordinates": [153.0527, -27.1304]}, "properties": {"project_id": 44873, "name": "Clayton Park playground, Beachmere", "description": "to upgrade the playground at Clayton Park, Beachmere.", "agency": "Department of Local Government, Water and Volunteers", "type": "A better lifestyle through a stronger economy", "status": 2, "qld_funding": 500000, "fed_funding": 0, "local_funding": 0, "own_funding": 0, "private_funding": 0, "total_funding": 500000, "region_codes": [313], "region_lga": "Moreton Bay City", "region_sed": "PUMICESTONE", "region_sa4": "Moreton Bay - North", "address": "", "web_link": null, "category": "other"}}, {"type": "Feature", "geometry": {"type": "Point", "coordinates": [153.316409, -28.117807]}, "properties": {"project_id": 44874, "name": "Clearing Mudgeeraba Creek", "description": "Supporting our environment with $100,000 for community groups clearing Mudgeeraba Creek.", "agency": "Department of the Environment, Tourism, Science and Innovation", "type": "A plan for Queensland\u2019s future", "status": 2, "qld_funding": 0, "fed_funding": 0, "local_funding": 0, "own_funding": 0, "private_funding": 0, "total_funding": 0, "region_codes": [309], "region_lga": "Gold Coast City", "region_sed": "MUDGEERABA", "region_sa4": "Gold Coast", "address": "", "web_link": null, "category": "other"}}, {"type": "Feature", "geometry": {"type": "Point", "coordinates": [147.632195, -22.83656]}, "properties": {"project_id": 44875, "name": "Clermont State School", "description": "Delivering an upgrade of the multipurpose courts.", "agency": "Department of Education", "type": "A plan for Queensland\u2019s future", "status": 2, "qld_funding": 0, "fed_funding": 0, "local_funding": 0, "own_funding": 0, "private_funding": 0, "total_funding": 0, "region_codes": [312], "region_lga": "Isaac Regional", "region_sed": "BURDEKIN", "region_sa4": "Mackay - Isaac - Whitsunday", "address": "Hetherington Street, Clermont", "web_link": null, "category": "other"}}, {"type": "Feature", "geometry": {"type": "Point", "coordinates": [147.6263902, -22.8307128]}, "properties": {"project_id": 44876, "name": "Clermont Swimming Centre ", "description": "to deliver an upgrade as part of the $250 million Games On! Grassroots Infrastructure Program.", "agency": "Department of Sport, Racing and Olympic and Paralympic Games", "type": "A plan for Queensland\u2019s future", "status": 2, "qld_funding": 3200000, "fed_funding": 0, "local_funding": 0, "own_funding": 0, "private_funding": 0, "total_funding": 3200000, "region_codes": [312], "region_lga": "Isaac Regional", "region_sed": "BURDEKIN", "region_sa4": "Mackay - Isaac - Whitsunday", "address": "1 Bachelor Parade, Moranbah, Queensland, 4744, Australia", "web_link": null, "category": "other"}}, {"type": "Feature", "geometry": {"type": "Point", "coordinates": [146.916415, -23.071923]}, "properties": {"project_id": 44877, "name": "Clermont-Alpha Road", "description": "Paving and sealing more of Clermont \u2013 Alpha Road (jointly funded with the Australian Government).", "agency": "Department of Transport and Main Roads", "type": "A plan for Queensland\u2019s future", "status": 2, "qld_funding": 0, "fed_funding": 0, "local_funding": 0, "own_funding": 0, "private_funding": 0, "total_funding": 0, "region_codes": [312], "region_lga": "Barcaldine Regional", "region_sed": "BURDEKIN", "region_sa4": "Mackay - Isaac - Whitsunday", "address": "", "web_link": null, "category": "other"}}, {"type": "Feature", "geometry": {"type": "Point", "coordinates": [153.276033, -27.571006]}, "properties": {"project_id": 44878, "name": "Cleveland-Redland Bay Road", "description": "Reviewing current Cleveland-Redland Bay Road upgrade plans to ensure better road connectivity for locals", "agency": "Department of Transport and Main Roads", "type": "A plan for Queensland\u2019s future", "status": 2, "qld_funding": 0, "fed_funding": 0, "local_funding": 0, "own_funding": 0, "private_funding": 0, "total_funding": 0, "region_codes": [316], "region_lga": "Redland City", "region_sed": "REDLANDS", "region_sa4": "Brisbane - East", "address": null, "web_link": null, "category": "other"}}, {"type": "Feature", "geometry": {"type": "Point", "coordinates": [152.9604, -26.6313]}, "properties": {"project_id": 44882, "name": "Closed circuit television for Nambour", "description": "to deliver new CCTV across the Nambour CBD in a bid to deter crime", "agency": "Department of Local Government, Water and Volunteers", "type": "A better lifestyle through a stronger economy", "status": 2, "qld_funding": 500000, "fed_funding": 0, "local_funding": 0, "own_funding": 0, "private_funding": 0, "total_funding": 500000, "region_codes": [320], "region_lga": "Sunshine Coast Regional", "region_sed": "NICKLIN", "region_sa4": "Sunshine Coast", "address": "", "web_link": null, "category": "other"}}, {"type": "Feature", "geometry": {"type": "Point", "coordinates": [147.84846, -20.55509]}, "properties": {"project_id": 44883, "name": "Collinsville community precinct", "description": "$14.6 million to upgrade the Collinsville community precinct to deliver more centralised community and recreational services", "agency": "Department of State Development, Infrastructure and Planning", "type": "A better lifestyle through a stronger economy", "status": 2, "qld_funding": 14603000, "fed_funding": 0, "local_funding": 0, "own_funding": 0, "private_funding": 0, "total_funding": 14603000, "region_codes": [312], "region_lga": "Whitsunday Regional", "region_sed": "BURDEKIN", "region_sa4": "Mackay - Isaac - Whitsunday", "address": "", "web_link": null, "category": "other"}}, {"type": "Feature", "geometry": {"type": "Point", "coordinates": [147.84740273, -20.55448733]}, "properties": {"project_id": 44884, "name": "Collinsville Men's Shed", "description": "to expand the Collinsville Men's Shed.", "agency": "Department of Families, Seniors, Disability Services and Child Safety", "type": "A better lifestyle through a stronger economy", "status": 2, "qld_funding": 400000, "fed_funding": 0, "local_funding": 0, "own_funding": 0, "private_funding": 0, "total_funding": 400000, "region_codes": [312], "region_lga": "Whitsunday Regional", "region_sed": "BURDEKIN", "region_sa4": "Mackay - Isaac - Whitsunday", "address": "UNIT 1 19 CONWAY ST, COLLINSVILLE QLD 4804", "web_link": null, "category": "other"}}, {"type": "Feature", "geometry": {"type": "Point", "coordinates": [147.8376109, -20.5463993]}, "properties": {"project_id": 44885, "name": "Collinsville Staff Accommodation Replacement", "description": "Staff accommodation will be replaced providing appropriate, safe, and fit-for-purpose accommodation, as part of the Hospital Rescue Plan.", "agency": "Queensland Health", "type": "Health services when you need them", "status": 2, "qld_funding": 0, "fed_funding": 0, "local_funding": 0, "own_funding": 0, "private_funding": 0, "total_funding": 0, "region_codes": [312], "region_lga": "Whitsunday Regional", "region_sed": "BURDEKIN", "region_sa4": "Mackay - Isaac - Whitsunday", "address": "81-91 Garrick Street, Collinsville, 4804", "web_link": null, "category": "other"}}, {"type": "Feature", "geometry": {"type": "Point", "coordinates": [153.332176, -27.56859]}, "properties": {"project_id": 44890, "name": "Coochiemudlo Emerald Fringe", "description": "Delivering a conservation management plan for the Coochiemudlo Emerald Fringe in partnership with Redland City Council", "agency": "Department of the Environment, Tourism, Science and Innovation", "type": "A plan for Queensland\u2019s future", "status": 2, "qld_funding": 0, "fed_funding": 0, "local_funding": 0, "own_funding": 0, "private_funding": 0, "total_funding": 0, "region_codes": [316], "region_lga": "Redland City", "region_sed": "REDLANDS", "region_sa4": "Brisbane - East", "address": null, "web_link": null, "category": "other"}}, {"type": "Feature", "geometry": {"type": "Point", "coordinates": [145.249781, -15.477468]}, "properties": {"project_id": 44891, "name": "Cooktown Maternity Services", "description": "Working to reopen maternity services at Cooktown Hospital.", "agency": "Queensland Health", "type": "Health services when you need them", "status": 2, "qld_funding": 0, "fed_funding": 0, "local_funding": 0, "own_funding": 0, "private_funding": 0, "total_funding": 0, "region_codes": [308], "region_lga": "Cook Shire", "region_sed": "COOK", "region_sa4": "Queensland - Outback", "address": "", "web_link": null, "category": "other"}}, {"type": "Feature", "geometry": {"type": "Point", "coordinates": [145.2504154, -15.47774699]}, "properties": {"project_id": 44892, "name": "Cooktown Multipurpose Health Service Facility", "description": "to redevelop the Multipurpose Health Service facility as part of the Hospital Rescue Plan which services the local Cook Shire catchment in Far North Queensland.", "agency": "Queensland Health", "type": "Health services when you need them", "status": 2, "qld_funding": 200000000, "fed_funding": 0, "local_funding": 0, "own_funding": 0, "private_funding": 0, "total_funding": 200000000, "region_codes": [308], "region_lga": "Cook Shire", "region_sed": "COOK", "region_sa4": "Queensland - Outback", "address": "48 Hope Street, Cooktown, 4895", "web_link": null, "category": "other"}}, {"type": "Feature", "geometry": {"type": "Point", "coordinates": [145.2522122, -15.4709737]}, "properties": {"project_id": 44893, "name": "Cooktown Oval lights replacement", "description": "to replace Cooktown Oval lighting with LED fold down lights to enable night games and ease maintenance without elevated platforms. ", "agency": "Department of Local Government, Water and Volunteers", "type": "A better lifestyle through a stronger economy", "status": 2, "qld_funding": 350000, "fed_funding": 0, "local_funding": 0, "own_funding": 0, "private_funding": 0, "total_funding": 350000, "region_codes": [308], "region_lga": "Cook Shire", "region_sed": "COOK", "region_sa4": "Queensland - Outback", "address": "116 John Street", "web_link": null, "category": "other"}}, {"type": "Feature", "geometry": {"type": "Point", "coordinates": [153.0875297, -26.50032634]}, "properties": {"project_id": 44894, "name": "Coolum State High School", "description": "for the first stage (the field and clubhouse) of the new AFL precinct at Coolum State High School which also involves AFL Queensland and Sunshine Coast Council", "agency": "Department of Sport, Racing and Olympic and Paralympic Games", "type": "A plan for Queensland\u2019s future", "status": 2, "qld_funding": 5000000, "fed_funding": 0, "local_funding": 0, "own_funding": 0, "private_funding": 0, "total_funding": 5000000, "region_codes": [320], "region_lga": "Sunshine Coast Regional", "region_sed": "NINDERRY", "region_sa4": "Sunshine Coast", "address": "", "web_link": null, "category": "other"}}, {"type": "Feature", "geometry": {"type": "Point", "coordinates": [153.31630374, -27.87032977]}, "properties": {"project_id": 44895, "name": "Coomera & District Soccer & Recreation Club", "description": "for the construction of a new clubhouse at Viney Park", "agency": "Department of Sport, Racing and Olympic and Paralympic Games", "type": "A plan for Queensland\u2019s future", "status": 2, "qld_funding": 900000, "fed_funding": 0, "local_funding": 0, "own_funding": 0, "private_funding": 0, "total_funding": 900000, "region_codes": [309], "region_lga": "Gold Coast City", "region_sed": "THEODORE", "region_sa4": "Gold Coast", "address": "1-13 YAUN ST, COOMERA QLD 4209", "web_link": null, "category": "other"}}, {"type": "Feature", "geometry": {"type": "Point", "coordinates": [153.316333, -27.870715]}, "properties": {"project_id": 44896, "name": "Coomera Colts Clubhouse", "description": "Improving opportunities for health, fitness, and sport with a new clubhouse for Coomera Colts. ", "agency": "Department of Sport, Racing and Olympic and Paralympic Games", "type": "A plan for Queensland\u2019s future", "status": 2, "qld_funding": 0, "fed_funding": 0, "local_funding": 0, "own_funding": 0, "private_funding": 0, "total_funding": 0, "region_codes": [309], "region_lga": "Gold Coast City", "region_sed": "THEODORE", "region_sa4": "Gold Coast", "address": "", "web_link": null, "category": "other"}}, {"type": "Feature", "geometry": {"type": "Point", "coordinates": [153.30973641, -27.89607657]}, "properties": {"project_id": 44898, "name": "Coomera Cubs Baseball Club", "description": "towards field lights", "agency": "Department of Sport, Racing and Olympic and Paralympic Games", "type": "A plan for Queensland\u2019s future", "status": 2, "qld_funding": 900000, "fed_funding": 0, "local_funding": 0, "own_funding": 0, "private_funding": 0, "total_funding": 900000, "region_codes": [309], "region_lga": "Gold Coast City", "region_sed": "THEODORE", "region_sa4": "Gold Coast", "address": "22-38 RIVERSDALE RD, OXENFORD QLD 4210", "web_link": null, "category": "other"}}, {"type": "Feature", "geometry": {"type": "Point", "coordinates": [153.3108404, -27.89225262]}, "properties": {"project_id": 44899, "name": "Coomera Hope Island Cricket Club", "description": "for field lights", "agency": "Department of Sport, Racing and Olympic and Paralympic Games", "type": "A plan for Queensland\u2019s future", "status": 2, "qld_funding": 1200000, "fed_funding": 0, "local_funding": 0, "own_funding": 0, "private_funding": 0, "total_funding": 1200000, "region_codes": [309], "region_lga": "Gold Coast City", "region_sed": "THEODORE", "region_sa4": "Gold Coast", "address": "", "web_link": null, "category": "other"}}, {"type": "Feature", "geometry": {"type": "Point", "coordinates": [153.3153928, -27.8489149]}, "properties": {"project_id": 44900, "name": "Coomera Hospital Car Park", "description": "New car parking spaces with be constructed for patients, carers, visitors and staff at the new Coomera Hospital, providing up to 1290 new spaces. ", "agency": "Queensland Health", "type": "Health services when you need them", "status": 2, "qld_funding": 0, "fed_funding": 0, "local_funding": 0, "own_funding": 0, "private_funding": 0, "total_funding": 0, "region_codes": [309], "region_lga": "Gold Coast City", "region_sed": "COOMERA", "region_sa4": "Gold Coast", "address": "41 George Alexander Way, Coomera QLD", "web_link": null, "category": "other"}}, {"type": "Feature", "geometry": {"type": "Point", "coordinates": [153.327625, -27.845551]}, "properties": {"project_id": 44901, "name": "Coomera Rivers State School", "description": "to fund oval seating and shade sail upgrades", "agency": "Department of Education", "type": "A plan for Queensland\u2019s future", "status": 2, "qld_funding": 450000, "fed_funding": 0, "local_funding": 0, "own_funding": 0, "private_funding": 0, "total_funding": 450000, "region_codes": [309], "region_lga": "Gold Coast City", "region_sed": "COOMERA", "region_sa4": "Gold Coast", "address": "82 Finnegan Way, Coomera", "web_link": null, "category": "other"}}, {"type": "Feature", "geometry": {"type": "Point", "coordinates": [153.303609, -27.842219]}, "properties": {"project_id": 44902, "name": "Coomera Springs Sound Barriers", "description": "Improving community lifestyle with M1 sound barriers at Coomera Springs.", "agency": "Department of Transport and Main Roads", "type": "A plan for Queensland\u2019s future", "status": 2, "qld_funding": 0, "fed_funding": 0, "local_funding": 0, "own_funding": 0, "private_funding": 0, "total_funding": 0, "region_codes": [309], "region_lga": "Gold Coast City", "region_sed": "COOMERA", "region_sa4": "Gold Coast", "address": "", "web_link": null, "category": "other"}}, {"type": "Feature", "geometry": {"type": "Point", "coordinates": [153.315288, -27.868623]}, "properties": {"project_id": 44903, "name": "Coomera State School", "description": "Facility upgrades, as part of the $70.68 million School and Education Boost funding", "agency": "Department of Education", "type": "A plan for Queensland\u2019s future", "status": 2, "qld_funding": 0, "fed_funding": 0, "local_funding": 0, "own_funding": 0, "private_funding": 0, "total_funding": 0, "region_codes": [309], "region_lga": "Gold Coast City", "region_sed": "THEODORE", "region_sa4": "Gold Coast", "address": "61 Dreamworld Parkway, Coomera", "web_link": null, "category": "other"}}, {"type": "Feature", "geometry": {"type": "Point", "coordinates": [153.043644, -27.55908292]}, "properties": {"project_id": 44904, "name": "Coopers Plains Forensic & Scientific Services Temporary Mortuary", "description": "to construct a modular temporary mortuary expanding site capacity, as part of the newly uplifted Timely Investment Infrastructure Maintenance program.", "agency": "Queensland Health", "type": "Health services when you need them", "status": 2, "qld_funding": 10150000, "fed_funding": 0, "local_funding": 0, "own_funding": 0, "private_funding": 0, "total_funding": 10150000, "region_codes": [304], "region_lga": "Brisbane City", "region_sed": "TOOHEY", "region_sa4": "Brisbane - South", "address": "39 Kessels Rd, Cooper Plains, 4108", "web_link": null, "category": "other"}}, {"type": "Feature", "geometry": {"type": "Point", "coordinates": [151.3349, -25.80606]}, "properties": {"project_id": 44905, "name": "Cooranga Weir - planning", "description": "Progressing planning work to deliver a new weir to improve water supply reliability along the Boyne River.\n", "agency": "Sunwater Limited", "type": "A better lifestyle through a stronger economy", "status": 2, "qld_funding": 0, "fed_funding": 0, "local_funding": 0, "own_funding": 0, "private_funding": 0, "total_funding": 0, "region_codes": [322], "region_lga": "North Burnett Regional", "region_sed": "CALLIDE", "region_sa4": "Wide Bay", "address": null, "web_link": null, "category": "other"}}, {"type": "Feature", "geometry": {"type": "Point", "coordinates": [152.911613, -26.413883]}, "properties": {"project_id": 44906, "name": "Cooroy Intersection Upgrades", "description": "Delivering a business case and design for safety upgrades to the intersections linking Elm Street with Myall and Diamond streets in Cooroy and identifying the best solution to ensure safety for motorists, cyclists and pedestrians.", "agency": "Department of Transport and Main Roads", "type": "A plan for Queensland\u2019s future", "status": 2, "qld_funding": 0, "fed_funding": 0, "local_funding": 0, "own_funding": 0, "private_funding": 0, "total_funding": 0, "region_codes": [320], "region_lga": "Noosa Shire", "region_sed": "NICKLIN", "region_sa4": "Sunshine Coast", "address": "", "web_link": null, "category": "other"}}, {"type": "Feature", "geometry": {"type": "Point", "coordinates": [152.9036532, -26.4152118]}, "properties": {"project_id": 44907, "name": "Cooroy Sports Complex lighting upgrades", "description": " total spend to upgrade Sel Bonnel Oval lighting", "agency": "Department of Local Government, Water and Volunteers", "type": "A better lifestyle through a stronger economy", "status": 2, "qld_funding": 500000, "fed_funding": 0, "local_funding": 0, "own_funding": 0, "private_funding": 0, "total_funding": 500000, "region_codes": [320], "region_lga": "Noosa Shire", "region_sed": "NICKLIN", "region_sa4": "Sunshine Coast", "address": "57 mary river road", "web_link": null, "category": "other"}}, {"type": "Feature", "geometry": {"type": "Point", "coordinates": [153.05541045, -27.48443136]}, "properties": {"project_id": 44908, "name": "Coorparoo Juniors Australian Football Club", "description": "to build women's change rooms", "agency": "Department of Sport, Racing and Olympic and Paralympic Games", "type": "A plan for Queensland\u2019s future", "status": 2, "qld_funding": 600000, "fed_funding": 0, "local_funding": 0, "own_funding": 0, "private_funding": 0, "total_funding": 600000, "region_codes": [302], "region_lga": "Brisbane City", "region_sed": "GREENSLOPES", "region_sa4": "Brisbane - South", "address": "41A BIRUBI ST, COORPAROO QLD 4151", "web_link": null, "category": "other"}}, {"type": "Feature", "geometry": {"type": "Point", "coordinates": [153.053734, -27.486363]}, "properties": {"project_id": 44909, "name": "Coorparoo Secondary College", "description": "to fund a feasibility study to upgrade the drop and go zone", "agency": "Department of Education", "type": "A plan for Queensland\u2019s future", "status": 2, "qld_funding": 40000, "fed_funding": 0, "local_funding": 0, "own_funding": 0, "private_funding": 0, "total_funding": 40000, "region_codes": [302], "region_lga": "Brisbane City", "region_sed": "GREENSLOPES", "region_sa4": "Brisbane - South", "address": "Cnr Stanley Street East & Cavendish Road, Coorparoo", "web_link": null, "category": "other"}}, {"type": "Feature", "geometry": {"type": "Point", "coordinates": [148.24716986959115, -20.012658614425078]}, "properties": {"project_id": 44912, "name": "Courthouse Infrastructure - critical remediation work - Bowen ", "description": "$12.5 million for critical remediation work at the heritage listed Bowen Courthouse to support effective service delivery.", "agency": "Department of Justice", "type": "Safety where you live", "status": 2, "qld_funding": 12500000, "fed_funding": 0, "local_funding": 0, "own_funding": 0, "private_funding": 0, "total_funding": 12500000, "region_codes": [312], "region_lga": "Whitsunday Regional", "region_sed": "BURDEKIN", "region_sa4": "Mackay - Isaac - Whitsunday", "address": null, "web_link": null, "category": "other"}}, {"type": "Feature", "geometry": {"type": "Point", "coordinates": [153.20133259499644, -27.716592857838616]}, "properties": {"project_id": 44913, "name": "Courthouse Infrastructure - strategic land acquisition - Beenleigh", "description": "for strategic land acquisition to enable future replacement of the Beenleigh courthouse.", "agency": "Department of Justice", "type": "Safety where you live", "status": 2, "qld_funding": 10000000, "fed_funding": 0, "local_funding": 0, "own_funding": 0, "private_funding": 0, "total_funding": 10000000, "region_codes": [311], "region_lga": "Logan City", "region_sed": "MACALISTER", "region_sa4": "Logan - Beaudesert", "address": null, "web_link": null, "category": "other"}}, {"type": "Feature", "geometry": {"type": "Point", "coordinates": [153.017253, -27.383789]}, "properties": {"project_id": 44915, "name": "Craigslea State School", "description": "to deliver a 'stop and go' facility, as part of the $70.68 million School and Education Boost funding", "agency": "Department of Education", "type": "A plan for Queensland\u2019s future", "status": 2, "qld_funding": 0, "fed_funding": 0, "local_funding": 0, "own_funding": 0, "private_funding": 0, "total_funding": 0, "region_codes": [303], "region_lga": "Brisbane City", "region_sed": "ASPLEY", "region_sa4": "Brisbane - North", "address": "Hamilton Road, Chermside West", "web_link": null, "category": "other"}}, {"type": "Feature", "geometry": {"type": "Point", "coordinates": [151.96460261, -27.55569093]}, "properties": {"project_id": 44919, "name": "Critical Maintenance - 2024-2027 Queensland Museum Cobb+Co", "description": "Funds to be spent on critical maintenance projects to assist in delivery of Museum activities and exhibitions.", "agency": "Queensland Museum", "type": "A plan for Queensland\u2019s future", "status": 2, "qld_funding": 2200000, "fed_funding": 0, "local_funding": 0, "own_funding": 0, "private_funding": 0, "total_funding": 2200000, "region_codes": [307], "region_lga": "Toowoomba Regional", "region_sed": "TOOWOOMBA NORTH", "region_sa4": "Toowoomba", "address": "21-27 LINDSAY ST, EAST TOOWOOMBA QLD 4350", "web_link": null, "category": "other"}}, {"type": "Feature", "geometry": {"type": "Point", "coordinates": [153.066592, -27.421032]}, "properties": {"project_id": 44920, "name": "Crossing for Our Lady Help of Christians School", "description": "Securing a supervised crossing for Our Lady Help of Christians Primary School, Hendra", "agency": "Department of Education", "type": "A plan for Queensland\u2019s future", "status": 2, "qld_funding": 0, "fed_funding": 0, "local_funding": 0, "own_funding": 0, "private_funding": 0, "total_funding": 0, "region_codes": [303], "region_lga": "Brisbane City", "region_sed": "CLAYFIELD", "region_sa4": "Brisbane Inner City", "address": null, "web_link": null, "category": "other"}}, {"type": "Feature", "geometry": {"type": "Point", "coordinates": [146.252132, -26.40098]}, "properties": {"project_id": 44922, "name": "CT Scanner at Charleville Hospital", "description": "Making additional CT services for referred patients available in Charleville.", "agency": "Queensland Health", "type": "Health services when you need them", "status": 2, "qld_funding": 0, "fed_funding": 0, "local_funding": 0, "own_funding": 0, "private_funding": 0, "total_funding": 0, "region_codes": [318], "region_lga": "Murweh Shire", "region_sed": "WARREGO", "region_sa4": "Queensland - Outback", "address": "72 King Street, Charleville, 4470", "web_link": null, "category": "other"}}, {"type": "Feature", "geometry": {"type": "Point", "coordinates": [147.10728575942022, -19.39580886]}, "properties": {"project_id": 44924, "name": "Cungulla Recreational Fishing and Social Club", "description": "for upgrades at the Cungulla Fishing and Social Club", "agency": "Department of Sport, Racing and Olympic and Paralympic Games", "type": "A plan for Queensland\u2019s future", "status": 2, "qld_funding": 60000, "fed_funding": 0, "local_funding": 0, "own_funding": 0, "private_funding": 0, "total_funding": 60000, "region_codes": [314], "region_lga": "Townsville City", "region_sed": "BURDEKIN", "region_sa4": "Townsville", "address": "15/19 Frank Randell Dr, Cape Cleveland QLD 4816", "web_link": null, "category": "other"}}, {"type": "Feature", "geometry": {"type": "Point", "coordinates": [145.6835749, -28.0700918]}, "properties": {"project_id": 44925, "name": "Cunnamulla swimming pool upgrade", "description": "to construct upgrades at the Cunnamulla Swimming Pool in line with the masterplan to enhance community recreation facilities. Part of the permanent Works for Queensland Program.", "agency": "Department of Local Government, Water and Volunteers", "type": "A better lifestyle through a stronger economy", "status": 2, "qld_funding": 600000, "fed_funding": 0, "local_funding": 0, "own_funding": 0, "private_funding": 0, "total_funding": 600000, "region_codes": [318], "region_lga": "Paroo Shire", "region_sed": "WARREGO", "region_sa4": "Queensland - Outback", "address": "John Street", "web_link": null, "category": "other"}}, {"type": "Feature", "geometry": {"type": "Point", "coordinates": [153.13365158, -26.76749674]}, "properties": {"project_id": 44928, "name": "Currimundi Community Hall ", "description": "for the upgrade of the Currimundi Community Hall, a community hub offering a multi-use meeting place", "agency": "Department of Families, Seniors, Disability Services and Child Safety", "type": "A better lifestyle through a stronger economy", "status": 2, "qld_funding": 1000000, "fed_funding": 0, "local_funding": 0, "own_funding": 0, "private_funding": 0, "total_funding": 1000000, "region_codes": [320], "region_lga": "Sunshine Coast Regional", "region_sed": "KAWANA", "region_sa4": "Sunshine Coast", "address": "CURRIMUNDI RD, CURRIMUNDI QLD 4551", "web_link": null, "category": "other"}}, {"type": "Feature", "geometry": {"type": "Point", "coordinates": [153.135518, -26.777613]}, "properties": {"project_id": 44929, "name": "Currimundi State School", "description": "to install new AV equipment or air-conditioning in school hall, as part of shared funding across Kawana state electorate", "agency": "Department of Education", "type": "A plan for Queensland\u2019s future", "status": 2, "qld_funding": 166000, "fed_funding": 0, "local_funding": 0, "own_funding": 0, "private_funding": 0, "total_funding": 166000, "region_codes": [320], "region_lga": "Sunshine Coast Regional", "region_sed": "KAWANA", "region_sa4": "Sunshine Coast", "address": "17 Buderim Street, Currimundi", "web_link": null, "category": "other"}}, {"type": "Feature", "geometry": {"type": "Point", "coordinates": [153.1294770182465, -26.76638747727082]}, "properties": {"project_id": 44930, "name": "Currimundi United Football Club", "description": "to upgrade the Currimundi United Football Clubhouse", "agency": "Department of Sport, Racing and Olympic and Paralympic Games", "type": "A plan for Queensland\u2019s future", "status": 2, "qld_funding": 1000000, "fed_funding": 0, "local_funding": 0, "own_funding": 0, "private_funding": 0, "total_funding": 1000000, "region_codes": [320], "region_lga": "Sunshine Coast Regional", "region_sed": "KAWANA", "region_sa4": "Sunshine Coast", "address": "28 GOTHIC PDE, CURRIMUNDI QLD 4551", "web_link": null, "category": "other"}}, {"type": "Feature", "geometry": {"type": "Point", "coordinates": [153.4604059, -28.1426343]}, "properties": {"project_id": 44931, "name": "Currumbin Eagles Rugby League Club", "description": "for a major upgrade to improve facilities", "agency": "Department of Sport, Racing and Olympic and Paralympic Games", "type": "A plan for Queensland\u2019s future", "status": 2, "qld_funding": 800000, "fed_funding": 0, "local_funding": 0, "own_funding": 0, "private_funding": 0, "total_funding": 800000, "region_codes": [309], "region_lga": "Gold Coast City", "region_sed": "CURRUMBIN", "region_sa4": "Gold Coast", "address": "26 GALLEON WAY, CURRUMBIN WATERS QLD 4223", "web_link": null, "category": "other"}}, {"type": "Feature", "geometry": {"type": "Point", "coordinates": [153.485206, -28.140085]}, "properties": {"project_id": 44932, "name": "Currumbin Wildlife Hospital", "description": "Boosting tourism and environment opportunities with a Currumbin Wildlife Hospital Research and Training Precinct.", "agency": "Department of the Environment, Tourism, Science and Innovation", "type": "A plan for Queensland\u2019s future", "status": 2, "qld_funding": 0, "fed_funding": 0, "local_funding": 0, "own_funding": 0, "private_funding": 0, "total_funding": 0, "region_codes": [309], "region_lga": "Gold Coast City", "region_sed": "CURRUMBIN", "region_sa4": "Gold Coast", "address": "", "web_link": null, "category": "other"}}, {"type": "Feature", "geometry": {"type": "Point", "coordinates": [152.9763765, -26.624878]}, "properties": {"project_id": 44933, "name": "Cycle lane construction on Petrie Creek Road - Sunshine Coast", "description": "to construct cycle lanes on both shoulders of Petrie Creek Road between Paynters Creek Road and Celestine Place in Nambour", "agency": "Department of Local Government, Water and Volunteers", "type": "A better lifestyle through a stronger economy", "status": 2, "qld_funding": 2000000, "fed_funding": 0, "local_funding": 0, "own_funding": 0, "private_funding": 0, "total_funding": 2000000, "region_codes": [320], "region_lga": "Sunshine Coast Regional", "region_sed": "NICKLIN", "region_sa4": "Sunshine Coast", "address": "Petries Creek Road", "web_link": null, "category": "other"}}, {"type": "Feature", "geometry": {"type": "Point", "coordinates": [139.5147674, -21.6939712]}, "properties": {"project_id": 44935, "name": "Dajarra Staff Accommodation", "description": "Staff accommodation will be delivered in Dajarra providing appropriate, safe, and fit-for-purpose accommodation.", "agency": "Queensland Health", "type": "Health services when you need them", "status": 2, "qld_funding": 0, "fed_funding": 0, "local_funding": 0, "own_funding": 0, "private_funding": 0, "total_funding": 0, "region_codes": [315], "region_lga": "Cloncurry Shire", "region_sed": "TRAEGER", "region_sa4": "Queensland - Outback", "address": "12 Matheson Street, Dajarra, 4825", "web_link": null, "category": "other"}}, {"type": "Feature", "geometry": {"type": "Point", "coordinates": [151.2595, -27.17815]}, "properties": {"project_id": 44937, "name": "Dalby State High School", "description": "Delivering a new multipurpose hall.", "agency": "Department of Education", "type": "A plan for Queensland\u2019s future", "status": 2, "qld_funding": 0, "fed_funding": 0, "local_funding": 0, "own_funding": 0, "private_funding": 0, "total_funding": 0, "region_codes": [307], "region_lga": "Western Downs Regional", "region_sed": "WARREGO", "region_sa4": "Darling Downs - Maranoa", "address": "26 Nicholson Street, Dalby", "web_link": null, "category": "other"}}, {"type": "Feature", "geometry": {"type": "Point", "coordinates": [146.73482, -24.507207]}, "properties": {"project_id": 44941, "name": "Dawson Developmental Road", "description": "Delivering upgrades to the Dawson Developmental Road (jointly funded with the Australian Government).", "agency": "Department of Transport and Main Roads", "type": "A plan for Queensland\u2019s future", "status": 2, "qld_funding": 0, "fed_funding": 0, "local_funding": 0, "own_funding": 0, "private_funding": 0, "total_funding": 0, "region_codes": [306], "region_lga": "Central Highlands Regional", "region_sed": "GREGORY", "region_sa4": "Central Queensland", "address": "", "web_link": null, "category": "other"}}, {"type": "Feature", "geometry": {"type": "Point", "coordinates": [152.81777, -27.19144]}, "properties": {"project_id": 44942, "name": "Dayboro Scout Group", "description": "for Dayboro Scouts' Hall to restore internal and external woodwork and paint.", "agency": "Department of Sport, Racing and Olympic and Paralympic Games", "type": "A plan for Queensland\u2019s future", "status": 2, "qld_funding": 500000, "fed_funding": 0, "local_funding": 0, "own_funding": 0, "private_funding": 0, "total_funding": 500000, "region_codes": [313], "region_lga": "Moreton Bay City", "region_sed": "PINE RIVERS", "region_sa4": "Moreton Bay - South", "address": "Don Kerr Memorial Drive, Dayboro QLD 4521", "web_link": null, "category": "other"}}, {"type": "Feature", "geometry": {"type": "Point", "coordinates": [152.787941, -27.00257]}, "properties": {"project_id": 44943, "name": "Delaneys Creek replacement rural fire brigade station", "description": "for the replacement of the rural fire brigade station at Delaneys Creek.", "agency": "Queensland Fire Department", "type": "Safety where you live", "status": 2, "qld_funding": 1400000, "fed_funding": 0, "local_funding": 0, "own_funding": 0, "private_funding": 0, "total_funding": 1400000, "region_codes": [313], "region_lga": "Moreton Bay City", "region_sed": "GLASS HOUSE", "region_sa4": "Moreton Bay - North", "address": null, "web_link": null, "category": "other"}}, {"type": "Feature", "geometry": {"type": "Point", "coordinates": [153.0888499, -27.44946362]}, "properties": {"project_id": 44946, "name": "Development of a Commercial Marina and Tourism Hub", "description": "for delivery of a commercial marina and tourism hub at Morningside.", "agency": "Department of the Environment, Tourism, Science and Innovation", "type": "A plan for Queensland\u2019s future", "status": 2, "qld_funding": 4000000, "fed_funding": 0, "local_funding": 0, "own_funding": 0, "private_funding": 0, "total_funding": 4000000, "region_codes": [302], "region_lga": "Brisbane City", "region_sed": "BULIMBA", "region_sa4": "Brisbane Inner City", "address": null, "web_link": null, "category": "other"}}, {"type": "Feature", "geometry": {"type": "Point", "coordinates": [152.94715008, -27.37844402]}, "properties": {"project_id": 44947, "name": "Dickson Men\u2019s Shed and Stationery Aid", "description": "to build new facilities for the Dickson Men's Shed and Stationery Aid at James Drysdale Reserve at Bunya.", "agency": "Department of Families, Seniors, Disability Services and Child Safety", "type": "A better lifestyle through a stronger economy", "status": 2, "qld_funding": 3100000, "fed_funding": 0, "local_funding": 0, "own_funding": 0, "private_funding": 0, "total_funding": 3100000, "region_codes": [313], "region_lga": "Moreton Bay City", "region_sed": "EVERTON", "region_sa4": "Moreton Bay - South", "address": "2 PINE HILLS DR, BUNYA QLD 4055", "web_link": null, "category": "other"}}, {"type": "Feature", "geometry": {"type": "Point", "coordinates": [153.13796537, -26.78161924]}, "properties": {"project_id": 44949, "name": "Dicky Beach Surf Life Saving Club", "description": "to upgrade Dicky Beach Surf Club with vital equipment", "agency": "Department of Sport, Racing and Olympic and Paralympic Games", "type": "A plan for Queensland\u2019s future", "status": 2, "qld_funding": 32000, "fed_funding": 0, "local_funding": 0, "own_funding": 0, "private_funding": 0, "total_funding": 32000, "region_codes": [320], "region_lga": "Sunshine Coast Regional", "region_sed": "CALOUNDRA", "region_sa4": "Sunshine Coast", "address": "1A COOCHIN ST, DICKY BEACH QLD 4551", "web_link": null, "category": "other"}}, {"type": "Feature", "geometry": {"type": "Point", "coordinates": [149.1509367340414, -21.039847433417794]}, "properties": {"project_id": 44953, "name": "Dolphins Football Club", "description": "for facilities upgrades and female change rooms", "agency": "Department of Sport, Racing and Olympic and Paralympic Games", "type": "A plan for Queensland\u2019s future", "status": 2, "qld_funding": 250000, "fed_funding": 0, "local_funding": 0, "own_funding": 0, "private_funding": 0, "total_funding": 250000, "region_codes": [312], "region_lga": "Mackay Regional", "region_sed": "WHITSUNDAY", "region_sa4": "Mackay - Isaac - Whitsunday", "address": "10 WALLACE ST, BUCASIA QLD 4750", "web_link": null, "category": "other"}}, {"type": "Feature", "geometry": {"type": "Point", "coordinates": [138.8260663, -17.9418374]}, "properties": {"project_id": 44957, "name": "Doomadgee cycleway upgrades", "description": "to deliver 2.3 km of shared walking and cycling infrastructure, improving access to essential services in the Doomadgee community.", "agency": "Department of Local Government, Water and Volunteers", "type": "A better lifestyle through a stronger economy", "status": 2, "qld_funding": 2230000, "fed_funding": 0, "local_funding": 0, "own_funding": 0, "private_funding": 0, "total_funding": 2230000, "region_codes": [315], "region_lga": "Doomadgee Aboriginal Shire", "region_sed": "TRAEGER", "region_sa4": "Queensland - Outback", "address": "275 Sharpe St", "web_link": null, "category": "other"}}, {"type": "Feature", "geometry": {"type": "Point", "coordinates": [148.0661968, -21.9983553]}, "properties": {"project_id": 44963, "name": "Early learning centre expansion in Moranbah", "description": "$1.6 million to remodel classrooms at Moranbah Early Learning Centre to create a more efficient layout and enable 25 additional childcare places. Part of the permanent Works for Queensland Program.", "agency": "Department of Local Government, Water and Volunteers", "type": "A better lifestyle through a stronger economy", "status": 2, "qld_funding": 1600000, "fed_funding": 0, "local_funding": 0, "own_funding": 0, "private_funding": 0, "total_funding": 1600000, "region_codes": [312], "region_lga": "Isaac Regional", "region_sed": "BURDEKIN", "region_sa4": "Mackay - Isaac - Whitsunday", "address": "221-227 Mills Avenue", "web_link": null, "category": "other"}}, {"type": "Feature", "geometry": {"type": "Point", "coordinates": [152.956074, -27.335429]}, "properties": {"project_id": 44964, "name": "Eatons Hill State School", "description": "for the drop-off pick-up area and car park.", "agency": "Department of Education", "type": "A plan for Queensland\u2019s future", "status": 2, "qld_funding": 500000, "fed_funding": 0, "local_funding": 0, "own_funding": 0, "private_funding": 0, "total_funding": 500000, "region_codes": [313], "region_lga": "Moreton Bay City", "region_sed": "EVERTON", "region_sa4": "Moreton Bay - South", "address": "Marylin Terrace, Eatons Hill", "web_link": null, "category": "other"}}, {"type": "Feature", "geometry": {"type": "Point", "coordinates": [145.7451563, -17.02093544]}, "properties": {"project_id": 44965, "name": "Edmonton police facility upgrade", "description": "Delivering further improvements and maintenance upgrades to Edmonton Police Station.", "agency": "Queensland Police Service", "type": "Safety where you live", "status": 2, "qld_funding": 35000000, "fed_funding": 0, "local_funding": 0, "own_funding": 0, "private_funding": 0, "total_funding": 35000000, "region_codes": [308], "region_lga": "Cairns Regional", "region_sed": "MULGRAVE", "region_sa4": "Cairns", "address": "", "web_link": null, "category": "other"}}, {"type": "Feature", "geometry": {"type": "Point", "coordinates": [149.1768183, -21.03308863]}, "properties": {"project_id": 44966, "name": "Eimeo Surf Life Saving Club", "description": "$50,000 for master-planning the site to maximise the club\u2019s potential.", "agency": "Department of Sport, Racing and Olympic and Paralympic Games", "type": "A plan for Queensland\u2019s future", "status": 2, "qld_funding": 50000, "fed_funding": 0, "local_funding": 0, "own_funding": 0, "private_funding": 0, "total_funding": 50000, "region_codes": [312], "region_lga": "Mackay Regional", "region_sed": "WHITSUNDAY", "region_sa4": "Mackay - Isaac - Whitsunday", "address": "", "web_link": null, "category": "other"}}, {"type": "Feature", "geometry": {"type": "Point", "coordinates": [153.449513, -28.128473]}, "properties": {"project_id": 44967, "name": "Elanora State High School", "description": "to fund a business case for a new STEM Centre of Excellence", "agency": "Department of Education", "type": "A plan for Queensland\u2019s future", "status": 2, "qld_funding": 500000, "fed_funding": 0, "local_funding": 0, "own_funding": 0, "private_funding": 0, "total_funding": 500000, "region_codes": [309], "region_lga": "Gold Coast City", "region_sed": "CURRUMBIN", "region_sa4": "Gold Coast", "address": "Cnr 19th Avenue & Avocado Street, Elanora", "web_link": null, "category": "other"}}, {"type": "Feature", "geometry": {"type": "Point", "coordinates": [148.1557082, -23.5149402]}, "properties": {"project_id": 44976, "name": "Emerald Hospital Central Sterilising Services Compliance Upgrade", "description": "to upgrade the Emerald Hospital Central Sterilising Services, as part of the newly uplifted Timely Investment Infrastructure Maintenance program.", "agency": "Queensland Health", "type": "Health services when you need them", "status": 2, "qld_funding": 9344423, "fed_funding": 0, "local_funding": 0, "own_funding": 0, "private_funding": 0, "total_funding": 9344423, "region_codes": [306], "region_lga": "Central Highlands Regional", "region_sed": "GREGORY", "region_sa4": "Central Queensland", "address": "69 Hospital Road, Emerald, 4720", "web_link": null, "category": "other"}}, {"type": "Feature", "geometry": {"type": "Point", "coordinates": [148.148529, -23.5222702]}, "properties": {"project_id": 44978, "name": "Emerald Saleyards concrete yard upgrade", "description": "to install a concrete slab in Andy's Yard at the Emerald Saleyards to improve safety, usability and livestock handling capacity.", "agency": "Department of Local Government, Water and Volunteers", "type": "A better lifestyle through a stronger economy", "status": 2, "qld_funding": 27500, "fed_funding": 0, "local_funding": 0, "own_funding": 0, "private_funding": 0, "total_funding": 27500, "region_codes": [306], "region_lga": "Central Highlands Regional", "region_sed": "GREGORY", "region_sa4": "Central Queensland", "address": "Emerald Saleyards", "web_link": null, "category": "other"}}, {"type": "Feature", "geometry": {"type": "Point", "coordinates": [148.1583, -23.513697]}, "properties": {"project_id": 44979, "name": "Emerald State High School", "description": "to deliver additional learning spaces", "agency": "Department of Education", "type": "A plan for Queensland\u2019s future", "status": 2, "qld_funding": 0, "fed_funding": 0, "local_funding": 0, "own_funding": 0, "private_funding": 0, "total_funding": 0, "region_codes": [306], "region_lga": "Central Highlands Regional", "region_sed": "GREGORY", "region_sa4": "Central Queensland", "address": "Old Airport Drive, Emerald", "web_link": null, "category": "other"}}, {"type": "Feature", "geometry": {"type": "Point", "coordinates": [150.820238, -23.267169]}, "properties": {"project_id": 44983, "name": "Emu Park Light Attack Fire Appliance", "description": "Delivering a light attack fire appliance at Emu Park Station to bolster frontline emergency resources.", "agency": "Queensland Fire Department", "type": "Safety where you live", "status": 2, "qld_funding": 0, "fed_funding": 0, "local_funding": 0, "own_funding": 0, "private_funding": 0, "total_funding": 0, "region_codes": [306], "region_lga": "Livingstone Shire", "region_sed": "KEPPEL", "region_sa4": "Central Queensland", "address": "", "web_link": null, "category": "other"}}, {"type": "Feature", "geometry": {"type": "Point", "coordinates": [145.247861, -15.460215]}, "properties": {"project_id": 44984, "name": "Endeavour River Pontoon", "description": "Delivering $500,000 towards the construction of a small craft pontoon on the Endeavour River in Cooktown.", "agency": "Department of Transport and Main Roads", "type": "A plan for Queensland\u2019s future", "status": 2, "qld_funding": 0, "fed_funding": 0, "local_funding": 0, "own_funding": 0, "private_funding": 0, "total_funding": 0, "region_codes": [308], "region_lga": "Cook Shire", "region_sed": "COOK", "region_sa4": null, "address": "", "web_link": null, "category": "other"}}, {"type": "Feature", "geometry": {"type": "Point", "coordinates": [139.560874, -25.1865]}, "properties": {"project_id": 44993, "name": "Eyre Developmental Road", "description": "Paving and sealing more of the Eyre Developmental Road (Bedourie-Birdsville, jointly funded with the Australian Government).", "agency": "Department of Transport and Main Roads", "type": "A plan for Queensland\u2019s future", "status": 2, "qld_funding": 0, "fed_funding": 0, "local_funding": 0, "own_funding": 0, "private_funding": 0, "total_funding": 0, "region_codes": [321], "region_lga": "Diamantina Shire", "region_sed": "GREGORY", "region_sa4": "Queensland - Outback", "address": "", "web_link": null, "category": "other"}}, {"type": "Feature", "geometry": {"type": "Point", "coordinates": [152.9395828, -27.4059956]}, "properties": {"project_id": 44998, "name": "Ferny Grove police facility upgrade", "description": "Commencing the upgrade of the Ferny Grove police facility, total investment of $7 million.", "agency": "Queensland Police Service", "type": "Safety where you live", "status": 2, "qld_funding": 0, "fed_funding": 0, "local_funding": 0, "own_funding": 0, "private_funding": 0, "total_funding": 0, "region_codes": [305], "region_lga": "Brisbane City", "region_sed": "FERNY GROVE", "region_sa4": "Brisbane - West", "address": "1212 SAMFORD RD, FERNY GROVE QLD 4055", "web_link": null, "category": "other"}}, {"type": "Feature", "geometry": {"type": "Point", "coordinates": [152.94441907605741, -27.40076765]}, "properties": {"project_id": 44999, "name": "Ferny Hills State School", "description": "for the Ferny Hills State School to install lighting on the oval", "agency": "Department of Sport, Racing and Olympic and Paralympic Games", "type": "A plan for Queensland\u2019s future", "status": 2, "qld_funding": 300000, "fed_funding": 0, "local_funding": 0, "own_funding": 0, "private_funding": 0, "total_funding": 300000, "region_codes": [313], "region_lga": "Moreton Bay City", "region_sed": "FERNY GROVE", "region_sa4": "Moreton Bay - South", "address": "", "web_link": null, "category": "other"}}, {"type": "Feature", "geometry": {"type": "Point", "coordinates": [152.944316, -27.400966]}, "properties": {"project_id": 45000, "name": "Ferny Hills State School", "description": "Delivering\u00a0facility upgrades at Ferny Hills State School, including lighting on the oval", "agency": "Department of Education", "type": "A plan for Queensland\u2019s future", "status": 2, "qld_funding": 0, "fed_funding": 0, "local_funding": 0, "own_funding": 0, "private_funding": 0, "total_funding": 0, "region_codes": [313], "region_lga": "Moreton Bay City", "region_sed": "FERNY GROVE", "region_sa4": "Moreton Bay - South", "address": null, "web_link": null, "category": "other"}}, {"type": "Feature", "geometry": {"type": "Point", "coordinates": [153.0056792, -27.60208]}, "properties": {"project_id": 45002, "name": "Fire Systems for Brisbane Recovery Centres", "description": "to install automated fire detection and suppression systems at four Resource Recovery Centres to enhance safety and reduce fire risk.", "agency": "Department of Local Government, Water and Volunteers", "type": "A better lifestyle through a stronger economy", "status": 2, "qld_funding": 1600000, "fed_funding": 0, "local_funding": 0, "own_funding": 0, "private_funding": 0, "total_funding": 1600000, "region_codes": [304], "region_lga": "Brisbane City", "region_sed": "ALGESTER", "region_sa4": "Brisbane - South", "address": "360 Sherbrooke Road", "web_link": null, "category": "other"}}, {"type": "Feature", "geometry": {"type": "Point", "coordinates": [152.6753797, -25.5528484]}, "properties": {"project_id": 45010, "name": "Flood Damage Repairs at Tinana Hall", "description": "to repair and restore walls, floors, ramp, electrical\ncabling, and kitchen at Tinana Hall following the 2022 floods\nin the Fraser Coast Region. ", "agency": "Department of Local Government, Water and Volunteers", "type": "A better lifestyle through a stronger economy", "status": 2, "qld_funding": 195000, "fed_funding": 0, "local_funding": 0, "own_funding": 0, "private_funding": 0, "total_funding": 195000, "region_codes": [322], "region_lga": "Fraser Coast Regional", "region_sed": "MARYBOROUGH", "region_sa4": "Wide Bay", "address": "Gympie Road", "web_link": null, "category": "other"}}, {"type": "Feature", "geometry": {"type": "Point", "coordinates": [139.5467033, -17.7409069]}, "properties": {"project_id": 45011, "name": "Flood level indicators for Burke Shire", "description": "to install and replace flood level indicators on local roads across the Shire to improve flood monitoring and community safety.", "agency": "Department of Local Government, Water and Volunteers", "type": "A better lifestyle through a stronger economy", "status": 2, "qld_funding": 75000, "fed_funding": 0, "local_funding": 0, "own_funding": 0, "private_funding": 0, "total_funding": 75000, "region_codes": [315], "region_lga": "Burke Shire", "region_sed": "TRAEGER", "region_sa4": "Queensland - Outback", "address": "Lot 65, Musgrave Street", "web_link": null, "category": "other"}}, {"type": "Feature", "geometry": {"type": "Point", "coordinates": [150.3371178, -24.1806204]}, "properties": {"project_id": 45013, "name": "Floodway upgrade on Jambin Goovigen Road in Banana Shire", "description": "to rehabilitate and widen the concrete floodway to improve flood immunity on Jambin Goovigen Road, Banana Shire", "agency": "Department of Local Government, Water and Volunteers", "type": "A better lifestyle through a stronger economy", "status": 2, "qld_funding": 300000, "fed_funding": 0, "local_funding": 0, "own_funding": 0, "private_funding": 0, "total_funding": 300000, "region_codes": [306], "region_lga": "Banana Shire", "region_sed": "CALLIDE", "region_sa4": "Central Queensland", "address": "Jambin Goovigen Road", "web_link": null, "category": "other"}}, {"type": "Feature", "geometry": {"type": "Point", "coordinates": [149.1512259, -21.12668067]}, "properties": {"project_id": 45015, "name": "Football Queensland", "description": "to the Mackay Football Park to build a large car park on the grounds", "agency": "Department of Sport, Racing and Olympic and Paralympic Games", "type": "A plan for Queensland\u2019s future", "status": 2, "qld_funding": 800000, "fed_funding": 0, "local_funding": 0, "own_funding": 0, "private_funding": 0, "total_funding": 800000, "region_codes": [312], "region_lga": "Mackay Regional", "region_sed": "MACKAY", "region_sa4": "Mackay - Isaac - Whitsunday", "address": "143-205 MEAKIN RD, SLACKS CREEK QLD 4127", "web_link": null, "category": "other"}}, {"type": "Feature", "geometry": {"type": "Point", "coordinates": [146.2975072, -18.7134115]}, "properties": {"project_id": 45018, "name": "Forrest Beach Walking Track", "description": "to expand the foreshore walking trail at Forrest Beach from the hotel to the boat ramp, improving access and recreational opportunities.", "agency": "Department of Local Government, Water and Volunteers", "type": "A better lifestyle through a stronger economy", "status": 2, "qld_funding": 200000, "fed_funding": 0, "local_funding": 0, "own_funding": 0, "private_funding": 0, "total_funding": 200000, "region_codes": [314], "region_lga": "Hinchinbrook Shire", "region_sed": "HINCHINBROOK", "region_sa4": "Townsville", "address": "22-24 Fern Street", "web_link": null, "category": "other"}}, {"type": "Feature", "geometry": {"type": "Point", "coordinates": [153.0176596, -27.4189447]}, "properties": {"project_id": 45019, "name": "Fortitude Valley Rugby League Football Club Junior Division", "description": "to deliver infrastructure upgrades for Valley's Football Club", "agency": "Department of Sport, Racing and Olympic and Paralympic Games", "type": "A plan for Queensland\u2019s future", "status": 2, "qld_funding": 900000, "fed_funding": 0, "local_funding": 0, "own_funding": 0, "private_funding": 0, "total_funding": 900000, "region_codes": [303], "region_lga": "Brisbane City", "region_sed": "STAFFORD", "region_sa4": "Brisbane Inner City", "address": "40 Bega Street, Grange, Queensland, 4051, Australia", "web_link": null, "category": "other"}}, {"type": "Feature", "geometry": {"type": "Point", "coordinates": [150.524802, -23.31456]}, "properties": {"project_id": 45020, "name": "Foulkes Street Intersection", "description": "Delivering signals to the Foulkes Street intersection in Norman Gardens.", "agency": "Department of Transport and Main Roads", "type": "A plan for Queensland\u2019s future", "status": 2, "qld_funding": 0, "fed_funding": 0, "local_funding": 0, "own_funding": 0, "private_funding": 0, "total_funding": 0, "region_codes": [306], "region_lga": "Rockhampton Regional", "region_sed": "KEPPEL", "region_sa4": "Central Queensland", "address": "", "web_link": null, "category": "other"}}, {"type": "Feature", "geometry": {"type": "Point", "coordinates": [152.82437097, -25.28513264]}, "properties": {"project_id": 45021, "name": "Fraser Community Meals on Wheels", "description": " for the Fraser Community Meals on Wheels service to\nbuy an automatic heat-sealing machine.", "agency": "Department of Families, Seniors, Disability Services and Child Safety", "type": "A better lifestyle through a stronger economy", "status": 2, "qld_funding": 25000, "fed_funding": 0, "local_funding": 0, "own_funding": 0, "private_funding": 0, "total_funding": 25000, "region_codes": [322], "region_lga": "Fraser Coast Regional", "region_sed": "HERVEY BAY", "region_sa4": "Wide Bay", "address": "39-41 ISLANDER RD, PIALBA QLD 4655", "web_link": null, "category": "other"}}, {"type": "Feature", "geometry": {"type": "Point", "coordinates": [153.030588, -27.255161]}, "properties": {"project_id": 45022, "name": "Freshwater Creek Boardwalk", "description": "Delivering a new active transport link and boardwalk over Freshwater Creek, connecting Griffin and Mango Hill.", "agency": "Department of Local Government, Water and Volunteers", "type": "A better lifestyle through a stronger economy", "status": 2, "qld_funding": 0, "fed_funding": 0, "local_funding": 0, "own_funding": 0, "private_funding": 0, "total_funding": 0, "region_codes": [313], "region_lga": "Moreton Bay City", "region_sed": "MURRUMBA", "region_sa4": "Moreton Bay - South", "address": "", "web_link": null, "category": "other"}}, {"type": "Feature", "geometry": {"type": "Point", "coordinates": [151.969248, -27.595978]}, "properties": {"project_id": 45040, "name": "Gabbinbar State School", "description": "for new covered access pathways.", "agency": "Department of Education", "type": "A plan for Queensland\u2019s future", "status": 2, "qld_funding": 100000, "fed_funding": 0, "local_funding": 0, "own_funding": 0, "private_funding": 0, "total_funding": 100000, "region_codes": [307], "region_lga": "Toowoomba Regional", "region_sed": "TOOWOOMBA SOUTH", "region_sa4": "Toowoomba", "address": "189 Stenner Street, Centenary Heights", "web_link": null, "category": "other"}}, {"type": "Feature", "geometry": {"type": "Point", "coordinates": [153.012559, -27.3557093]}, "properties": {"project_id": 45042, "name": "Games On! Aspley Hornets", "description": " for the Aspley Hornets Football clubhouse, as part of the Games On! Grassroots Infrastructure Program", "agency": "Department of Sport, Racing and Olympic and Paralympic Games", "type": "A plan for Queensland\u2019s future", "status": 2, "qld_funding": 1800000, "fed_funding": 0, "local_funding": 0, "own_funding": 0, "private_funding": 0, "total_funding": 1800000, "region_codes": [303], "region_lga": "Brisbane City", "region_sed": "ASPLEY", "region_sa4": "Brisbane - North", "address": "50 GRAHAM RD, CARSELDINE QLD 4034", "web_link": null, "category": "other"}}, {"type": "Feature", "geometry": {"type": "Point", "coordinates": [153.0544624, -27.12102313]}, "properties": {"project_id": 45043, "name": "Games On! Beachmere Rugby League", "description": "for lighting upgrades at the Beachmere Sports Club Complex, as part of the $250 million Games On! Grassroots Infrastructure Program.", "agency": "Department of Sport, Racing and Olympic and Paralympic Games", "type": "A plan for Queensland\u2019s future", "status": 2, "qld_funding": 153000, "fed_funding": 0, "local_funding": 0, "own_funding": 0, "private_funding": 0, "total_funding": 153000, "region_codes": [313], "region_lga": "Moreton Bay City", "region_sed": "PUMICESTONE", "region_sa4": "Moreton Bay - North", "address": "57 ROGERS ST, BEACHMERE QLD 4510", "web_link": null, "category": "other"}}, {"type": "Feature", "geometry": {"type": "Point", "coordinates": [153.1760633, -27.0805453]}, "properties": {"project_id": 45044, "name": "Games On! Bribie Island Netball Club", "description": "to resurface the netball courts at the Bribie Island Netball Club, as part of the $250 million Games On! Grassroots Infrastructure Program.", "agency": "Department of Sport, Racing and Olympic and Paralympic Games", "type": "A plan for Queensland\u2019s future", "status": 2, "qld_funding": 170500, "fed_funding": 0, "local_funding": 0, "own_funding": 0, "private_funding": 0, "total_funding": 170500, "region_codes": [313], "region_lga": "Moreton Bay City", "region_sed": "PUMICESTONE", "region_sa4": "Moreton Bay - North", "address": "138 FIRST AV, BONGAREE QLD 4507", "web_link": null, "category": "other"}}, {"type": "Feature", "geometry": {"type": "Point", "coordinates": [153.0472002, -27.4329511]}, "properties": {"project_id": 45045, "name": "Games On! Brothers Rugby Club", "description": "for upgrades at Brothers Rugby Club at Crosby Park, as part of the Games On! Grassroots Infrastructure Program.", "agency": "Department of Sport, Racing and Olympic and Paralympic Games", "type": "A plan for Queensland\u2019s future", "status": 2, "qld_funding": 6000000, "fed_funding": 0, "local_funding": 0, "own_funding": 0, "private_funding": 0, "total_funding": 6000000, "region_codes": [303], "region_lga": "Brisbane City", "region_sed": "CLAYFIELD", "region_sa4": "Brisbane Inner City", "address": "103 CROSBY RD, ALBION QLD 4010", "web_link": null, "category": "other"}}, {"type": "Feature", "geometry": {"type": "Point", "coordinates": [152.3273344, -24.9045269]}, "properties": {"project_id": 45046, "name": "Games On! Bundaberg Netball Association", "description": "to upgrade facilities at the Bundaberg Netball\nAssociation as part of the $250 million Games On! Grassroots\nInfrastructure Program.", "agency": "Department of Sport, Racing and Olympic and Paralympic Games", "type": "A plan for Queensland\u2019s future", "status": 2, "qld_funding": 620000, "fed_funding": 0, "local_funding": 0, "own_funding": 0, "private_funding": 0, "total_funding": 620000, "region_codes": [322], "region_lga": "Bundaberg Regional", "region_sed": "BUNDABERG", "region_sa4": "Wide Bay", "address": "40 ENID ETHEL DR, KENSINGTON QLD 4670", "web_link": null, "category": "other"}}, {"type": "Feature", "geometry": {"type": "Point", "coordinates": [147.41891655, -19.66313915]}, "properties": {"project_id": 45047, "name": "Games On! Burdekin Netball", "description": "Delivering facility upgrades at the Burdekin Netball Association.", "agency": "Department of Sport, Racing and Olympic and Paralympic Games", "type": "A plan for Queensland\u2019s future", "status": 2, "qld_funding": 0, "fed_funding": 0, "local_funding": 0, "own_funding": 0, "private_funding": 0, "total_funding": 0, "region_codes": [314], "region_lga": "Burdekin Shire", "region_sed": "BURDEKIN", "region_sa4": "Townsville", "address": "56 TWELFTH AV, HOME HILL QLD 4806", "web_link": null, "category": "other"}}, {"type": "Feature", "geometry": {"type": "Point", "coordinates": [152.33881254, -24.8744988]}, "properties": {"project_id": 45048, "name": "Games On! Burnett Bowls Club", "description": "for upgrades at the Burnett Bowls Club including\nbuilding a disabled toilet and club house 'face-lift,' as part of the\n$250 million Games On! Grassroots Infrastructure Program.", "agency": "Department of Sport, Racing and Olympic and Paralympic Games", "type": "A plan for Queensland\u2019s future", "status": 2, "qld_funding": 542000, "fed_funding": 0, "local_funding": 0, "own_funding": 0, "private_funding": 0, "total_funding": 542000, "region_codes": [322], "region_lga": "Bundaberg Regional", "region_sed": "BUNDABERG", "region_sa4": "Wide Bay", "address": "169B GEORGE ST, BUNDABERG WEST QLD 4670", "web_link": null, "category": "other"}}, {"type": "Feature", "geometry": {"type": "Point", "coordinates": [152.9447341, -27.5594609]}, "properties": {"project_id": 45049, "name": "Games On! Centenary Stormers Football Club", "description": "Delivering lighting upgrades at Centenary Stormers Football Club, as part of the $250 million Games On! Grassroots Infrastructure Program.", "agency": "Department of Sport, Racing and Olympic and Paralympic Games", "type": "A plan for Queensland\u2019s future", "status": 2, "qld_funding": 0, "fed_funding": 0, "local_funding": 0, "own_funding": 0, "private_funding": 0, "total_funding": 0, "region_codes": [304], "region_lga": "Brisbane City", "region_sed": "MOUNT OMMANEY", "region_sa4": "Ipswich", "address": "250 MONIER RD, DARRA QLD 4076", "web_link": null, "category": "other"}}, {"type": "Feature", "geometry": {"type": "Point", "coordinates": [153.1881168162322, -27.6646918]}, "properties": {"project_id": 45050, "name": "Games On! Cornubia Park Sporting Precinct", "description": "for upgrades to the Cornubia Park Sporting Precinct, as part of the Games On! Grassroots Infrastructure Program.", "agency": "Department of Sport, Racing and Olympic and Paralympic Games", "type": "A plan for Queensland\u2019s future", "status": 2, "qld_funding": 5600000, "fed_funding": 0, "local_funding": 0, "own_funding": 0, "private_funding": 0, "total_funding": 5600000, "region_codes": [311], "region_lga": "Logan City", "region_sed": "SPRINGWOOD", "region_sa4": "Logan - Beaudesert", "address": "", "web_link": null, "category": "other"}}, {"type": "Feature", "geometry": {"type": "Point", "coordinates": [153.06095589, -27.48388001]}, "properties": {"project_id": 45051, "name": "Games On! Easts Rugby Union", "description": "Delivering women's changerooms at Easts Rugby Union Club, as part of the $250 million Games On! Grassroots Infrastructure Program.", "agency": "Department of Sport, Racing and Olympic and Paralympic Games", "type": "A plan for Queensland\u2019s future", "status": 2, "qld_funding": 0, "fed_funding": 0, "local_funding": 0, "own_funding": 0, "private_funding": 0, "total_funding": 0, "region_codes": [302], "region_lga": "Brisbane City", "region_sed": "GREENSLOPES", "region_sa4": "Brisbane Inner City", "address": "31 HALIFAX ST, NORMAN PARK QLD 4170", "web_link": null, "category": "other"}}, {"type": "Feature", "geometry": {"type": "Point", "coordinates": [152.9879534, -27.4162997]}, "properties": {"project_id": 45052, "name": "Games On! Everton Park Roosters", "description": "for the Everton Park Roosters clubhouse, as part of the Games On! Grassroots Infrastructure Program.", "agency": "Department of Sport, Racing and Olympic and Paralympic Games", "type": "A plan for Queensland\u2019s future", "status": 2, "qld_funding": 750000, "fed_funding": 0, "local_funding": 0, "own_funding": 0, "private_funding": 0, "total_funding": 750000, "region_codes": [303], "region_lga": "Brisbane City", "region_sed": "EVERTON", "region_sa4": "Brisbane - West", "address": "95 HURDCOTTE ST, ENOGGERA QLD 4051", "web_link": null, "category": "other"}}, {"type": "Feature", "geometry": {"type": "Point", "coordinates": [151.94951, -24.97613]}, "properties": {"project_id": 45053, "name": "Games On! Gin Gin Athletics Club", "description": "for a facility upgrade of Gin Gin Athletics Club, as part\nof the Games On! Grassroots Infrastructure Program.", "agency": "Department of Sport, Racing and Olympic and Paralympic Games", "type": "A plan for Queensland\u2019s future", "status": 2, "qld_funding": 25000, "fed_funding": 0, "local_funding": 0, "own_funding": 0, "private_funding": 0, "total_funding": 25000, "region_codes": [322], "region_lga": "Bundaberg Regional", "region_sed": "CALLIDE", "region_sa4": "Wide Bay", "address": "78 RANGEVIEW RD, GIN GIN QLD 4671", "web_link": null, "category": "other"}}, {"type": "Feature", "geometry": {"type": "Point", "coordinates": [153.0185354, -27.4221816]}, "properties": {"project_id": 45054, "name": "Games On! Grange Thistle Football Club", "description": "for a new artificial turf field at Grange Thistle Football Club, as part of the Games On! Grassroots Infrastructure Program.", "agency": "Department of Sport, Racing and Olympic and Paralympic Games", "type": "A plan for Queensland\u2019s future", "status": 2, "qld_funding": 1500000, "fed_funding": 0, "local_funding": 0, "own_funding": 0, "private_funding": 0, "total_funding": 1500000, "region_codes": [303], "region_lga": "Brisbane City", "region_sed": "STAFFORD", "region_sa4": "Brisbane Inner City", "address": "57 Lanham Avenue, Grange, Queensland, 4051, Australia", "web_link": null, "category": "other"}}, {"type": "Feature", "geometry": {"type": "Point", "coordinates": [146.7377737, -19.2907893]}, "properties": {"project_id": 45058, "name": "Games On! Greenwood Park", "description": "Delivering upgrades to Greenwood Park Sporting Complex fields in Kirwan.", "agency": "Department of Sport, Racing and Olympic and Paralympic Games", "type": "A plan for Queensland\u2019s future", "status": 2, "qld_funding": 0, "fed_funding": 0, "local_funding": 0, "own_funding": 0, "private_funding": 0, "total_funding": 0, "region_codes": [314], "region_lga": "Townsville City", "region_sed": "THURINGOWA", "region_sa4": "Townsville", "address": "Lot 900 GREENWOOD DR, KIRWAN QLD 4817", "web_link": null, "category": "other"}}, {"type": "Feature", "geometry": {"type": "Point", "coordinates": [152.8650772, -25.30570467]}, "properties": {"project_id": 45059, "name": "Games On! Hervey Bay Bombers", "description": "for certified night lights for the Hervey Bay Bombers\nFootball Club, as part of the $250 million Games On! Grassroots\nInfrastructure Program.", "agency": "Department of Sport, Racing and Olympic and Paralympic Games", "type": "A plan for Queensland\u2019s future", "status": 2, "qld_funding": 190000, "fed_funding": 0, "local_funding": 0, "own_funding": 0, "private_funding": 0, "total_funding": 190000, "region_codes": [322], "region_lga": "Fraser Coast Regional", "region_sed": "HERVEY BAY", "region_sa4": "Wide Bay", "address": "", "web_link": null, "category": "other"}}, {"type": "Feature", "geometry": {"type": "Point", "coordinates": [153.0760271, -27.508673]}, "properties": {"project_id": 45060, "name": "Games On! Holland Park Hawks Football Club", "description": "Delivering women's changerooms at the Holland Park Hawks Football Club, as part of the $250 million Games On! Grassroots Infrastructure Program.", "agency": "Department of Sport, Racing and Olympic and Paralympic Games", "type": "A plan for Queensland\u2019s future", "status": 2, "qld_funding": 0, "fed_funding": 0, "local_funding": 0, "own_funding": 0, "private_funding": 0, "total_funding": 0, "region_codes": [302], "region_lga": "Brisbane City", "region_sed": "GREENSLOPES", "region_sa4": "Brisbane - South", "address": "254 Boundary Road, Camp Hill, Queensland, 4152, Australia", "web_link": null, "category": "other"}}, {"type": "Feature", "geometry": {"type": "Point", "coordinates": [152.9130992, -27.4196623]}, "properties": {"project_id": 45061, "name": "Games On! Honeyeater Park", "description": "towards the Honeyeater Park Sports Precinct to deliver a new playing field and connected facilities, in partnership with Brisbane City Council, as part of the Games On! Grassroots Infrastructure Program.", "agency": "Department of Sport, Racing and Olympic and Paralympic Games", "type": "A plan for Queensland\u2019s future", "status": 2, "qld_funding": 1500000, "fed_funding": 0, "local_funding": 0, "own_funding": 0, "private_funding": 0, "total_funding": 1500000, "region_codes": [305], "region_lga": "Brisbane City", "region_sed": "FERNY GROVE", "region_sa4": "Brisbane - West", "address": "", "web_link": null, "category": "other"}}, {"type": "Feature", "geometry": {"type": "Point", "coordinates": [146.1580231, -18.657003]}, "properties": {"project_id": 45062, "name": "Games On! Ingham Tennis Complex", "description": "Delivering stage 1 of major upgrade works at the Ingham Tennis Court Complex.", "agency": "Department of Sport, Racing and Olympic and Paralympic Games", "type": "A plan for Queensland\u2019s future", "status": 2, "qld_funding": 0, "fed_funding": 0, "local_funding": 0, "own_funding": 0, "private_funding": 0, "total_funding": 0, "region_codes": [314], "region_lga": "Hinchinbrook Shire", "region_sed": "HINCHINBROOK", "region_sa4": "Townsville", "address": "25 Cooper Street, Ingham, Queensland, 4850, Australia", "web_link": null, "category": "other"}}, {"type": "Feature", "geometry": {"type": "Point", "coordinates": [152.770474, -27.616251]}, "properties": {"project_id": 45063, "name": "Games On! Ipswich Tennis Court Upgrades", "description": "Delivering $780,000 for court upgrades at the iconic Queens Park tennis court in partnership with the Ipswich District Junior Tennis Association.", "agency": "Department of Sport, Racing and Olympic and Paralympic Games", "type": "A plan for Queensland\u2019s future", "status": 2, "qld_funding": 0, "fed_funding": 0, "local_funding": 0, "own_funding": 0, "private_funding": 0, "total_funding": 0, "region_codes": [310], "region_lga": "Ipswich City", "region_sed": "IPSWICH", "region_sa4": "Ipswich", "address": "76 Chermside Road, Ipswich QLD 4305", "web_link": null, "category": "other"}}, {"type": "Feature", "geometry": {"type": "Point", "coordinates": [153.3688601, -28.0169223]}, "properties": {"project_id": 45065, "name": "Games On! Magic United Football Club", "description": "towards delivering female change rooms, as part of the Games On! Grassroots Infrastructure Program.", "agency": "Department of Sport, Racing and Olympic and Paralympic Games", "type": "A plan for Queensland\u2019s future", "status": 2, "qld_funding": 480000, "fed_funding": 0, "local_funding": 0, "own_funding": 0, "private_funding": 0, "total_funding": 480000, "region_codes": [309], "region_lga": "Gold Coast City", "region_sed": "GAVEN", "region_sa4": "Gold Coast", "address": "Lot 17 BIRMINGHAM RD, CARRARA QLD 4211", "web_link": null, "category": "other"}}, {"type": "Feature", "geometry": {"type": "Point", "coordinates": [153.10055815, -26.65782696]}, "properties": {"project_id": 45067, "name": "Games On! Maroochydore Rugby Union Club", "description": " for major lighting upgrade at the Maroochydore Rugby Union Club, as part of the Games On! Grassroots Infrastructure Program.", "agency": "Department of Sport, Racing and Olympic and Paralympic Games", "type": "A plan for Queensland\u2019s future", "status": 2, "qld_funding": 620000, "fed_funding": 0, "local_funding": 0, "own_funding": 0, "private_funding": 0, "total_funding": 620000, "region_codes": [320], "region_lga": "Sunshine Coast Regional", "region_sed": "MAROOCHYDORE", "region_sa4": "Sunshine Coast", "address": "4 FIFTH AV, MAROOCHYDORE QLD 4558", "web_link": null, "category": "other"}}, {"type": "Feature", "geometry": {"type": "Point", "coordinates": [152.77883586, -27.5867533]}, "properties": {"project_id": 45068, "name": "Games On! Musketeers Baseball Club", "description": "to deliver grandstands for the Ipswich\nMusketeers Baseball Club, as part of the Games On!\nGrassroots Infrastructure Program.", "agency": "Department of Sport, Racing and Olympic and Paralympic Games", "type": "A plan for Queensland\u2019s future", "status": 2, "qld_funding": 150000, "fed_funding": 0, "local_funding": 0, "own_funding": 0, "private_funding": 0, "total_funding": 150000, "region_codes": [310], "region_lga": "Ipswich City", "region_sed": "IPSWICH WEST", "region_sa4": "Ipswich", "address": "69 CHURCH ST, TIVOLI QLD 4305", "web_link": null, "category": "other"}}, {"type": "Feature", "geometry": {"type": "Point", "coordinates": [152.9547386, -26.6795184]}, "properties": {"project_id": 45069, "name": "Games On! Palmwoods Warriors Football Club", "description": " for equipment and field upgrades, as part of the Games On! Grassroots Infrastructure Program.", "agency": "Department of Sport, Racing and Olympic and Paralympic Games", "type": "A plan for Queensland\u2019s future", "status": 2, "qld_funding": 540000, "fed_funding": 0, "local_funding": 0, "own_funding": 0, "private_funding": 0, "total_funding": 540000, "region_codes": [320], "region_lga": "Sunshine Coast Regional", "region_sed": "NICKLIN", "region_sa4": "Sunshine Coast", "address": "95 JUBILEE DR, PALMWOODS QLD 4555", "web_link": null, "category": "other"}}, {"type": "Feature", "geometry": {"type": "Point", "coordinates": [153.07444908, -27.21327965]}, "properties": {"project_id": 45070, "name": "Games On! Redcliffe Tigers AFL Club", "description": "to design female change rooms for the Redcliffe Tigers, as part of the Games On! Grassroots Infrastructure Program.", "agency": "Department of Sport, Racing and Olympic and Paralympic Games", "type": "A plan for Queensland\u2019s future", "status": 2, "qld_funding": 200000, "fed_funding": 0, "local_funding": 0, "own_funding": 0, "private_funding": 0, "total_funding": 200000, "region_codes": [313], "region_lga": "Moreton Bay City", "region_sed": "MURRUMBA", "region_sa4": "Moreton Bay - North", "address": "30 NATHAN RD, KIPPA-RING QLD 4021", "web_link": null, "category": "other"}}, {"type": "Feature", "geometry": {"type": "Point", "coordinates": [153.23468211, -27.48880948]}, "properties": {"project_id": 45071, "name": "Games On! Redlands Cricket Club", "description": "to deliver new women's changeroom and\nbathroom block at the club's playing fields at EGW Wood\nSportsground, as part of the $250 million Games On!\nGrassroots Infrastructure Program.", "agency": "Department of Sport, Racing and Olympic and Paralympic Games", "type": "A plan for Queensland\u2019s future", "status": 2, "qld_funding": 1000000, "fed_funding": 0, "local_funding": 0, "own_funding": 0, "private_funding": 0, "total_funding": 1000000, "region_codes": [316], "region_lga": "Redland City", "region_sed": "OODGEROO", "region_sa4": "Brisbane - East", "address": "347-371 BIRKDALE RD, WELLINGTON POINT QLD 4160", "web_link": null, "category": "other"}}, {"type": "Feature", "geometry": {"type": "Point", "coordinates": [150.52156, -23.319631]}, "properties": {"project_id": 45072, "name": "Games On! Rockhampton Sports Precinct", "description": "for Rockhampton Sports Precinct Stage 1 to build a new home for netball with 16 outdoor courts, club house, changeroom facilities, and community play spaces, as part of the Games On! Grassroots Infrastructure Program.", "agency": "Department of Sport, Racing and Olympic and Paralympic Games", "type": "A plan for Queensland\u2019s future", "status": 2, "qld_funding": 47000000, "fed_funding": 0, "local_funding": 0, "own_funding": 0, "private_funding": 0, "total_funding": 47000000, "region_codes": [306], "region_lga": "Rockhampton Regional", "region_sed": "KEPPEL", "region_sa4": "Central Queensland", "address": "", "web_link": null, "category": "other"}}, {"type": "Feature", "geometry": {"type": "Point", "coordinates": [153.1572865, -27.64313674]}, "properties": {"project_id": 45073, "name": "Games On! Slacks Creek RLFC", "description": "to upgrade the Slacks Creek Rugby League Football Club field, as part of the Games On! Grassroots Infrastructure Program.", "agency": "Department of Sport, Racing and Olympic and Paralympic Games", "type": "A plan for Queensland\u2019s future", "status": 2, "qld_funding": 300000, "fed_funding": 0, "local_funding": 0, "own_funding": 0, "private_funding": 0, "total_funding": 300000, "region_codes": [311], "region_lga": "Logan City", "region_sed": "SPRINGWOOD", "region_sa4": "Logan - Beaudesert", "address": "", "web_link": null, "category": "other"}}, {"type": "Feature", "geometry": {"type": "Point", "coordinates": [153.01879837, -27.57685317]}, "properties": {"project_id": 45074, "name": "Games On! Souths Acacia Ridge Rugby League Football Club", "description": "for a lighting upgrade at the Mortimer Road facility", "agency": "Department of Sport, Racing and Olympic and Paralympic Games", "type": "A plan for Queensland\u2019s future", "status": 2, "qld_funding": 200000, "fed_funding": 0, "local_funding": 0, "own_funding": 0, "private_funding": 0, "total_funding": 200000, "region_codes": [304], "region_lga": "Brisbane City", "region_sed": "ALGESTER", "region_sa4": "Brisbane - South", "address": "142-174 MORTIMER RD, ACACIA RIDGE QLD 4110", "web_link": null, "category": "other"}}, {"type": "Feature", "geometry": {"type": "Point", "coordinates": [153.0252946, -27.52010704]}, "properties": {"project_id": 45075, "name": "Games On! Souths Rugby Union Club", "description": "to finish upgrades to their clubhouse and facilities, as part of the $250 million Games On! Grassroots Infrastructure Program.", "agency": "Department of Sport, Racing and Olympic and Paralympic Games", "type": "A plan for Queensland\u2019s future", "status": 2, "qld_funding": 1000000, "fed_funding": 0, "local_funding": 0, "own_funding": 0, "private_funding": 0, "total_funding": 1000000, "region_codes": [304], "region_lga": "Brisbane City", "region_sed": "MILLER", "region_sa4": "Brisbane - South", "address": "", "web_link": null, "category": "other"}}, {"type": "Feature", "geometry": {"type": "Point", "coordinates": [153.05726439, -27.58105]}, "properties": {"project_id": 45076, "name": "Games On! Souths Sunnybank Rugby League Football  Club", "description": "for field returfing, as part of the Games On! Grassroots Infrastructure Program.", "agency": "Department of Sport, Racing and Olympic and Paralympic Games", "type": "A plan for Queensland\u2019s future", "status": 2, "qld_funding": 180000, "fed_funding": 0, "local_funding": 0, "own_funding": 0, "private_funding": 0, "total_funding": 180000, "region_codes": [304], "region_lga": "Brisbane City", "region_sed": "TOOHEY", "region_sa4": "Brisbane - South", "address": "82 WOFF ST, SUNNYBANK QLD 4109", "web_link": null, "category": "other"}}, {"type": "Feature", "geometry": {"type": "Point", "coordinates": [153.193198, -27.9413496]}, "properties": {"project_id": 45077, "name": "Games On! Tamborine Mountain Sports Association", "description": " to be utilised as a bridge to accessing other funding streams or on one or more discrete projects which advance the Master Plan, as part of the $250 million Games On! Grassroots Infrastructure Program.", "agency": "Department of Sport, Racing and Olympic and Paralympic Games", "type": "A plan for Queensland\u2019s future", "status": 2, "qld_funding": 1000000, "fed_funding": 0, "local_funding": 0, "own_funding": 0, "private_funding": 0, "total_funding": 1000000, "region_codes": [317], "region_lga": "Scenic Rim Regional", "region_sed": "SCENIC RIM", "region_sa4": "Gold Coast", "address": "", "web_link": null, "category": "other"}}, {"type": "Feature", "geometry": {"type": "Point", "coordinates": [153.0236593, -26.38902066]}, "properties": {"project_id": 45078, "name": "Games On! Tewantin Noosa Tennis Club", "description": "to upgrade lighting, as part of the Games On! Grassroots Infrastructure Program.", "agency": "Department of Sport, Racing and Olympic and Paralympic Games", "type": "A plan for Queensland\u2019s future", "status": 2, "qld_funding": 44000, "fed_funding": 0, "local_funding": 0, "own_funding": 0, "private_funding": 0, "total_funding": 44000, "region_codes": [320], "region_lga": "Noosa Shire", "region_sed": "NOOSA", "region_sa4": "Sunshine Coast", "address": "", "web_link": null, "category": "other"}}, {"type": "Feature", "geometry": {"type": "Point", "coordinates": [153.2338367, -27.48998892]}, "properties": {"project_id": 45079, "name": "Games On! Wellington Point Bowls Club", "description": "to install shade and synthetic surfaces, as part of the Games On! Grassroots Infrastructure Program.", "agency": "Department of Sport, Racing and Olympic and Paralympic Games", "type": "A plan for Queensland\u2019s future", "status": 2, "qld_funding": 1000000, "fed_funding": 0, "local_funding": 0, "own_funding": 0, "private_funding": 0, "total_funding": 1000000, "region_codes": [316], "region_lga": "Redland City", "region_sed": "OODGEROO", "region_sa4": "Brisbane - East", "address": "", "web_link": null, "category": "other"}}, {"type": "Feature", "geometry": {"type": "Point", "coordinates": [152.3115263, -24.89767739]}, "properties": {"project_id": 45080, "name": "Games On! Wide Bay Sports Academy", "description": "for Wide Bay Sports Academy to support young local\nathletes aged 13-19 years excel in their chosen sport, as part of\nthe $250 million Games On! Grassroots Infrastructure Program.", "agency": "Department of Sport, Racing and Olympic and Paralympic Games", "type": "A plan for Queensland\u2019s future", "status": 2, "qld_funding": 300000, "fed_funding": 0, "local_funding": 0, "own_funding": 0, "private_funding": 0, "total_funding": 300000, "region_codes": [322], "region_lga": "Bundaberg Regional", "region_sed": "BUNDABERG", "region_sa4": "Wide Bay", "address": "6 UNIVERSITY DR, BRANYAN QLD 4670", "web_link": null, "category": "other"}}, {"type": "Feature", "geometry": {"type": "Point", "coordinates": [151.8155819, -26.40978814]}, "properties": {"project_id": 45081, "name": "Games On! Wooroolin Skate Park", "description": "for a new skate park in Wooroolin", "agency": "Department of Sport, Racing and Olympic and Paralympic Games", "type": "A plan for Queensland\u2019s future", "status": 2, "qld_funding": 150000, "fed_funding": 0, "local_funding": 0, "own_funding": 0, "private_funding": 0, "total_funding": 150000, "region_codes": [307], "region_lga": "South Burnett Regional", "region_sed": "NANANGO", "region_sa4": "Wide Bay", "address": "41-45 GLENDON ST, KINGAROY QLD 4610", "web_link": null, "category": "other"}}, {"type": "Feature", "geometry": {"type": "Point", "coordinates": [153.10748923, -26.79237498]}, "properties": {"project_id": 45083, "name": "Gateway Care", "description": "total spend to expand Gateway Care, a Caloundra based food rescue organisation, to help welfare recipients with low cost groceries.", "agency": "Department of Families, Seniors, Disability Services and Child Safety", "type": "A better lifestyle through a stronger economy", "status": 2, "qld_funding": 5000000, "fed_funding": 0, "local_funding": 0, "own_funding": 0, "private_funding": 0, "total_funding": 5000000, "region_codes": [320], "region_lga": "Sunshine Coast Regional", "region_sed": "KAWANA", "region_sa4": "Sunshine Coast", "address": "11 HELEN ST, CALOUNDRA WEST QLD 4551", "web_link": null, "category": "other"}}, {"type": "Feature", "geometry": {"type": "Point", "coordinates": [152.33115, -27.54435]}, "properties": {"project_id": 45084, "name": "Gatton Research Facility Glasshouse", "description": "for construction of a 6 bay glasshouse to support ongoing research activities", "agency": "Department of Primary Industries", "type": "A better lifestyle through a stronger economy", "status": 2, "qld_funding": 4545000, "fed_funding": 0, "local_funding": 0, "own_funding": 0, "private_funding": 0, "total_funding": 4545000, "region_codes": [310], "region_lga": "Lockyer Valley Regional", "region_sed": "LOCKYER", "region_sa4": "Toowoomba", "address": null, "web_link": null, "category": "other"}}, {"type": "Feature", "geometry": {"type": "Point", "coordinates": [152.184594, -27.576153]}, "properties": {"project_id": 45085, "name": "Gatton-Helidon Road", "description": "Delivering essential upgrades to the Gatton-Helidon Road.", "agency": "Department of Transport and Main Roads", "type": "A plan for Queensland\u2019s future", "status": 2, "qld_funding": 0, "fed_funding": 0, "local_funding": 0, "own_funding": 0, "private_funding": 0, "total_funding": 0, "region_codes": [310], "region_lga": "Lockyer Valley Regional", "region_sed": "LOCKYER", "region_sa4": "Toowoomba", "address": "", "web_link": null, "category": "other"}}, {"type": "Feature", "geometry": {"type": "Point", "coordinates": [151.605979, -25.623852]}, "properties": {"project_id": 45086, "name": "Gayndah State School", "description": "Delivering a new covered access ramp to Block C.", "agency": "Department of Education", "type": "A plan for Queensland\u2019s future", "status": 2, "qld_funding": 0, "fed_funding": 0, "local_funding": 0, "own_funding": 0, "private_funding": 0, "total_funding": 0, "region_codes": [322], "region_lga": "North Burnett Regional", "region_sed": "CALLIDE", "region_sa4": "Wide Bay", "address": "33 Meson Street, Gayndah", "web_link": null, "category": "other"}}, {"type": "Feature", "geometry": {"type": "Point", "coordinates": [153.0140762, -27.41316356]}, "properties": {"project_id": 45087, "name": "Gibson Park Committee", "description": "to deliver upgrades to lights at Gibson Park for the Brothers Junior Rugby League Football Club, Stafford", "agency": "Department of Sport, Racing and Olympic and Paralympic Games", "type": "A plan for Queensland\u2019s future", "status": 2, "qld_funding": 400000, "fed_funding": 0, "local_funding": 0, "own_funding": 0, "private_funding": 0, "total_funding": 400000, "region_codes": [303], "region_lga": "Brisbane City", "region_sed": "STAFFORD", "region_sa4": "Brisbane - North", "address": "", "web_link": null, "category": "other"}}, {"type": "Feature", "geometry": {"type": "Point", "coordinates": [151.26187, -23.841684]}, "properties": {"project_id": 45089, "name": "Gladstone Port Access", "description": "Delivering improved heavy vehicle access to Gladstone Port,  jointly funded with the Australian Government.", "agency": "Department of Transport and Main Roads", "type": "A plan for Queensland\u2019s future", "status": 2, "qld_funding": 0, "fed_funding": 0, "local_funding": 0, "own_funding": 0, "private_funding": 0, "total_funding": 0, "region_codes": [306], "region_lga": "Gladstone Regional", "region_sed": "GLADSTONE", "region_sa4": "Central Queensland", "address": "", "web_link": null, "category": "other"}}, {"type": "Feature", "geometry": {"type": "Point", "coordinates": [152.982453, -27.937813]}, "properties": {"project_id": 45091, "name": "Gleneagle State School", "description": "for school playground and tuckshop upgrades.", "agency": "Department of Education", "type": "A plan for Queensland\u2019s future", "status": 2, "qld_funding": 500000, "fed_funding": 0, "local_funding": 0, "own_funding": 0, "private_funding": 0, "total_funding": 500000, "region_codes": [317], "region_lga": "Scenic Rim Regional", "region_sed": "SCENIC RIM", "region_sa4": "Logan - Beaudesert", "address": "", "web_link": null, "category": "other"}}, {"type": "Feature", "geometry": {"type": "Point", "coordinates": [150.5113976, -23.33171292]}, "properties": {"project_id": 45092, "name": "Glenmore Bulls Australian Football Club", "description": "for amenity upgrades including female changerooms", "agency": "Department of Sport, Racing and Olympic and Paralympic Games", "type": "A plan for Queensland\u2019s future", "status": 2, "qld_funding": 200000, "fed_funding": 0, "local_funding": 0, "own_funding": 0, "private_funding": 0, "total_funding": 200000, "region_codes": [306], "region_lga": "Rockhampton Regional", "region_sed": "ROCKHAMPTON", "region_sa4": "Central Queensland", "address": "20 MCLAUGHLIN ST, KAWANA QLD 4701", "web_link": null, "category": "other"}}, {"type": "Feature", "geometry": {"type": "Point", "coordinates": [151.8910936, -27.5720574]}, "properties": {"project_id": 45093, "name": "Glenvale water mains upgrade", "description": "to construct a direct supply main on Greenwattle Street into Glenvale Reservoir to ensure flowrate and pressure", "agency": "Department of Local Government, Water and Volunteers", "type": "A better lifestyle through a stronger economy", "status": 2, "qld_funding": 2700000, "fed_funding": 0, "local_funding": 0, "own_funding": 0, "private_funding": 0, "total_funding": 2700000, "region_codes": [307], "region_lga": "Toowoomba Regional", "region_sed": "CONDAMINE", "region_sa4": "Toowoomba", "address": "Reithmuller Road", "web_link": null, "category": "other"}}, {"type": "Feature", "geometry": {"type": "Point", "coordinates": [153.3858511, -27.96121022]}, "properties": {"project_id": 45096, "name": "Gold Coast Community Child and Youth Mental Health Facility Proxima Relocation", "description": "to relocate Child Youth Mental Health Services to enable Adult Community Health to expand.", "agency": "Queensland Health", "type": "Health services when you need them", "status": 2, "qld_funding": 8938000, "fed_funding": 0, "local_funding": 0, "own_funding": 0, "private_funding": 0, "total_funding": 8938000, "region_codes": [309], "region_lga": "Gold Coast City", "region_sed": "BONNEY", "region_sa4": "Gold Coast", "address": "22 Frazer St, Southport, 4215", "web_link": null, "category": "other"}}, {"type": "Feature", "geometry": {"type": "Point", "coordinates": [153.3640043, -28.0041413]}, "properties": {"project_id": 45097, "name": "Gold Coast Football Club", "description": "to expand the Gold Coast Suns AFL training academy for upgrades to change rooms, gym, training and recovery equipment and meeting rooms", "agency": "Department of Sport, Racing and Olympic and Paralympic Games", "type": "A plan for Queensland\u2019s future", "status": 2, "qld_funding": 2000000, "fed_funding": 0, "local_funding": 0, "own_funding": 0, "private_funding": 0, "total_funding": 2000000, "region_codes": [309], "region_lga": "Gold Coast City", "region_sed": "GAVEN", "region_sa4": "Gold Coast", "address": "296-340 NERANG BROADBEACH RD, CARRARA QLD 4211", "web_link": null, "category": "other"}}, {"type": "Feature", "geometry": {"type": "Point", "coordinates": [153.452336, -28.095319]}, "properties": {"project_id": 45099, "name": "Gold Coast Highway WIldlife Crossing", "description": "Supporting the environment with a wildlife crossing over the Gold Coast Highway between Burleigh Ridge Park and Burleigh Heads National Park.", "agency": "Department of Transport and Main Roads", "type": "A plan for Queensland\u2019s future", "status": 2, "qld_funding": 0, "fed_funding": 0, "local_funding": 0, "own_funding": 0, "private_funding": 0, "total_funding": 0, "region_codes": [309], "region_lga": "Gold Coast City", "region_sed": "BURLEIGH", "region_sa4": "Gold Coast", "address": "", "web_link": null, "category": "other"}}, {"type": "Feature", "geometry": {"type": "Point", "coordinates": [153.42905671, -28.06342548]}, "properties": {"project_id": 45100, "name": "Gold Coast Lapidary Club Relocation", "description": "to support the relocation of the Gold Coast Lapidary Club.", "agency": "Department of Families, Seniors, Disability Services and Child Safety", "type": "A better lifestyle through a stronger economy", "status": 2, "qld_funding": 850000, "fed_funding": 0, "local_funding": 0, "own_funding": 0, "private_funding": 0, "total_funding": 850000, "region_codes": [309], "region_lga": "Gold Coast City", "region_sed": "MERMAID BEACH", "region_sa4": "Gold Coast", "address": "80 PACIFIC AV, MIAMI QLD 4220", "web_link": null, "category": "other"}}, {"type": "Feature", "geometry": {"type": "Point", "coordinates": [153.465567, -28.108406]}, "properties": {"project_id": 45101, "name": "Gold Coast Light Rail Stage Four Review", "description": "Conducting a complete review of the proposed stage four extension of the Gold Coast light rail project to Gold Coast airport, with alternative routes and modes of transport considered", "agency": "Department of State Development, Infrastructure and Planning", "type": "A better lifestyle through a stronger economy", "status": 2, "qld_funding": 0, "fed_funding": 0, "local_funding": 0, "own_funding": 0, "private_funding": 0, "total_funding": 0, "region_codes": [309], "region_lga": "Gold Coast City", "region_sed": "BURLEIGH", "region_sa4": "Gold Coast", "address": "", "web_link": null, "category": "other"}}, {"type": "Feature", "geometry": {"type": "Point", "coordinates": [153.42222933, -28.12926012]}, "properties": {"project_id": 45103, "name": "Gold Coast United", "description": "to upgrade their lights", "agency": "Department of Sport, Racing and Olympic and Paralympic Games", "type": "A plan for Queensland\u2019s future", "status": 2, "qld_funding": 220000, "fed_funding": 0, "local_funding": 0, "own_funding": 0, "private_funding": 0, "total_funding": 220000, "region_codes": [309], "region_lga": "Gold Coast City", "region_sed": "CURRUMBIN", "region_sa4": "Gold Coast", "address": "233 TALLEBUDGERA CREEK RD, TALLEBUDGERA QLD 4228", "web_link": null, "category": "other"}}, {"type": "Feature", "geometry": {"type": "Point", "coordinates": [153.3818672, -27.95936842]}, "properties": {"project_id": 45104, "name": "Gold Coast University Hospital Generator Expansion", "description": "to expand generators at GCUH meeting growth and demand for backup power, as part of the newly uplifted Timely Investment Infrastructure Maintenance program.", "agency": "Queensland Health", "type": "Health services when you need them", "status": 2, "qld_funding": 22420677, "fed_funding": 0, "local_funding": 0, "own_funding": 0, "private_funding": 0, "total_funding": 22420677, "region_codes": [309], "region_lga": "Gold Coast City", "region_sed": "BONNEY", "region_sa4": "Gold Coast", "address": "1 Hospital Boulevard, Southport, 4215", "web_link": null, "category": "other"}}, {"type": "Feature", "geometry": {"type": "Point", "coordinates": [152.8979774, -27.61256541]}, "properties": {"project_id": 45107, "name": "Goodna police facility upgrade", "description": "Commencing the upgrade of the Goodna police facility,\nworth $15 million.", "agency": "Queensland Police Service", "type": "Safety where you live", "status": 2, "qld_funding": 0, "fed_funding": 0, "local_funding": 0, "own_funding": 0, "private_funding": 0, "total_funding": 0, "region_codes": [310], "region_lga": "Ipswich City", "region_sed": "BUNDAMBA", "region_sa4": "Ipswich", "address": "21 CHURCH ST, GOODNA QLD 4300", "web_link": null, "category": "other"}}, {"type": "Feature", "geometry": {"type": "Point", "coordinates": [151.852555, -27.302058]}, "properties": {"project_id": 45108, "name": "Goombungee State School", "description": "for school playground and tuckshop upgrades.", "agency": "Department of Education", "type": "A plan for Queensland\u2019s future", "status": 2, "qld_funding": 401000, "fed_funding": 0, "local_funding": 0, "own_funding": 0, "private_funding": 0, "total_funding": 401000, "region_codes": [307], "region_lga": "Toowoomba Regional", "region_sed": "CONDAMINE", "region_sa4": "Darling Downs - Maranoa", "address": "52 Mocatta Street, Goombungee", "web_link": null, "category": "other"}}, {"type": "Feature", "geometry": {"type": "Point", "coordinates": [150.31343388, -28.54630628]}, "properties": {"project_id": 45109, "name": "Goondiwindi Neighbourhood Centre", "description": "for a new Goondiwindi Neighbourhood Centre in Southern Downs to expand services and provide more support for at-risk children and their families.", "agency": "Department of Families, Seniors, Disability Services and Child Safety", "type": "A better lifestyle through a stronger economy", "status": 2, "qld_funding": 2000000, "fed_funding": 0, "local_funding": 0, "own_funding": 0, "private_funding": 0, "total_funding": 2000000, "region_codes": [319], "region_lga": "Goondiwindi Regional", "region_sed": "SOUTHERN DOWNS", "region_sa4": "Darling Downs - Maranoa", "address": "111 CALLANDOON ST, GOONDIWINDI QLD 4390", "web_link": null, "category": "other"}}, {"type": "Feature", "geometry": {"type": "Point", "coordinates": [150.2706023, -28.5244669]}, "properties": {"project_id": 45110, "name": "Goondiwindi road design improvements", "description": "to design improved pavement and drainage on Town Common Road, enhancing heavy vehicle access and flood resilience.", "agency": "Department of Local Government, Water and Volunteers", "type": "A better lifestyle through a stronger economy", "status": 2, "qld_funding": 60000, "fed_funding": 0, "local_funding": 0, "own_funding": 0, "private_funding": 0, "total_funding": 60000, "region_codes": [319], "region_lga": "Goondiwindi Regional", "region_sed": "SOUTHERN DOWNS", "region_sa4": "Darling Downs - Maranoa", "address": "Town Common Road", "web_link": null, "category": "other"}}, {"type": "Feature", "geometry": {"type": "Point", "coordinates": [150.3021197, -28.54778825]}, "properties": {"project_id": 45111, "name": "Goondiwindi Staff Accommodation Upgrade", "description": " to upgrade staff accommodation to aid recruitment and retention.", "agency": "Queensland Health", "type": "Health services when you need them", "status": 2, "qld_funding": 6904173, "fed_funding": 0, "local_funding": 0, "own_funding": 0, "private_funding": 0, "total_funding": 6904173, "region_codes": [319], "region_lga": "Goondiwindi Regional", "region_sed": "SOUTHERN DOWNS", "region_sa4": "Darling Downs - Maranoa", "address": "Bowen Street, Goondiwindi, 4390", "web_link": null, "category": "other"}}, {"type": "Feature", "geometry": {"type": "Point", "coordinates": [150.45184619599274, -23.440878398484678]}, "properties": {"project_id": 45112, "name": "Gracemere Junior Rugby League", "description": "for Gracemere Junior Rugby League Club and Gracemere Netball to build a new clubhouse for the two clubs", "agency": "Department of Sport, Racing and Olympic and Paralympic Games", "type": "A plan for Queensland\u2019s future", "status": 2, "qld_funding": 3000000, "fed_funding": 0, "local_funding": 0, "own_funding": 0, "private_funding": 0, "total_funding": 3000000, "region_codes": [306], "region_lga": "Rockhampton Regional", "region_sed": "ROCKHAMPTON", "region_sa4": "Central Queensland", "address": "28 FISHER ST, GRACEMERE QLD 4702", "web_link": null, "category": "other"}}, {"type": "Feature", "geometry": {"type": "Point", "coordinates": [149.18422, -21.15913]}, "properties": {"project_id": 45113, "name": "Great Barrier Reef Arena", "description": "for stage two Great Barrier Reef Arena upgrade at Harrup Park to deliver community sport, education, and training facility. ", "agency": "Department of Sport, Racing and Olympic and Paralympic Games", "type": "A plan for Queensland\u2019s future", "status": 2, "qld_funding": 23500000, "fed_funding": 0, "local_funding": 0, "own_funding": 0, "private_funding": 0, "total_funding": 23500000, "region_codes": [312], "region_lga": "Mackay Regional", "region_sed": "MACKAY", "region_sa4": "Mackay - Isaac - Whitsunday", "address": "", "web_link": null, "category": "other"}}, {"type": "Feature", "geometry": {"type": "Point", "coordinates": [152.89153, -27.66966]}, "properties": {"project_id": 45116, "name": "Greater Springfield new permanent fire and rescue station", "description": "for the new permanent fire and rescue station at Greater Springfield.", "agency": "Queensland Fire Department", "type": "Safety where you live", "status": 2, "qld_funding": 10000000, "fed_funding": 0, "local_funding": 0, "own_funding": 0, "private_funding": 0, "total_funding": 10000000, "region_codes": [310], "region_lga": "Ipswich City", "region_sed": "JORDAN", "region_sa4": "Ipswich", "address": "74 GATEWAY DR, AUGUSTINE HEIGHTS QLD 4300", "web_link": null, "category": "other"}}, {"type": "Feature", "geometry": {"type": "Point", "coordinates": [144.9821341, -18.9997263]}, "properties": {"project_id": 45117, "name": "Greenvale Community Hall upgrades", "description": "to replace heavy doors at Greenvale Community Hall with lighter, ergonomic options to improve accessibility and safety. ", "agency": "Department of Local Government, Water and Volunteers", "type": "A better lifestyle through a stronger economy", "status": 2, "qld_funding": 39000, "fed_funding": 0, "local_funding": 0, "own_funding": 0, "private_funding": 0, "total_funding": 39000, "region_codes": [314], "region_lga": "Charters Towers Regional", "region_sed": "TRAEGER", "region_sa4": "Townsville", "address": "2 Acacia Drive", "web_link": null, "category": "other"}}, {"type": "Feature", "geometry": {"type": "Point", "coordinates": [153.252269, -27.93766]}, "properties": {"project_id": 45118, "name": "Guanaba Rural Fire Brigade", "description": "Boosting community safety with a new fire appliance for the Guanaba Rural Fire Brigade.", "agency": "Queensland Fire Department", "type": "Safety where you live", "status": 2, "qld_funding": 0, "fed_funding": 0, "local_funding": 0, "own_funding": 0, "private_funding": 0, "total_funding": 0, "region_codes": [309], "region_lga": "Gold Coast City", "region_sed": "THEODORE", "region_sa4": "Gold Coast", "address": "", "web_link": null, "category": "other"}}, {"type": "Feature", "geometry": {"type": "Point", "coordinates": [153.152432, -27.491803]}, "properties": {"project_id": 45119, "name": "Gumdale State School", "description": "to deliver facility upgrades", "agency": "Department of Education", "type": "A plan for Queensland\u2019s future", "status": 2, "qld_funding": 661000, "fed_funding": 0, "local_funding": 0, "own_funding": 0, "private_funding": 0, "total_funding": 661000, "region_codes": [302], "region_lga": "Brisbane City", "region_sed": "CHATSWORTH", "region_sa4": "Brisbane - East", "address": "677 New Cleveland Road, Gumdale", "web_link": null, "category": "other"}}, {"type": "Feature", "geometry": {"type": "Point", "coordinates": [153.152258, -27.491875]}, "properties": {"project_id": 45120, "name": "Gumdale State School", "description": "Delivering facility upgrades at Gumdale State School", "agency": "Department of Education", "type": "A plan for Queensland\u2019s future", "status": 2, "qld_funding": 0, "fed_funding": 0, "local_funding": 0, "own_funding": 0, "private_funding": 0, "total_funding": 0, "region_codes": [302], "region_lga": "Brisbane City", "region_sed": "CHATSWORTH", "region_sa4": "Brisbane - East", "address": null, "web_link": null, "category": "other"}}, {"type": "Feature", "geometry": {"type": "Point", "coordinates": [152.66656418, -26.18772925]}, "properties": {"project_id": 45121, "name": "Gympie Meals on Wheels", "description": "for new equipment for Gympie Meals on Wheels", "agency": "Department of Families, Seniors, Disability Services and Child Safety", "type": "A better lifestyle through a stronger economy", "status": 2, "qld_funding": 14000, "fed_funding": 0, "local_funding": 0, "own_funding": 0, "private_funding": 0, "total_funding": 14000, "region_codes": [322], "region_lga": "Gympie Regional", "region_sed": "GYMPIE", "region_sa4": "Wide Bay", "address": "8 FERN ST, GYMPIE QLD 4570", "web_link": null, "category": "other"}}, {"type": "Feature", "geometry": {"type": "Point", "coordinates": [152.665653, -26.190719]}, "properties": {"project_id": 45122, "name": "Gympie Medical Transport", "description": "Working to develop a new hub for Gympie Medical Transport", "agency": "Department of Local Government, Water and Volunteers", "type": "A better lifestyle through a stronger economy", "status": 2, "qld_funding": 0, "fed_funding": 0, "local_funding": 0, "own_funding": 0, "private_funding": 0, "total_funding": 0, "region_codes": [322], "region_lga": "Gympie Regional", "region_sed": "GYMPIE", "region_sa4": "Wide Bay", "address": "", "web_link": null, "category": "other"}}, {"type": "Feature", "geometry": {"type": "Point", "coordinates": [153.012358, -27.345886]}, "properties": {"project_id": 45123, "name": "Gympie Road and Beams Road intersection", "description": "Upgrading the intersection of Gympie Arterial Road and Beams Road in Carseldine including additional lanes on the southbound approach, 2 dedicated through lanes and a short left turn.", "agency": "Department of Transport and Main Roads", "type": "A plan for Queensland\u2019s future", "status": 2, "qld_funding": 0, "fed_funding": 0, "local_funding": 0, "own_funding": 0, "private_funding": 0, "total_funding": 0, "region_codes": [303], "region_lga": "Brisbane City", "region_sed": "ASPLEY", "region_sa4": "Brisbane - North", "address": "", "web_link": null, "category": "other"}}, {"type": "Feature", "geometry": {"type": "Point", "coordinates": [152.685611196851, -26.2187812838971]}, "properties": {"project_id": 45124, "name": "Gympie South replacement permanent fire and rescue station", "description": "for the replacement permanent fire and rescue\nstation at Gympie South.", "agency": "Queensland Fire Department", "type": "Safety where you live", "status": 2, "qld_funding": 7500000, "fed_funding": 0, "local_funding": 0, "own_funding": 0, "private_funding": 0, "total_funding": 7500000, "region_codes": [322], "region_lga": "Gympie Regional", "region_sed": "GYMPIE", "region_sa4": "Wide Bay", "address": "47 GEORDIE RD, MONKLAND QLD 4570", "web_link": null, "category": "other"}}, {"type": "Feature", "geometry": {"type": "Point", "coordinates": [152.629711, -27.571711]}, "properties": {"project_id": 45126, "name": "Haigslea State School", "description": "Delivering a new multipurpose school and community hall, as part of the $70.68 million School and Education Boost funding.", "agency": "Department of Education", "type": "A plan for Queensland\u2019s future", "status": 2, "qld_funding": 0, "fed_funding": 0, "local_funding": 0, "own_funding": 0, "private_funding": 0, "total_funding": 0, "region_codes": [310], "region_lga": "Ipswich City", "region_sed": "IPSWICH WEST", "region_sa4": "Ipswich", "address": "760-766 Thagoona-Haigslea Road, Haigslea", "web_link": null, "category": "other"}}, {"type": "Feature", "geometry": {"type": "Point", "coordinates": [150.519056, -23.325924]}, "properties": {"project_id": 45127, "name": "Health Sciences Academy in Rockhampton", "description": "to deliver a new Health Sciences Academy in Rockhampton", "agency": "Department of Education", "type": "A plan for Queensland\u2019s future", "status": 2, "qld_funding": 95000000, "fed_funding": 0, "local_funding": 0, "own_funding": 0, "private_funding": 0, "total_funding": 95000000, "region_codes": [306], "region_lga": "Rockhampton Regional", "region_sed": "KEPPEL", "region_sa4": "Central Queensland", "address": "", "web_link": null, "category": "other"}}, {"type": "Feature", "geometry": {"type": "Point", "coordinates": [153.327975, -27.9095188]}, "properties": {"project_id": 45129, "name": "Helensvale Cricket Club", "description": "towards a new, much larger clubhouse", "agency": "Department of Sport, Racing and Olympic and Paralympic Games", "type": "A plan for Queensland\u2019s future", "status": 2, "qld_funding": 1000000, "fed_funding": 0, "local_funding": 0, "own_funding": 0, "private_funding": 0, "total_funding": 1000000, "region_codes": [309], "region_lga": "Gold Coast City", "region_sed": "THEODORE", "region_sa4": "Gold Coast", "address": "58 PARKES DR, HELENSVALE QLD 4212", "web_link": null, "category": "other"}}, {"type": "Feature", "geometry": {"type": "Point", "coordinates": [153.327263, -27.909322]}, "properties": {"project_id": 45130, "name": "Helensvale Pacific Pines Cricket Club", "description": "Delivering improved lifestyle options for the community with $1 million for Helensvale Pacific Pines Hawks Cricket Club to upgrade and expand its clubhouse.", "agency": "Department of Sport, Racing and Olympic and Paralympic Games", "type": "A plan for Queensland\u2019s future", "status": 2, "qld_funding": 0, "fed_funding": 0, "local_funding": 0, "own_funding": 0, "private_funding": 0, "total_funding": 0, "region_codes": [309], "region_lga": "Gold Coast City", "region_sed": "THEODORE", "region_sa4": "Gold Coast", "address": "", "web_link": null, "category": "other"}}, {"type": "Feature", "geometry": {"type": "Point", "coordinates": [153.3196054, -27.9092713]}, "properties": {"project_id": 45131, "name": "Helensvale Scout Group", "description": "for hall maintenance work and facility upgrades", "agency": "Department of Sport, Racing and Olympic and Paralympic Games", "type": "A plan for Queensland\u2019s future", "status": 2, "qld_funding": 400000, "fed_funding": 0, "local_funding": 0, "own_funding": 0, "private_funding": 0, "total_funding": 400000, "region_codes": [309], "region_lga": "Gold Coast City", "region_sed": "THEODORE", "region_sa4": "Gold Coast", "address": "13 SHEPPARTON RD, HELENSVALE QLD 4212", "web_link": null, "category": "other"}}, {"type": "Feature", "geometry": {"type": "Point", "coordinates": [153.327968, -27.915934]}, "properties": {"project_id": 45132, "name": "Helensvale State School", "description": "Delivering a new outdoor learning area, as part of the $70.68 million School and Education Boost funding.", "agency": "Department of Education", "type": "A plan for Queensland\u2019s future", "status": 2, "qld_funding": 0, "fed_funding": 0, "local_funding": 0, "own_funding": 0, "private_funding": 0, "total_funding": 0, "region_codes": [309], "region_lga": "Gold Coast City", "region_sed": "THEODORE", "region_sa4": "Gold Coast", "address": "8 Lindfield Road, Helensvale", "web_link": null, "category": "other"}}, {"type": "Feature", "geometry": {"type": "Point", "coordinates": [146.805023, -19.3129363]}, "properties": {"project_id": 45133, "name": "Hermit Park Football Club", "description": "to Hermit Park Tigers AFL club", "agency": "Department of Sport, Racing and Olympic and Paralympic Games", "type": "A plan for Queensland\u2019s future", "status": 2, "qld_funding": 375000, "fed_funding": 0, "local_funding": 0, "own_funding": 0, "private_funding": 0, "total_funding": 375000, "region_codes": [314], "region_lga": "Townsville City", "region_sed": "MUNDINGBURRA", "region_sa4": "Townsville", "address": "62 MERVYN CROSSMAN DR, ANNANDALE QLD 4814", "web_link": null, "category": "other"}}, {"type": "Feature", "geometry": {"type": "Point", "coordinates": [146.796543, -19.280047]}, "properties": {"project_id": 45134, "name": "Hermit Park State School", "description": "to deliver various ground enhancements across the school site", "agency": "Department of Education", "type": "A plan for Queensland\u2019s future", "status": 2, "qld_funding": 600000, "fed_funding": 0, "local_funding": 0, "own_funding": 0, "private_funding": 0, "total_funding": 600000, "region_codes": [314], "region_lga": "Townsville City", "region_sed": "TOWNSVILLE", "region_sa4": "Townsville", "address": "", "web_link": null, "category": "other"}}, {"type": "Feature", "geometry": {"type": "Point", "coordinates": [152.8638667, -25.2990083]}, "properties": {"project_id": 45135, "name": "Hervey Bay Hockey Association", "description": "to deliver changeroom renovations", "agency": "Department of Sport, Racing and Olympic and Paralympic Games", "type": "A plan for Queensland\u2019s future", "status": 2, "qld_funding": 60000, "fed_funding": 0, "local_funding": 0, "own_funding": 0, "private_funding": 0, "total_funding": 60000, "region_codes": [322], "region_lga": "Fraser Coast Regional", "region_sed": "HERVEY BAY", "region_sa4": "Wide Bay", "address": "133-149 TAVISTOCK ST, TORQUAY QLD 4655", "web_link": null, "category": "other"}}, {"type": "Feature", "geometry": {"type": "Point", "coordinates": [152.8221345, -25.2992353]}, "properties": {"project_id": 45136, "name": "Hervey Bay Hospital Car Park (Stage 1)", "description": "Additional car parking spaces will be constructed for patients,\ncarers, visitors and staff at the Hervey Bay Hospital.", "agency": "Queensland Health", "type": "Health services when you need them", "status": 2, "qld_funding": 0, "fed_funding": 0, "local_funding": 0, "own_funding": 0, "private_funding": 0, "total_funding": 0, "region_codes": [322], "region_lga": "Fraser Coast Regional", "region_sed": "HERVEY BAY", "region_sa4": "Wide Bay", "address": "Cnr Nissen Street & Urraween Road, Pialba, 4655", "web_link": null, "category": "other"}}, {"type": "Feature", "geometry": {"type": "Point", "coordinates": [152.8221345, -25.2992353]}, "properties": {"project_id": 45137, "name": "Hervey Bay Hospital Expansion", "description": "for the expansion and refurbishment of existing\nHervey Bay Hospital Emergency Department building with 35\nnew beds, as part of the Hospital Rescue Plan.", "agency": "Queensland Health", "type": "Health services when you need them", "status": 2, "qld_funding": 94000000, "fed_funding": 0, "local_funding": 0, "own_funding": 0, "private_funding": 0, "total_funding": 94000000, "region_codes": [322], "region_lga": "Fraser Coast Regional", "region_sed": "HERVEY BAY", "region_sa4": "Wide Bay", "address": "Cnr Nissen Street & Urraween Road, Pialba, 4655", "web_link": null, "category": "other"}}, {"type": "Feature", "geometry": {"type": "Point", "coordinates": [152.854017, -25.28620893]}, "properties": {"project_id": 45138, "name": "Hervey Bay replacement police facility", "description": "Delivering the replacement of the police facility at Hervey Bay,\nat an investment of $28 million.", "agency": "Queensland Police Service", "type": "Safety where you live", "status": 2, "qld_funding": 0, "fed_funding": 0, "local_funding": 0, "own_funding": 0, "private_funding": 0, "total_funding": 0, "region_codes": [322], "region_lga": "Fraser Coast Regional", "region_sed": "HERVEY BAY", "region_sa4": "Wide Bay", "address": "140-146 TORQUAY RD, SCARNESS QLD 4655", "web_link": null, "category": "other"}}, {"type": "Feature", "geometry": {"type": "Point", "coordinates": [151.9642326, -27.4440956]}, "properties": {"project_id": 45139, "name": "Highfields and Districts Netball Association", "description": "for planning and soil assessments for future site use.", "agency": "Department of Sport, Racing and Olympic and Paralympic Games", "type": "A plan for Queensland\u2019s future", "status": 2, "qld_funding": 10000, "fed_funding": 0, "local_funding": 0, "own_funding": 0, "private_funding": 0, "total_funding": 10000, "region_codes": [307], "region_lga": "Toowoomba Regional", "region_sed": "TOOWOOMBA NORTH", "region_sa4": "Toowoomba", "address": "220 Barracks Road, Highfields, Queensland, 4352, Australia", "web_link": null, "category": "other"}}, {"type": "Feature", "geometry": {"type": "Point", "coordinates": [151.955722, -27.462877]}, "properties": {"project_id": 45142, "name": "Highfields State School", "description": "to deliver new accessible amenities to Block O", "agency": "Department of Education", "type": "A plan for Queensland\u2019s future", "status": 2, "qld_funding": 100000, "fed_funding": 0, "local_funding": 0, "own_funding": 0, "private_funding": 0, "total_funding": 100000, "region_codes": [307], "region_lga": "Toowoomba Regional", "region_sed": "TOOWOOMBA NORTH", "region_sa4": "Toowoomba", "address": "", "web_link": null, "category": "other"}}, {"type": "Feature", "geometry": {"type": "Point", "coordinates": [153.004563, -28.211731]}, "properties": {"project_id": 45143, "name": "Hillview State School", "description": " for school playground and tuckshop upgrades.", "agency": "Department of Education", "type": "A plan for Queensland\u2019s future", "status": 2, "qld_funding": 495000, "fed_funding": 0, "local_funding": 0, "own_funding": 0, "private_funding": 0, "total_funding": 495000, "region_codes": [317], "region_lga": "Scenic Rim Regional", "region_sed": "SCENIC RIM", "region_sa4": "Logan - Beaudesert", "address": "1623 Christmas Creek Road, Hillview", "web_link": null, "category": "other"}}, {"type": "Feature", "geometry": {"type": "Point", "coordinates": [147.4185452, -19.6624606]}, "properties": {"project_id": 45144, "name": "Home Hill Swimming Pool upgrade", "description": "to upgrade the Home Hill Swimming Pool with new water filtration, heating and reticulation systems to improve safety and usability.", "agency": "Department of Local Government, Water and Volunteers", "type": "A better lifestyle through a stronger economy", "status": 2, "qld_funding": 2083000, "fed_funding": 0, "local_funding": 0, "own_funding": 0, "private_funding": 0, "total_funding": 2083000, "region_codes": [314], "region_lga": "Burdekin Shire", "region_sed": "BURDEKIN", "region_sa4": "Townsville", "address": "63-65 Eleventh Avenue", "web_link": null, "category": "other"}}, {"type": "Feature", "geometry": {"type": "Point", "coordinates": [153.374306, -27.869751]}, "properties": {"project_id": 45146, "name": "Hope Harbour Marina Precinct Refurbishment", "description": "on the Hope Harbour Marina Precinct refurbishment to meet DPI's ongoing business requirements.", "agency": "Department of Primary Industries", "type": "A better lifestyle through a stronger economy", "status": 2, "qld_funding": 1203000, "fed_funding": 0, "local_funding": 0, "own_funding": 0, "private_funding": 0, "total_funding": 1203000, "region_codes": [309], "region_lga": "Gold Coast City", "region_sed": "BROADWATER", "region_sa4": "Gold Coast", "address": null, "web_link": null, "category": "other"}}, {"type": "Feature", "geometry": {"type": "Point", "coordinates": [145.149408, -15.405806]}, "properties": {"project_id": 45149, "name": "Hope Vale Land Access", "description": "Providing $100,000 to assist blockholders in Hope Vale to repair their access roads damaged by floods following Cyclone Jasper.", "agency": "Department of Transport and Main Roads", "type": "A plan for Queensland\u2019s future", "status": 2, "qld_funding": 0, "fed_funding": 0, "local_funding": 0, "own_funding": 0, "private_funding": 0, "total_funding": 0, "region_codes": [308], "region_lga": "Hope Vale Aboriginal Shire", "region_sed": "COOK", "region_sa4": "Queensland - Outback", "address": "", "web_link": null, "category": "other"}}, {"type": "Feature", "geometry": {"type": "Point", "coordinates": [144.1877, -20.8436]}, "properties": {"project_id": 45151, "name": "Hughenden Multipurpose Health Service", "description": "Progression of the planning stage for the Hughenden Multipurpose Health Service as part of the Hospital Rescue Plan.", "agency": "Queensland Health", "type": "Health services when you need them", "status": 2, "qld_funding": 0, "fed_funding": 0, "local_funding": 0, "own_funding": 0, "private_funding": 0, "total_funding": 0, "region_codes": [314], "region_lga": "Flinders Shire", "region_sed": "TRAEGER", "region_sa4": "Queensland - Outback", "address": "12 Richmond Hill Drive, Hughenden, 4821", "web_link": null, "category": "other"}}, {"type": "Feature", "geometry": {"type": "Point", "coordinates": [144.1978387, -20.8447823]}, "properties": {"project_id": 45152, "name": "Hughenden Showground upgrades", "description": "to construct a new announcers' box and upgrade the arena surface, kitchen, bar and multifunction area to improve venue versatility.", "agency": "Department of Local Government, Water and Volunteers", "type": "A better lifestyle through a stronger economy", "status": 2, "qld_funding": 650000, "fed_funding": 0, "local_funding": 0, "own_funding": 0, "private_funding": 0, "total_funding": 650000, "region_codes": [314], "region_lga": "Flinders Shire", "region_sed": "TRAEGER", "region_sa4": "Queensland - Outback", "address": "Showgrounds Road", "web_link": null, "category": "other"}}, {"type": "Feature", "geometry": {"type": "Point", "coordinates": [141.8994393, -12.0170009]}, "properties": {"project_id": 45153, "name": "ICT connectivity upgrade for health and aged care facilities - Mapoon", "description": "to replace the unreliable airbridge with a fibre optic spur to improve ICT reliability for Mums and Bubs and Aged Care facilities in Mapoon", "agency": "Department of Local Government, Water and Volunteers", "type": "A better lifestyle through a stronger economy", "status": 2, "qld_funding": 100000, "fed_funding": 0, "local_funding": 0, "own_funding": 0, "private_funding": 0, "total_funding": 100000, "region_codes": [308], "region_lga": "Mapoon Aboriginal Shire", "region_sed": "COOK", "region_sa4": "Queensland - Outback", "address": "Hudson Street", "web_link": null, "category": "other"}}, {"type": "Feature", "geometry": {"type": "Point", "coordinates": [152.3754844, -24.85563661]}, "properties": {"project_id": 45154, "name": "Impact Community Services", "description": "over 4 years into an academy for vulnerable youths, in\ncollaboration with Impact Community Services.", "agency": "Department of Education", "type": "A plan for Queensland\u2019s future", "status": 2, "qld_funding": 1000000, "fed_funding": 0, "local_funding": 0, "own_funding": 0, "private_funding": 0, "total_funding": 1000000, "region_codes": [322], "region_lga": "Bundaberg Regional", "region_sed": "BUNDABERG", "region_sa4": "Wide Bay", "address": "108 BARGARA RD, BUNDABERG EAST QLD 4670", "web_link": null, "category": "other"}}, {"type": "Feature", "geometry": {"type": "Point", "coordinates": [152.9324981, -27.5809679]}, "properties": {"project_id": 45157, "name": "Increase Capacity - Arthur Gorrie Correctional Centre", "description": "Increase capacity at the Arthur Gorrie Correctional Centre.\n", "agency": "Queensland Corrective Services", "type": "Safety where you live", "status": 2, "qld_funding": 0, "fed_funding": 0, "local_funding": 0, "own_funding": 0, "private_funding": 0, "total_funding": 0, "region_codes": [304], "region_lga": "Brisbane City", "region_sed": "INALA", "region_sa4": "Ipswich", "address": null, "web_link": null, "category": "other"}}, {"type": "Feature", "geometry": {"type": "Point", "coordinates": [142.53147, -10.68829]}, "properties": {"project_id": 45158, "name": "Indigenous community development projects in Cape York", "description": "to undertake Indigenous community development projects in Cape York.", "agency": "Department of Local Government, Water and Volunteers", "type": "A better lifestyle through a stronger economy", "status": 2, "qld_funding": 2000000, "fed_funding": 0, "local_funding": 0, "own_funding": 0, "private_funding": 0, "total_funding": 2000000, "region_codes": [308], "region_lga": "Torres Shire", "region_sed": "COOK", "region_sa4": "Queensland - Outback", "address": "", "web_link": null, "category": "other"}}, {"type": "Feature", "geometry": {"type": "Point", "coordinates": [152.965494, -27.500369]}, "properties": {"project_id": 45159, "name": "Indooroopilly State School", "description": "to deliver additional learning spaces and administration upgrade", "agency": "Department of Education", "type": "A plan for Queensland\u2019s future", "status": 2, "qld_funding": 32545000, "fed_funding": 0, "local_funding": 0, "own_funding": 0, "private_funding": 0, "total_funding": 32545000, "region_codes": [305], "region_lga": "Brisbane City", "region_sed": "MAIWAR", "region_sa4": "Brisbane - West", "address": "Cnr Moggill Road & Russell Terrace, Indooroopilly", "web_link": null, "category": "other"}}, {"type": "Feature", "geometry": {"type": "Point", "coordinates": [152.975981, -27.502733]}, "properties": {"project_id": 45160, "name": "Indooroopilly Station Security", "description": "Delivering security upgrades at Indooroopilly train station to make our community safer", "agency": "Department of Transport and Main Roads", "type": "A plan for Queensland\u2019s future", "status": 2, "qld_funding": 0, "fed_funding": 0, "local_funding": 0, "own_funding": 0, "private_funding": 0, "total_funding": 0, "region_codes": [305], "region_lga": "Brisbane City", "region_sed": "MAIWAR", "region_sa4": "Brisbane - West", "address": null, "web_link": null, "category": "other"}}, {"type": "Feature", "geometry": {"type": "Point", "coordinates": [150.816244, -23.602314]}, "properties": {"project_id": 45162, "name": "Inkerman Creek Pontoon", "description": "Delivering a pontoon for Inkerman Creek boat ramp.", "agency": "Department of Transport and Main Roads", "type": "A plan for Queensland\u2019s future", "status": 2, "qld_funding": 0, "fed_funding": 0, "local_funding": 0, "own_funding": 0, "private_funding": 0, "total_funding": 0, "region_codes": [306], "region_lga": "Rockhampton Regional", "region_sed": "MIRANI", "region_sa4": "Central Queensland", "address": "", "web_link": null, "category": "other"}}, {"type": "Feature", "geometry": {"type": "Point", "coordinates": [152.7582612, -27.6190823]}, "properties": {"project_id": 45163, "name": "Ipswich Hospital Car Park", "description": "Additional car parking spaces will be constructed for patients, carers, visitors and staff at the Ipswich Hospital as part of the Hospital Rescue Plan", "agency": "Queensland Health", "type": "Health services when you need them", "status": 2, "qld_funding": 0, "fed_funding": 0, "local_funding": 0, "own_funding": 0, "private_funding": 0, "total_funding": 0, "region_codes": [310], "region_lga": "Ipswich City", "region_sed": "IPSWICH", "region_sa4": "Ipswich", "address": "Chelmsford Avenue, Ipswich, 4305", "web_link": null, "category": "other"}}, {"type": "Feature", "geometry": {"type": "Point", "coordinates": [152.7582612, -27.6190823]}, "properties": {"project_id": 45164, "name": "Ipswich Hospital Expansion (Stage 2)", "description": "to construct a new acute clinical services building on the existing site, with 200 new beds, as part of the Hospital Rescue Plan.", "agency": "Queensland Health", "type": "Health services when you need them", "status": 2, "qld_funding": 925000000, "fed_funding": 0, "local_funding": 0, "own_funding": 0, "private_funding": 0, "total_funding": 925000000, "region_codes": [310], "region_lga": "Ipswich City", "region_sed": "IPSWICH", "region_sa4": "Ipswich", "address": "Chelmsford Avenue, Ipswich, 4305", "web_link": null, "category": "other"}}, {"type": "Feature", "geometry": {"type": "Point", "coordinates": [152.763337, -27.601856]}, "properties": {"project_id": 45166, "name": "Ipswich North State School", "description": "Delivering playground upgrades and new shade sails, as part of the $70.68 million School and Education Boost funding.", "agency": "Department of Education", "type": "A plan for Queensland\u2019s future", "status": 2, "qld_funding": 0, "fed_funding": 0, "local_funding": 0, "own_funding": 0, "private_funding": 0, "total_funding": 0, "region_codes": [310], "region_lga": "Ipswich City", "region_sed": "IPSWICH WEST", "region_sa4": "Ipswich", "address": "Downs Street, North Ipswich", "web_link": null, "category": "other"}}, {"type": "Feature", "geometry": {"type": "Point", "coordinates": [152.746452, -27.59107]}, "properties": {"project_id": 45167, "name": "Ipswich State High School", "description": "to deliver new grandstands", "agency": "Department of Education", "type": "A plan for Queensland\u2019s future", "status": 2, "qld_funding": 100000, "fed_funding": 0, "local_funding": 0, "own_funding": 0, "private_funding": 0, "total_funding": 100000, "region_codes": [310], "region_lga": "Ipswich City", "region_sed": "IPSWICH WEST", "region_sa4": "Ipswich", "address": "1 Hunter Street, Brassall", "web_link": null, "category": "other"}}, {"type": "Feature", "geometry": {"type": "Point", "coordinates": [148.047465, -22.021712]}, "properties": {"project_id": 45169, "name": "Isaac Resources Excellence Precinct", "description": "To construct a resources centre of excellence for the Isaac region, including a resources education precinct and future partners precinct.", "agency": "Department of State Development, Infrastructure and Planning", "type": "A better lifestyle through a stronger economy", "status": 2, "qld_funding": 39726988, "fed_funding": 2000000, "local_funding": 0, "own_funding": 0, "private_funding": 0, "total_funding": 41726988, "region_codes": [312], "region_lga": "Isaac Regional", "region_sed": "BURDEKIN", "region_sa4": "Mackay - Isaac - Whitsunday", "address": "", "web_link": null, "category": "other"}}, {"type": "Feature", "geometry": {"type": "Point", "coordinates": [151.1054, -26.7813]}, "properties": {"project_id": 45172, "name": "Jandowae Hospital", "description": "Progression of the planning stage for the Jandowae Hospital as part of the Hospital Rescue Plan.", "agency": "Queensland Health", "type": "Health services when you need them", "status": 2, "qld_funding": 0, "fed_funding": 0, "local_funding": 0, "own_funding": 0, "private_funding": 0, "total_funding": 0, "region_codes": [307], "region_lga": "Western Downs Regional", "region_sed": "CALLIDE", "region_sa4": "Darling Downs - Maranoa", "address": "13 Dalby Street, Jandowae, 4410", "web_link": null, "category": "other"}}, {"type": "Feature", "geometry": {"type": "Point", "coordinates": [145.7379, -16.9605]}, "properties": {"project_id": 45173, "name": "Jeff Pezzuti Park Youth Activities Centre, Cairns", "description": "towards upgrades to Jeff Pezzutti Park in partnership with Cairns Regional Council, delivering a new youth activity space.", "agency": "Department of Local Government, Water and Volunteers", "type": "A better lifestyle through a stronger economy", "status": 2, "qld_funding": 1500000, "fed_funding": 0, "local_funding": 0, "own_funding": 0, "private_funding": 0, "total_funding": 1500000, "region_codes": [308], "region_lga": "Cairns Regional", "region_sed": "MULGRAVE", "region_sa4": "Cairns", "address": "", "web_link": null, "category": "other"}}, {"type": "Feature", "geometry": {"type": "Point", "coordinates": [153.2848, -27.906759]}, "properties": {"project_id": 45174, "name": "John Muntz Causeway", "description": "Working with Council to stop riverbank erosion at the Oxenford Pony Club fields and protecting the John Muntz causeway approaches.", "agency": "Department of Local Government, Water and Volunteers", "type": "A better lifestyle through a stronger economy", "status": 2, "qld_funding": 0, "fed_funding": 0, "local_funding": 0, "own_funding": 0, "private_funding": 0, "total_funding": 0, "region_codes": [309], "region_lga": "Gold Coast City", "region_sed": "THEODORE", "region_sa4": "Gold Coast", "address": "", "web_link": null, "category": "other"}}, {"type": "Feature", "geometry": {"type": "Point", "coordinates": [143.06199, -24.830497]}, "properties": {"project_id": 45175, "name": "Jundah State School", "description": "for school playground and tuckshop upgrades.", "agency": "Department of Education", "type": "A plan for Queensland\u2019s future", "status": 2, "qld_funding": 453000, "fed_funding": 0, "local_funding": 0, "own_funding": 0, "private_funding": 0, "total_funding": 453000, "region_codes": [321], "region_lga": "Barcoo Shire", "region_sed": "GREGORY", "region_sa4": "Queensland - Outback", "address": "11 Garrick Street, Jundah", "web_link": null, "category": "other"}}, {"type": "Feature", "geometry": {"type": "Point", "coordinates": [152.62501885426454, -27.93643448]}, "properties": {"project_id": 45176, "name": "Kalbar and District Agricultural and Pastoral Association", "description": "for lighting at Kalbar Showgrounds", "agency": "Department of Sport, Racing and Olympic and Paralympic Games", "type": "A plan for Queensland\u2019s future", "status": 2, "qld_funding": 150000, "fed_funding": 0, "local_funding": 0, "own_funding": 0, "private_funding": 0, "total_funding": 150000, "region_codes": [317], "region_lga": "Scenic Rim Regional", "region_sed": "SCENIC RIM", "region_sa4": "Ipswich", "address": "LOT 377 George St, Kalbar QLD 4309", "web_link": null, "category": "other"}}, {"type": "Feature", "geometry": {"type": "Point", "coordinates": [152.8112592, -27.546493]}, "properties": {"project_id": 45177, "name": "Karana Downs Pony Club", "description": "for club infrastructure and equipment upgrades", "agency": "Department of Sport, Racing and Olympic and Paralympic Games", "type": "A plan for Queensland\u2019s future", "status": 2, "qld_funding": 50000, "fed_funding": 0, "local_funding": 0, "own_funding": 0, "private_funding": 0, "total_funding": 50000, "region_codes": [305], "region_lga": "Brisbane City", "region_sed": "MOGGILL", "region_sa4": "Ipswich", "address": "20 POWELLS RD, KARANA DOWNS QLD 4306", "web_link": null, "category": "other"}}, {"type": "Feature", "geometry": {"type": "Point", "coordinates": [152.8246359, -27.5424714]}, "properties": {"project_id": 45178, "name": "Karana Scout Group", "description": "to enable vital infrastructure refurbishments and upgrades", "agency": "Department of Sport, Racing and Olympic and Paralympic Games", "type": "A plan for Queensland\u2019s future", "status": 2, "qld_funding": 50000, "fed_funding": 0, "local_funding": 0, "own_funding": 0, "private_funding": 0, "total_funding": 50000, "region_codes": [305], "region_lga": "Brisbane City", "region_sed": "MOGGILL", "region_sa4": "Ipswich", "address": "44A TANDERRA WAY, KARANA DOWNS QLD 4306", "web_link": null, "category": "other"}}, {"type": "Feature", "geometry": {"type": "Point", "coordinates": [140.8461736, -17.4854985]}, "properties": {"project_id": 45179, "name": "Karumba Sports Centre upgrades", "description": "to install a commercial-grade fan and moveable aluminium seating at the Karumba Sports Centre to improve comfort for users and spectators", "agency": "Department of Local Government, Water and Volunteers", "type": "A better lifestyle through a stronger economy", "status": 2, "qld_funding": 30000, "fed_funding": 0, "local_funding": 0, "own_funding": 0, "private_funding": 0, "total_funding": 30000, "region_codes": [315], "region_lga": "Carpentaria Shire", "region_sed": "TRAEGER", "region_sa4": "Queensland - Outback", "address": "Walker Street", "web_link": null, "category": "other"}}, {"type": "Feature", "geometry": {"type": "Point", "coordinates": [153.126435, -26.740976]}, "properties": {"project_id": 45180, "name": "Kawana Waters State College", "description": "to install new AV equipment or air-conditioning in school hall, as part of shared funding across Kawana state electorate", "agency": "Department of Education", "type": "A plan for Queensland\u2019s future", "status": 2, "qld_funding": 166000, "fed_funding": 0, "local_funding": 0, "own_funding": 0, "private_funding": 0, "total_funding": 166000, "region_codes": [320], "region_lga": "Sunshine Coast Regional", "region_sed": "KAWANA", "region_sa4": "Sunshine Coast", "address": "119 Sportsmans Parade, Bokarina", "web_link": null, "category": "other"}}, {"type": "Feature", "geometry": {"type": "Point", "coordinates": [153.1350142, -26.7035918]}, "properties": {"project_id": 45181, "name": "Kawana Waters Surf Life Saving Club", "description": "to rebuild the Kawana Waters Surf Lifesaving Club", "agency": "Department of Sport, Racing and Olympic and Paralympic Games", "type": "A plan for Queensland\u2019s future", "status": 2, "qld_funding": 10000000, "fed_funding": 0, "local_funding": 0, "own_funding": 0, "private_funding": 0, "total_funding": 10000000, "region_codes": [320], "region_lga": "Sunshine Coast Regional", "region_sed": "KAWANA", "region_sa4": "Sunshine Coast", "address": "96 PACIFIC BVD, BUDDINA QLD 4575", "web_link": null, "category": "other"}}, {"type": "Feature", "geometry": {"type": "Point", "coordinates": [153.038116, -27.415288]}, "properties": {"project_id": 45182, "name": "Kedron Park Clinical Hub", "description": "to construct a new clinical hub in the Emergency Services Complex in Kedron Park.", "agency": "Queensland Health", "type": "Health services when you need them", "status": 2, "qld_funding": 7555000, "fed_funding": 0, "local_funding": 0, "own_funding": 0, "private_funding": 0, "total_funding": 7555000, "region_codes": [303], "region_lga": "Brisbane City", "region_sed": "CLAYFIELD", "region_sa4": "Brisbane Inner City", "address": "125 Kedron Park Rd, Kedron QLD 4031", "web_link": null, "category": "other"}}, {"type": "Feature", "geometry": {"type": "Point", "coordinates": [153.0398, -27.415376]}, "properties": {"project_id": 45183, "name": "Kedron State High School", "description": "to deliver a performing arts centre", "agency": "Department of Education", "type": "A plan for Queensland\u2019s future", "status": 2, "qld_funding": 24944000, "fed_funding": 0, "local_funding": 0, "own_funding": 0, "private_funding": 0, "total_funding": 24944000, "region_codes": [303], "region_lga": "Brisbane City", "region_sed": "CLAYFIELD", "region_sa4": "Brisbane Inner City", "address": "Park Road, Kedron", "web_link": null, "category": "other"}}, {"type": "Feature", "geometry": {"type": "Point", "coordinates": [152.94058464, -27.50850125]}, "properties": {"project_id": 45184, "name": "Kenmore District Girl Guides", "description": "to support capital and infrastructure upgrades, and to refurbish amenities", "agency": "Department of Sport, Racing and Olympic and Paralympic Games", "type": "A plan for Queensland\u2019s future", "status": 2, "qld_funding": 50000, "fed_funding": 0, "local_funding": 0, "own_funding": 0, "private_funding": 0, "total_funding": 50000, "region_codes": [305], "region_lga": "Brisbane City", "region_sed": "MOGGILL", "region_sa4": "Brisbane - West", "address": "1076 MOGGILL RD, KENMORE QLD 4069", "web_link": null, "category": "other"}}, {"type": "Feature", "geometry": {"type": "Point", "coordinates": [152.95141015, -27.5142544]}, "properties": {"project_id": 45185, "name": "Kenmore District Junior Australian Football Club", "description": "for funding and support for Kenmore Bears Junior Australian Football Club", "agency": "Department of Sport, Racing and Olympic and Paralympic Games", "type": "A plan for Queensland\u2019s future", "status": 2, "qld_funding": 50000, "fed_funding": 0, "local_funding": 0, "own_funding": 0, "private_funding": 0, "total_funding": 50000, "region_codes": [305], "region_lga": "Brisbane City", "region_sed": "MOGGILL", "region_sa4": "Brisbane - West", "address": "67 HEPWORTH ST, CHAPEL HILL QLD 4069", "web_link": null, "category": "other"}}, {"type": "Feature", "geometry": {"type": "Point", "coordinates": [152.9525882, -27.5146275]}, "properties": {"project_id": 45186, "name": "Kenmore Districts Rugby Club", "description": "for funding and support for Kenmore Districts Rugby Club", "agency": "Department of Sport, Racing and Olympic and Paralympic Games", "type": "A plan for Queensland\u2019s future", "status": 2, "qld_funding": 75000, "fed_funding": 0, "local_funding": 0, "own_funding": 0, "private_funding": 0, "total_funding": 75000, "region_codes": [305], "region_lga": "Brisbane City", "region_sed": "MOGGILL", "region_sa4": "Brisbane - West", "address": "51 HEPWORTH ST, CHAPEL HILL QLD 4069", "web_link": null, "category": "other"}}, {"type": "Feature", "geometry": {"type": "Point", "coordinates": [152.93527, -27.49252]}, "properties": {"project_id": 45187, "name": "Kenmore Scout Group", "description": "to enable vital infrastructure refurbishments and upgrades", "agency": "Department of Sport, Racing and Olympic and Paralympic Games", "type": "A plan for Queensland\u2019s future", "status": 2, "qld_funding": 50000, "fed_funding": 0, "local_funding": 0, "own_funding": 0, "private_funding": 0, "total_funding": 50000, "region_codes": [305], "region_lga": "Brisbane City", "region_sed": "MOGGILL", "region_sa4": "Brisbane - West", "address": "299 Bielby Rd, Kenmore Hills QLD 4069", "web_link": null, "category": "other"}}, {"type": "Feature", "geometry": {"type": "Point", "coordinates": [145.63531, -16.814713]}, "properties": {"project_id": 45188, "name": "Kennedy Highway (Cairns - Mareeba), Barron River bridge (Kuranda) replacement", "description": "A new bridge, downstream from the existing bridge is the preferred long-term solution to improve network reliability and safety for all road users, while minimising potential environmental and cultural heritage impacts. Delivered in partnership with the Australian Government.", "agency": "Department of Transport and Main Roads", "type": "A plan for Queensland\u2019s future", "status": 2, "qld_funding": 0, "fed_funding": 0, "local_funding": 0, "own_funding": 0, "private_funding": 0, "total_funding": 0, "region_codes": [308], "region_lga": "Mareeba Shire", "region_sed": "BARRON RIVER", "region_sa4": "Cairns", "address": "", "web_link": null, "category": "other"}}, {"type": "Feature", "geometry": {"type": "Point", "coordinates": [153.0810904, -26.6959882]}, "properties": {"project_id": 45189, "name": "Khancoban Park upgrade, Buderim", "description": "total spend to implement the Khancoban Park masterplan with new shade structures, playground equipment and park furniture to enhance community use.", "agency": "Department of Local Government, Water and Volunteers", "type": "A better lifestyle through a stronger economy", "status": 2, "qld_funding": 250000, "fed_funding": 0, "local_funding": 0, "own_funding": 0, "private_funding": 0, "total_funding": 250000, "region_codes": [320], "region_lga": "Sunshine Coast Regional", "region_sed": "BUDERIM", "region_sa4": "Sunshine Coast", "address": "Khancoban Dve", "web_link": null, "category": "other"}}, {"type": "Feature", "geometry": {"type": "Point", "coordinates": [152.823447, -26.835684]}, "properties": {"project_id": 45190, "name": "Kilcoy-Beerwah and Peachester roads", "description": "Delivering increased funding towards Kilcoy-Beerwah and Peachester roads", "agency": "Department of Transport and Main Roads", "type": "A plan for Queensland\u2019s future", "status": 2, "qld_funding": 0, "fed_funding": 0, "local_funding": 0, "own_funding": 0, "private_funding": 0, "total_funding": 0, "region_codes": [320], "region_lga": "Sunshine Coast Regional", "region_sed": "GLASS HOUSE", "region_sa4": "Sunshine Coast", "address": "", "web_link": null, "category": "other"}}, {"type": "Feature", "geometry": {"type": "Point", "coordinates": [151.8387651, -26.53215811]}, "properties": {"project_id": 45192, "name": "Kingaroy Hospital Helipad", "description": "to construct a new helipad to replace the ageing bitumen-surfaced helipad, as part of the newly uplifted Timely Investment Infrastructure Maintenance program.", "agency": "Queensland Health", "type": "Health services when you need them", "status": 2, "qld_funding": 5908596, "fed_funding": 0, "local_funding": 0, "own_funding": 0, "private_funding": 0, "total_funding": 5908596, "region_codes": [307], "region_lga": "South Burnett Regional", "region_sed": "NANANGO", "region_sa4": "Wide Bay", "address": "166 Youngman Street, Kingaroy, 4610", "web_link": null, "category": "other"}}, {"type": "Feature", "geometry": {"type": "Point", "coordinates": [146.7332248, -19.3041828]}, "properties": {"project_id": 45194, "name": "Kirwan Health Campus", "description": " to expand the Kirwan Health Campus to deliver midwifery community clinics, dental services, refurbishment to the existing facility and additional car parking.", "agency": "Queensland Health", "type": "Health services when you need them", "status": 2, "qld_funding": 53220000, "fed_funding": 0, "local_funding": 0, "own_funding": 0, "private_funding": 0, "total_funding": 53220000, "region_codes": [314], "region_lga": "Townsville City", "region_sed": "THURINGOWA", "region_sa4": "Townsville", "address": "138 Thuringowa Drive, Kirwan, 4817", "web_link": null, "category": "other"}}, {"type": "Feature", "geometry": {"type": "Point", "coordinates": [146.7122264, -19.31537499]}, "properties": {"project_id": 45195, "name": "Kirwan police facility", "description": " for the new Kirwan police facility.", "agency": "Queensland Police Service", "type": "Safety where you live", "status": 2, "qld_funding": 45000000, "fed_funding": 0, "local_funding": 0, "own_funding": 0, "private_funding": 0, "total_funding": 45000000, "region_codes": [314], "region_lga": "Townsville City", "region_sed": "THURINGOWA", "region_sa4": "Townsville", "address": "", "web_link": null, "category": "other"}}, {"type": "Feature", "geometry": {"type": "Point", "coordinates": [146.7334, -19.299305]}, "properties": {"project_id": 45196, "name": "Kirwan State School Multipurpose Hall", "description": "Extending the Multipurpose Hall at Kirwan State School.", "agency": "Department of Education", "type": "A plan for Queensland\u2019s future", "status": 2, "qld_funding": 0, "fed_funding": 0, "local_funding": 0, "own_funding": 0, "private_funding": 0, "total_funding": 0, "region_codes": [314], "region_lga": "Townsville City", "region_sed": "THURINGOWA", "region_sa4": "Townsville", "address": "21 Burnda Street, Kirwan", "web_link": null, "category": "other"}}, {"type": "Feature", "geometry": {"type": "Point", "coordinates": [153.057999, -26.659888]}, "properties": {"project_id": 45197, "name": "Kuluin State School", "description": "Delivering more accessible pathways, as part of the $70.68 million School and Education Boost funding.", "agency": "Department of Education", "type": "A plan for Queensland\u2019s future", "status": 2, "qld_funding": 0, "fed_funding": 0, "local_funding": 0, "own_funding": 0, "private_funding": 0, "total_funding": 0, "region_codes": [320], "region_lga": "Sunshine Coast Regional", "region_sed": "NINDERRY", "region_sa4": "Sunshine Coast", "address": "41-67 Tallow Wood Drive, Kuluin", "web_link": null, "category": "other"}}, {"type": "Feature", "geometry": {"type": "Point", "coordinates": [153.096214, -27.606868]}, "properties": {"project_id": 45198, "name": "Kuraby State School", "description": "to upgrade the existing junior playground", "agency": "Department of Education", "type": "A plan for Queensland\u2019s future", "status": 2, "qld_funding": 131000, "fed_funding": 0, "local_funding": 0, "own_funding": 0, "private_funding": 0, "total_funding": 131000, "region_codes": [304], "region_lga": "Brisbane City", "region_sed": "STRETTON", "region_sa4": "Brisbane - South", "address": "", "web_link": null, "category": "other"}}, {"type": "Feature", "geometry": {"type": "Point", "coordinates": [153.39558055, -27.93758483]}, "properties": {"project_id": 45200, "name": "Labrador Australian Football Club", "description": "to build an undercover viewing area", "agency": "Department of Sport, Racing and Olympic and Paralympic Games", "type": "A plan for Queensland\u2019s future", "status": 2, "qld_funding": 300000, "fed_funding": 0, "local_funding": 0, "own_funding": 0, "private_funding": 0, "total_funding": 300000, "region_codes": [309], "region_lga": "Gold Coast City", "region_sed": "BONNEY", "region_sa4": "Gold Coast", "address": "28 ASHTON ST, LABRADOR QLD 4215", "web_link": null, "category": "other"}}, {"type": "Feature", "geometry": {"type": "Point", "coordinates": [153.40324734, -27.936878]}, "properties": {"project_id": 45201, "name": "Labrador Men's Shed", "description": "towards building a new Labrador Men's Shed", "agency": "Department of Families, Seniors, Disability Services and Child Safety", "type": "A better lifestyle through a stronger economy", "status": 2, "qld_funding": 500000, "fed_funding": 0, "local_funding": 0, "own_funding": 0, "private_funding": 0, "total_funding": 500000, "region_codes": [309], "region_lga": "Gold Coast City", "region_sed": "BONNEY", "region_sa4": "Gold Coast", "address": "57 BILLINGTON ST, LABRADOR QLD 4215", "web_link": null, "category": "other"}}, {"type": "Feature", "geometry": {"type": "Point", "coordinates": [152.391244, -27.632135]}, "properties": {"project_id": 45202, "name": "Laidley Flood Mitigation", "description": "Boosting flood mitigation measures in Laidley with $15 million towards water diversion, infrastructure reinforcement, and other flood reducing supports, under the Queensland Betterment Fund.", "agency": "Department of Local Government, Water and Volunteers", "type": "A better lifestyle through a stronger economy", "status": 2, "qld_funding": 0, "fed_funding": 0, "local_funding": 0, "own_funding": 0, "private_funding": 0, "total_funding": 0, "region_codes": [310], "region_lga": "Lockyer Valley Regional", "region_sed": "LOCKYER", "region_sa4": "Ipswich", "address": "", "web_link": null, "category": "other"}}, {"type": "Feature", "geometry": {"type": "Point", "coordinates": [152.3979, -27.6326]}, "properties": {"project_id": 45203, "name": "Laidley Hospital", "description": "Progression of the planning stage for the Laidley Hospital as part of the Hospital Rescue Plan.", "agency": "Queensland Health", "type": "Health services when you need them", "status": 2, "qld_funding": 0, "fed_funding": 0, "local_funding": 0, "own_funding": 0, "private_funding": 0, "total_funding": 0, "region_codes": [310], "region_lga": "Lockyer Valley Regional", "region_sed": "LOCKYER", "region_sa4": "Ipswich", "address": "75 William Street, Laidley, 4341", "web_link": null, "category": "other"}}, {"type": "Feature", "geometry": {"type": "Point", "coordinates": [152.9299, -26.3812]}, "properties": {"project_id": 45204, "name": "Lake Macdonald Dam improvement Project", "description": "to deliver the Lake Macdonald Dam improvement project to meet modern engineering standards for extreme weather events.", "agency": "SEQWATER", "type": "A better lifestyle through a stronger economy", "status": 2, "qld_funding": 0, "fed_funding": 0, "local_funding": 0, "own_funding": 427700000, "private_funding": 0, "total_funding": 427700000, "region_codes": [320], "region_lga": "Noosa Shire", "region_sed": "NOOSA", "region_sa4": "Sunshine Coast", "address": "", "web_link": null, "category": "other"}}, {"type": "Feature", "geometry": {"type": "Point", "coordinates": [152.964088, -26.80791243]}, "properties": {"project_id": 45206, "name": "Landsborough Community Kindy", "description": "to deliver funding for facilities upgrades", "agency": "Department of Education", "type": "A plan for Queensland\u2019s future", "status": 2, "qld_funding": 89000, "fed_funding": 0, "local_funding": 0, "own_funding": 0, "private_funding": 0, "total_funding": 89000, "region_codes": [320], "region_lga": "Sunshine Coast Regional", "region_sed": "CALOUNDRA", "region_sa4": "Sunshine Coast", "address": "13 MALENY ST, LANDSBOROUGH QLD 4550", "web_link": null, "category": "other"}}, {"type": "Feature", "geometry": {"type": "Point", "coordinates": [152.969591, -27.288685]}, "properties": {"project_id": 45207, "name": "Les Hughes Sports Complex", "description": "Upgrading the Les Hughes Sports Complex netball building in partnership with the Moreton Bay City Council.", "agency": "Department of Sport, Racing and Olympic and Paralympic Games", "type": "A plan for Queensland\u2019s future", "status": 2, "qld_funding": 0, "fed_funding": 0, "local_funding": 0, "own_funding": 0, "private_funding": 0, "total_funding": 0, "region_codes": [313], "region_lga": "Moreton Bay City", "region_sed": "PINE RIVERS", "region_sa4": "Moreton Bay - South", "address": "", "web_link": null, "category": "other"}}, {"type": "Feature", "geometry": {"type": "Point", "coordinates": [153.172757, -27.53591]}, "properties": {"project_id": 45208, "name": "Leslie Harrison Dam", "description": "Funding a feasibility study into remediation at Leslie Harrison Dam", "agency": "Department of Local Government, Water and Volunteers", "type": "A better lifestyle through a stronger economy", "status": 2, "qld_funding": 0, "fed_funding": 0, "local_funding": 0, "own_funding": 0, "private_funding": 0, "total_funding": 0, "region_codes": [316], "region_lga": "Redland City", "region_sed": "CAPALABA", "region_sa4": "Brisbane - East", "address": null, "web_link": null, "category": "other"}}, {"type": "Feature", "geometry": {"type": "Point", "coordinates": [151.578371, -28.013244]}, "properties": {"project_id": 45209, "name": "Leyburn State School", "description": "for tennis court upgrades.", "agency": "Department of Education", "type": "A plan for Queensland\u2019s future", "status": 2, "qld_funding": 405000, "fed_funding": 0, "local_funding": 0, "own_funding": 0, "private_funding": 0, "total_funding": 405000, "region_codes": [319], "region_lga": "Southern Downs Regional", "region_sed": "SOUTHERN DOWNS", "region_sa4": "Darling Downs - Maranoa", "address": "", "web_link": null, "category": "other"}}, {"type": "Feature", "geometry": {"type": "Point", "coordinates": [153.0179243, -27.18096523]}, "properties": {"project_id": 45210, "name": "Local Infrastructure Improvements -  New SES Deception Bay", "description": "To deliver our commitment to volunteers to upgrade the State Emergency Service complex at Deception Bay for additional vehicle storage, enhanced training facilities and increased volunteer capacity.", "agency": "Queensland Police Service", "type": "Safety where you live", "status": 2, "qld_funding": 0, "fed_funding": 0, "local_funding": 0, "own_funding": 0, "private_funding": 0, "total_funding": 0, "region_codes": [313], "region_lga": "Moreton Bay City", "region_sed": "BANCROFT", "region_sa4": "Moreton Bay - North", "address": "24-52 OLD BAY RD, DECEPTION BAY QLD 4508", "web_link": null, "category": "other"}}, {"type": "Feature", "geometry": {"type": "Point", "coordinates": [152.304718, -27.471485]}, "properties": {"project_id": 45213, "name": "Lockyer Valley Correctional Centre", "description": "Delivering the Lockyer Valley Correctional Centre.", "agency": "Queensland Corrective Services", "type": "Safety where you live", "status": 2, "qld_funding": 0, "fed_funding": 0, "local_funding": 0, "own_funding": 0, "private_funding": 0, "total_funding": 0, "region_codes": [310], "region_lga": "Lockyer Valley Regional", "region_sed": "LOCKYER", "region_sa4": "Ipswich", "address": "", "web_link": null, "category": "other"}}, {"type": "Feature", "geometry": {"type": "Point", "coordinates": [152.3942414, -27.6294626]}, "properties": {"project_id": 45214, "name": "Lockyer Valley footpath upgrades", "description": "to design and construct missing footpath links in townships including Laidley CBD, Hatton Vale and Withcott to improve connectivity and safety.", "agency": "Department of Local Government, Water and Volunteers", "type": "A better lifestyle through a stronger economy", "status": 2, "qld_funding": 300000, "fed_funding": 0, "local_funding": 0, "own_funding": 0, "private_funding": 0, "total_funding": 300000, "region_codes": [310], "region_lga": "Lockyer Valley Regional", "region_sed": "LOCKYER", "region_sa4": "Ipswich", "address": "Patrick Street", "web_link": null, "category": "other"}}, {"type": "Feature", "geometry": {"type": "Point", "coordinates": [152.2620719, -27.5544219]}, "properties": {"project_id": 45215, "name": "Lockyer Valley Turf Club", "description": "towards planning for the redevelopment of the Lockyer Valley Turf Club", "agency": "Department of Sport, Racing and Olympic and Paralympic Games", "type": "A plan for Queensland\u2019s future", "status": 2, "qld_funding": 150000, "fed_funding": 0, "local_funding": 0, "own_funding": 0, "private_funding": 0, "total_funding": 150000, "region_codes": [310], "region_lga": "Lockyer Valley Regional", "region_sed": "LOCKYER", "region_sa4": "Toowoomba", "address": "1 SPENCER ST, GATTON QLD 4343", "web_link": null, "category": "other"}}, {"type": "Feature", "geometry": {"type": "Point", "coordinates": [153.12851118, -27.6133393]}, "properties": {"project_id": 45217, "name": "Logan East Community Neighbourhood Centre - Community Connect", "description": "to Logan East Community Neighbourhood Centre to support their Community Connect Program.", "agency": "Department of Families, Seniors, Disability Services and Child Safety", "type": "A better lifestyle through a stronger economy", "status": 2, "qld_funding": 450000, "fed_funding": 0, "local_funding": 0, "own_funding": 0, "private_funding": 0, "total_funding": 450000, "region_codes": [311], "region_lga": "Logan City", "region_sed": "SPRINGWOOD", "region_sa4": "Logan - Beaudesert", "address": "53-57 CINDERELLA DR, SPRINGWOOD QLD 4127", "web_link": null, "category": "other"}}, {"type": "Feature", "geometry": {"type": "Point", "coordinates": [153.1418031, -27.6700261]}, "properties": {"project_id": 45218, "name": "Logan Hospital Car Park", "description": "Additional car parking spaces will be constructed for patients, carers, visitors and staff at the Logan Hospital, providing up to 1052 total spaces. ", "agency": "Queensland Health", "type": "Health services when you need them", "status": 2, "qld_funding": 0, "fed_funding": 0, "local_funding": 0, "own_funding": 0, "private_funding": 0, "total_funding": 0, "region_codes": [311], "region_lga": "Logan City", "region_sed": "WATERFORD", "region_sa4": "Logan - Beaudesert", "address": "Cnr Armstrong & Loganlea Roads, Meadowbrook, 4131", "web_link": null, "category": "other"}}, {"type": "Feature", "geometry": {"type": "Point", "coordinates": [153.1418031, -27.6700261]}, "properties": {"project_id": 45219, "name": "Logan Hospital Expansion (Stage 1)", "description": "to deliver up to 195 additional beds and bed alternatives with targeted refurbishment of key locations.", "agency": "Queensland Health", "type": "Health services when you need them", "status": 2, "qld_funding": 443756000, "fed_funding": 0, "local_funding": 0, "own_funding": 0, "private_funding": 0, "total_funding": 443756000, "region_codes": [311], "region_lga": "Logan City", "region_sed": "WATERFORD", "region_sa4": "Logan - Beaudesert", "address": "Cnr Armstrong & Loganlea Roads, Meadowbrook, 4131", "web_link": null, "category": "other"}}, {"type": "Feature", "geometry": {"type": "Point", "coordinates": [153.1418031, -27.6700261]}, "properties": {"project_id": 45220, "name": "Logan Hospital Expansion (Stage 2)", "description": "to deliver a clinical services building with 112 new beds for additional surgical capacity, acute care and support services as part of the Hospital Rescue Plan.", "agency": "Queensland Health", "type": "Health services when you need them", "status": 2, "qld_funding": 874683000, "fed_funding": 0, "local_funding": 0, "own_funding": 0, "private_funding": 0, "total_funding": 874683000, "region_codes": [311], "region_lga": "Logan City", "region_sed": "WATERFORD", "region_sa4": "Logan - Beaudesert", "address": "Cnr Armstrong & Loganlea Roads, Meadowbrook, 4131", "web_link": null, "category": "other"}}, {"type": "Feature", "geometry": {"type": "Point", "coordinates": [153.1049037, -27.64584562]}, "properties": {"project_id": 45221, "name": "Logan police facility upgrade", "description": "to upgrade the Logan police facility.", "agency": "Queensland Police Service", "type": "Safety where you live", "status": 2, "qld_funding": 76000000, "fed_funding": 0, "local_funding": 0, "own_funding": 0, "private_funding": 0, "total_funding": 76000000, "region_codes": [311], "region_lga": "Logan City", "region_sed": "WOODRIDGE", "region_sa4": "Logan - Beaudesert", "address": "11-13 CIVIC PDE, LOGAN CENTRAL QLD 4114", "web_link": null, "category": "other"}}, {"type": "Feature", "geometry": {"type": "Point", "coordinates": [144.2617449, -23.4391095]}, "properties": {"project_id": 45222, "name": "Longreach and Winton Staff Accommodation", "description": "Staff accommodation will be replaced in Longreach and Winton providing appropriate, safe, and fit-for-purpose accommodation, as part of the Hospital Rescue Plan.", "agency": "Queensland Health", "type": "Health services when you need them", "status": 2, "qld_funding": 0, "fed_funding": 0, "local_funding": 0, "own_funding": 0, "private_funding": 0, "total_funding": 0, "region_codes": [321], "region_lga": "Longreach Regional", "region_sed": "GREGORY", "region_sa4": "Queensland - Outback", "address": "Corner Jabiru & Plover Streets, Longreach, 4730", "web_link": null, "category": "other"}}, {"type": "Feature", "geometry": {"type": "Point", "coordinates": [144.22191, -23.39232]}, "properties": {"project_id": 45224, "name": "Longreach Saleyards Railway Siding Extension", "description": "to extend the railway siding at the Western Queensland Livestock Exchange Saleyards in Longreach.", "agency": "Department of State Development, Infrastructure and Planning", "type": "A better lifestyle through a stronger economy", "status": 2, "qld_funding": 500000, "fed_funding": 0, "local_funding": 0, "own_funding": 0, "private_funding": 0, "total_funding": 500000, "region_codes": [321], "region_lga": "Longreach Regional", "region_sed": "GREGORY", "region_sa4": "Queensland - Outback", "address": "", "web_link": null, "category": "other"}}, {"type": "Feature", "geometry": {"type": "Point", "coordinates": [144.2506, -23.4403]}, "properties": {"project_id": 45225, "name": "Longreach water security", "description": "total spend to raise 5 weirs along the Thomson River and implement a number of other upgrades to increase water storage and improve water efficiency across the network.", "agency": "Department of Local Government, Water and Volunteers", "type": "A better lifestyle through a stronger economy", "status": 2, "qld_funding": 11990000, "fed_funding": 0, "local_funding": 0, "own_funding": 0, "private_funding": 0, "total_funding": 11990000, "region_codes": [321], "region_lga": "Longreach Regional", "region_sed": "GREGORY", "region_sa4": "Queensland - Outback", "address": "", "web_link": null, "category": "other"}}, {"type": "Feature", "geometry": {"type": "Point", "coordinates": [153.07012587, -27.54367246]}, "properties": {"project_id": 45228, "name": "Lovewell Caf\u00e9", "description": "to upgrade Lovewell Caf\u00e9 as part of the Social Entrepreneurs Fund", "agency": "Queensland Treasury", "type": "A plan for Queensland\u2019s future", "status": 2, "qld_funding": 600000, "fed_funding": 0, "local_funding": 0, "own_funding": 0, "private_funding": 0, "total_funding": 600000, "region_codes": [304], "region_lga": "Brisbane City", "region_sed": "MANSFIELD", "region_sa4": "Brisbane - South", "address": "185 MOUNT GRAVATT RD, MOUNT GRAVATT QLD 4122", "web_link": null, "category": "other"}}, {"type": "Feature", "geometry": {"type": "Point", "coordinates": [152.484407, -26.091093]}, "properties": {"project_id": 45229, "name": "Lower Wonga Hall", "description": "Deliver a new mower and table holders at the Lower Wonga Hall.", "agency": "Department of Local Government, Water and Volunteers", "type": "A better lifestyle through a stronger economy", "status": 2, "qld_funding": 0, "fed_funding": 0, "local_funding": 0, "own_funding": 0, "private_funding": 0, "total_funding": 0, "region_codes": [322], "region_lga": "Gympie Regional", "region_sed": "GYMPIE", "region_sa4": "Wide Bay", "address": "", "web_link": null, "category": "other"}}, {"type": "Feature", "geometry": {"type": "Point", "coordinates": [146.792751, -19.317497]}, "properties": {"project_id": 45230, "name": "MacArthur Drive and University Drive Slip Lane", "description": "Completing planning for a slip lane on the corner of MacArthur Drive and University Road, Annandale.", "agency": "Department of Transport and Main Roads", "type": "A plan for Queensland\u2019s future", "status": 2, "qld_funding": 0, "fed_funding": 0, "local_funding": 0, "own_funding": 0, "private_funding": 0, "total_funding": 0, "region_codes": [314], "region_lga": "Townsville City", "region_sed": "MUNDINGBURRA", "region_sa4": "Townsville", "address": "", "web_link": null, "category": "other"}}, {"type": "Feature", "geometry": {"type": "Point", "coordinates": [153.076625, -27.566037]}, "properties": {"project_id": 45231, "name": "MacGregor State High School", "description": "to deliver tennis facility upgrades", "agency": "Department of Education", "type": "A plan for Queensland\u2019s future", "status": 2, "qld_funding": 200000, "fed_funding": 0, "local_funding": 0, "own_funding": 0, "private_funding": 0, "total_funding": 200000, "region_codes": [304], "region_lga": "Brisbane City", "region_sed": "TOOHEY", "region_sa4": "Brisbane - South", "address": "Blackwattle Street, Macgregor", "web_link": null, "category": "other"}}, {"type": "Feature", "geometry": {"type": "Point", "coordinates": [149.156492, -21.084546]}, "properties": {"project_id": 45233, "name": "Mackay - Bucasia Road and Golf Links Road, upgrade intersection", "description": "Upgrades at the Golf Links intersection to improve safety and reduce congestion", "agency": "Department of Transport and Main Roads", "type": "A plan for Queensland\u2019s future", "status": 2, "qld_funding": 0, "fed_funding": 0, "local_funding": 0, "own_funding": 0, "private_funding": 0, "total_funding": 0, "region_codes": [312], "region_lga": "Mackay Regional", "region_sed": "WHITSUNDAY", "region_sa4": "Mackay - Isaac - Whitsunday", "address": "", "web_link": null, "category": "other"}}, {"type": "Feature", "geometry": {"type": "Point", "coordinates": [149.1533094, -21.1463997]}, "properties": {"project_id": 45234, "name": "Mackay Community Mental Health Refurbishment", "description": "To deliver a refurbishment of Mackay Community Mental Health to provide purpose-designed clinical spaces and therapy rooms.", "agency": "Queensland Health", "type": "Health services when you need them", "status": 2, "qld_funding": 18511000, "fed_funding": 0, "local_funding": 0, "own_funding": 0, "private_funding": 0, "total_funding": 18511000, "region_codes": [312], "region_lga": "Mackay Regional", "region_sed": "MACKAY", "region_sa4": "Mackay - Isaac - Whitsunday", "address": "475 Bridge Road, Mackay, 4740", "web_link": null, "category": "other"}}, {"type": "Feature", "geometry": {"type": "Point", "coordinates": [149.184969, -21.149625]}, "properties": {"project_id": 45235, "name": "Mackay community support centre", "description": "to redevelop St Vincent de Paul Society's existing community support centre in Mackay to facilitate the delivery of integrated housing and support services", "agency": "Department of State Development, Infrastructure and Planning", "type": "A better lifestyle through a stronger economy", "status": 2, "qld_funding": 5218875, "fed_funding": 0, "local_funding": 0, "own_funding": 0, "private_funding": 0, "total_funding": 5218875, "region_codes": [312], "region_lga": "Mackay Regional", "region_sed": "MACKAY", "region_sa4": "Mackay - Isaac - Whitsunday", "address": "", "web_link": null, "category": "other"}}, {"type": "Feature", "geometry": {"type": "Point", "coordinates": [149.17274, -21.157]}, "properties": {"project_id": 45237, "name": "Mackay Hockey Association", "description": "to add a second floor to the facility", "agency": "Department of Sport, Racing and Olympic and Paralympic Games", "type": "A plan for Queensland\u2019s future", "status": 2, "qld_funding": 800000, "fed_funding": 0, "local_funding": 0, "own_funding": 0, "private_funding": 0, "total_funding": 800000, "region_codes": [312], "region_lga": "Mackay Regional", "region_sed": "MACKAY", "region_sa4": "Mackay - Isaac - Whitsunday", "address": "4 WARNER ST, WEST MACKAY QLD 4740", "web_link": null, "category": "other"}}, {"type": "Feature", "geometry": {"type": "Point", "coordinates": [149.1533094, -21.1463997]}, "properties": {"project_id": 45238, "name": "Mackay Hospital Car Park", "description": "Additional car parking spaces will be constructed for patients, carers, visitors and staff at the Mackay Hospital, providing up to 556 new spaces. ", "agency": "Queensland Health", "type": "Health services when you need them", "status": 2, "qld_funding": 0, "fed_funding": 0, "local_funding": 0, "own_funding": 0, "private_funding": 0, "total_funding": 0, "region_codes": [312], "region_lga": "Mackay Regional", "region_sed": "MACKAY", "region_sa4": "Mackay - Isaac - Whitsunday", "address": "475 Bridge Road, Mackay, 4740", "web_link": null, "category": "other"}}, {"type": "Feature", "geometry": {"type": "Point", "coordinates": [149.1533094, -21.1463997]}, "properties": {"project_id": 45239, "name": "Mackay Hospital Expansion", "description": "The Mackay Hospital will be expanded with at least 128 new overnight beds as part of the Hospital Rescue Plan.", "agency": "Queensland Health", "type": "Health services when you need them", "status": 2, "qld_funding": 0, "fed_funding": 0, "local_funding": 0, "own_funding": 0, "private_funding": 0, "total_funding": 0, "region_codes": [312], "region_lga": "Mackay Regional", "region_sed": "MACKAY", "region_sa4": "Mackay - Isaac - Whitsunday", "address": "475 Bridge Road, Mackay, 4740", "web_link": null, "category": "other"}}, {"type": "Feature", "geometry": {"type": "Point", "coordinates": [149.18216, -21.16444]}, "properties": {"project_id": 45241, "name": "Mackay Netball Association", "description": "to build shade protection over four courts", "agency": "Department of Sport, Racing and Olympic and Paralympic Games", "type": "A plan for Queensland\u2019s future", "status": 2, "qld_funding": 1600000, "fed_funding": 0, "local_funding": 0, "own_funding": 0, "private_funding": 0, "total_funding": 1600000, "region_codes": [312], "region_lga": "Mackay Regional", "region_sed": "MACKAY", "region_sa4": "Mackay - Isaac - Whitsunday", "address": "7 Leisure Court, South Mackay, Queensland, 4740, Australia", "web_link": null, "category": "other"}}, {"type": "Feature", "geometry": {"type": "Point", "coordinates": [149.173895, -21.115653]}, "properties": {"project_id": 45242, "name": "Mackay North State High School", "description": "Delivering a new tuckshop, as part of $70.68 million School and Education Boost.", "agency": "Department of Education", "type": "A plan for Queensland\u2019s future", "status": 2, "qld_funding": 0, "fed_funding": 0, "local_funding": 0, "own_funding": 0, "private_funding": 0, "total_funding": 0, "region_codes": [312], "region_lga": "Mackay Regional", "region_sed": "MACKAY", "region_sa4": "Mackay - Isaac - Whitsunday", "address": "Valley Street, North Mackay", "web_link": null, "category": "other"}}, {"type": "Feature", "geometry": {"type": "Point", "coordinates": [149.1739, -21.115653]}, "properties": {"project_id": 45243, "name": "Mackay North State High School", "description": "to extend the existing hall", "agency": "Department of Education", "type": "A plan for Queensland\u2019s future", "status": 2, "qld_funding": 19140000, "fed_funding": 0, "local_funding": 0, "own_funding": 0, "private_funding": 0, "total_funding": 19140000, "region_codes": [312], "region_lga": "Mackay Regional", "region_sed": "MACKAY", "region_sa4": "Mackay - Isaac - Whitsunday", "address": "Valley Street, North Mackay", "web_link": null, "category": "other"}}, {"type": "Feature", "geometry": {"type": "Point", "coordinates": [149.157457, -21.0671648]}, "properties": {"project_id": 45244, "name": "Mackay Northern Beaches Bowls Club", "description": "for an all weather shade structure", "agency": "Department of Sport, Racing and Olympic and Paralympic Games", "type": "A plan for Queensland\u2019s future", "status": 2, "qld_funding": 500000, "fed_funding": 0, "local_funding": 0, "own_funding": 0, "private_funding": 0, "total_funding": 500000, "region_codes": [312], "region_lga": "Mackay Regional", "region_sed": "WHITSUNDAY", "region_sa4": "Mackay - Isaac - Whitsunday", "address": "1 ROSEWOOD DR, RURAL VIEW QLD 4740", "web_link": null, "category": "other"}}, {"type": "Feature", "geometry": {"type": "Point", "coordinates": [149.1877325, -21.1421261]}, "properties": {"project_id": 45245, "name": "Mackay police facility upgrade", "description": "Update", "agency": "Queensland Police Service", "type": "Safety where you live", "status": 2, "qld_funding": 9310000, "fed_funding": 0, "local_funding": 0, "own_funding": 0, "private_funding": 0, "total_funding": 9310000, "region_codes": [312], "region_lga": "Mackay Regional", "region_sed": "MACKAY", "region_sa4": "Mackay - Isaac - Whitsunday", "address": "57 SYDNEY ST, MACKAY QLD 4740", "web_link": null, "category": "other"}}, {"type": "Feature", "geometry": {"type": "Point", "coordinates": [149.176751, -21.152514]}, "properties": {"project_id": 45246, "name": "Mackay State High School", "description": "Refurbishing the school hall and adding air-conditioning, as part of $70.68 million School and Education Boost. ", "agency": "Department of Education", "type": "A plan for Queensland\u2019s future", "status": 2, "qld_funding": 0, "fed_funding": 0, "local_funding": 0, "own_funding": 0, "private_funding": 0, "total_funding": 0, "region_codes": [312], "region_lga": "Mackay Regional", "region_sed": "MACKAY", "region_sa4": "Mackay - Isaac - Whitsunday", "address": "123 Milton Street, South Mackay", "web_link": null, "category": "other"}}, {"type": "Feature", "geometry": {"type": "Point", "coordinates": [152.0258242, -28.23256885]}, "properties": {"project_id": 45247, "name": "Maintenance at Warwick TAFE", "description": "for ongoing maintenance investment into Warwick TAFE.\n", "agency": "Department of Trade, Employment and Training", "type": "A plan for Queensland\u2019s future", "status": 2, "qld_funding": 869300, "fed_funding": 0, "local_funding": 0, "own_funding": 0, "private_funding": 0, "total_funding": 869300, "region_codes": [319], "region_lga": "Southern Downs Regional", "region_sed": "SOUTHERN DOWNS", "region_sa4": "Darling Downs - Maranoa", "address": null, "web_link": null, "category": "other"}}, {"type": "Feature", "geometry": {"type": "Point", "coordinates": [152.8512294, -26.7586085]}, "properties": {"project_id": 45255, "name": "Maleny Footpath Upgrades", "description": "to replace pathways on both sides of Maple Street, Maleny between Fig and Myrtle streets to improve pedestrian safety and access", "agency": "Department of Local Government, Water and Volunteers", "type": "A better lifestyle through a stronger economy", "status": 2, "qld_funding": 600000, "fed_funding": 0, "local_funding": 0, "own_funding": 0, "private_funding": 0, "total_funding": 600000, "region_codes": [320], "region_lga": "Sunshine Coast Regional", "region_sed": "GLASS HOUSE", "region_sa4": "Sunshine Coast", "address": "Maple Street", "web_link": null, "category": "other"}}, {"type": "Feature", "geometry": {"type": "Point", "coordinates": [152.88499, -26.768315]}, "properties": {"project_id": 45256, "name": "Maleny Intersection Upgrade", "description": "Delivering upgrades to the intersection at Landsborough-Maleny and Maleny-Montville Roads.", "agency": "Department of Transport and Main Roads", "type": "A plan for Queensland\u2019s future", "status": 2, "qld_funding": 0, "fed_funding": 0, "local_funding": 0, "own_funding": 0, "private_funding": 0, "total_funding": 0, "region_codes": [320], "region_lga": "Sunshine Coast Regional", "region_sed": "GLASS HOUSE", "region_sa4": "Sunshine Coast", "address": "", "web_link": null, "category": "other"}}, {"type": "Feature", "geometry": {"type": "Point", "coordinates": [153.10512, -27.543255]}, "properties": {"project_id": 45257, "name": "Mansfield School Precinct Safety", "description": "Delivering traffic, walking and safety improvements around the Mansfield State School and State High School precinct in partnership with Brisbane City Council", "agency": "Department of Education", "type": "A plan for Queensland\u2019s future", "status": 2, "qld_funding": 0, "fed_funding": 0, "local_funding": 0, "own_funding": 0, "private_funding": 0, "total_funding": 0, "region_codes": [304], "region_lga": "Brisbane City", "region_sed": "MANSFIELD", "region_sa4": "Brisbane - South", "address": null, "web_link": null, "category": "other"}}, {"type": "Feature", "geometry": {"type": "Point", "coordinates": [152.697067, -25.523264]}, "properties": {"project_id": 45258, "name": "Manufacturing Centre of Excellence", "description": "to refurbish part of the Maryborough TAFE campus and operational costs associated with the establishment of the Manufacturing Centre of Excellence ", "agency": "Department of Trade, Employment and Training", "type": "A plan for Queensland\u2019s future", "status": 2, "qld_funding": 7100000, "fed_funding": 0, "local_funding": 0, "own_funding": 0, "private_funding": 0, "total_funding": 7100000, "region_codes": [322], "region_lga": "Fraser Coast Regional", "region_sed": "MARYBOROUGH", "region_sa4": "Wide Bay", "address": null, "web_link": null, "category": "other"}}, {"type": "Feature", "geometry": {"type": "Point", "coordinates": [152.594565, -27.56372]}, "properties": {"project_id": 45259, "name": "Marburg SES", "description": "Supporting the essential work of the SES with upgrades to Marburg SES facilities.", "agency": "Queensland Police Service", "type": "Safety where you live", "status": 2, "qld_funding": 0, "fed_funding": 0, "local_funding": 0, "own_funding": 0, "private_funding": 0, "total_funding": 0, "region_codes": [310], "region_lga": "Ipswich City", "region_sed": "IPSWICH WEST", "region_sa4": "Ipswich", "address": "", "web_link": null, "category": "other"}}, {"type": "Feature", "geometry": {"type": "Point", "coordinates": [152.67502018, -26.34503484]}, "properties": {"project_id": 45260, "name": "Mary Valley Men's Shed - Solar System", "description": "for a solar system for the Mary Valley Men's Shed", "agency": "Department of Families, Seniors, Disability Services and Child Safety", "type": "A better lifestyle through a stronger economy", "status": 2, "qld_funding": 20000, "fed_funding": 0, "local_funding": 0, "own_funding": 0, "private_funding": 0, "total_funding": 20000, "region_codes": [322], "region_lga": "Gympie Regional", "region_sed": "GYMPIE", "region_sa4": "Wide Bay", "address": "13-17 BUSBY ST, AMAMOOR QLD 4570", "web_link": null, "category": "other"}}, {"type": "Feature", "geometry": {"type": "Point", "coordinates": [152.6555463, -25.50527066]}, "properties": {"project_id": 45261, "name": "Maryborough area rural fire brigade headquarters", "description": "for the rural fire brigade headquarters at Maryborough.", "agency": "Queensland Fire Department", "type": "Safety where you live", "status": 2, "qld_funding": 7150000, "fed_funding": 0, "local_funding": 0, "own_funding": 0, "private_funding": 0, "total_funding": 7150000, "region_codes": [322], "region_lga": "Fraser Coast Regional", "region_sed": "MARYBOROUGH", "region_sa4": "Wide Bay", "address": null, "web_link": null, "category": "other"}}, {"type": "Feature", "geometry": {"type": "Point", "coordinates": [152.70069, -25.5375]}, "properties": {"project_id": 45262, "name": "Maryborough police facility upgrade", "description": "for the upgrade of the police facility at Maryborough.", "agency": "Queensland Police Service", "type": "Safety where you live", "status": 2, "qld_funding": 7000000, "fed_funding": 0, "local_funding": 0, "own_funding": 0, "private_funding": 0, "total_funding": 7000000, "region_codes": [322], "region_lga": "Fraser Coast Regional", "region_sed": "MARYBOROUGH", "region_sa4": "Wide Bay", "address": "", "web_link": null, "category": "other"}}, {"type": "Feature", "geometry": {"type": "Point", "coordinates": [153.273254, -27.93568]}, "properties": {"project_id": 45265, "name": "Maudsland and Upper Coomera Cenotaphs", "description": "Supporting our veterans with $500,000 towards the new Maudsland Cenotaph and enhancing the Upper Coomera Cenotaph at Tallowwood Park.", "agency": "Department of the Premier and Cabinet", "type": "A plan for Queensland\u2019s future", "status": 2, "qld_funding": 0, "fed_funding": 0, "local_funding": 0, "own_funding": 0, "private_funding": 0, "total_funding": 0, "region_codes": [309], "region_lga": "Gold Coast City", "region_sed": "THEODORE", "region_sa4": "Gold Coast", "address": "", "web_link": null, "category": "other"}}, {"type": "Feature", "geometry": {"type": "Point", "coordinates": [153.092362, -27.483944]}, "properties": {"project_id": 45266, "name": "Mayfield State School", "description": "Delivering acoustic upgrades for the activity centre, as part of the $70.68 million School and Education Boost funding", "agency": "Department of Education", "type": "A plan for Queensland\u2019s future", "status": 2, "qld_funding": 0, "fed_funding": 0, "local_funding": 0, "own_funding": 0, "private_funding": 0, "total_funding": 0, "region_codes": [302], "region_lga": "Brisbane City", "region_sed": "CHATSWORTH", "region_sa4": "Brisbane - South", "address": "Paget Street, Carina", "web_link": null, "category": "other"}}, {"type": "Feature", "geometry": {"type": "Point", "coordinates": [152.988724, -27.387912]}, "properties": {"project_id": 45267, "name": "McDowall State School", "description": "Upgrading the school drop off zone at McDowall State School", "agency": "Department of Education", "type": "A plan for Queensland\u2019s future", "status": 2, "qld_funding": 0, "fed_funding": 0, "local_funding": 0, "own_funding": 0, "private_funding": 0, "total_funding": 0, "region_codes": [303], "region_lga": "Brisbane City", "region_sed": "EVERTON", "region_sa4": "Brisbane - North", "address": null, "web_link": null, "category": "other"}}, {"type": "Feature", "geometry": {"type": "Point", "coordinates": [153.102885, -26.773775]}, "properties": {"project_id": 45269, "name": "Meridan State College", "description": "to install new AV equipment or air-conditioning in school hall, as part of shared funding across Kawana state electorate", "agency": "Department of Education", "type": "A plan for Queensland\u2019s future", "status": 2, "qld_funding": 166000, "fed_funding": 0, "local_funding": 0, "own_funding": 0, "private_funding": 0, "total_funding": 166000, "region_codes": [320], "region_lga": "Sunshine Coast Regional", "region_sed": "KAWANA", "region_sa4": "Sunshine Coast", "address": "214 Parklands Boulevard, Meridan Plains", "web_link": null, "category": "other"}}, {"type": "Feature", "geometry": {"type": "Point", "coordinates": [153.100254, -26.765479]}, "properties": {"project_id": 45270, "name": "Meridan Way Connector", "description": "Investigating design options for a Meridan Way Connector Road to Kawana Way Link Road.", "agency": "Department of Transport and Main Roads", "type": "A plan for Queensland\u2019s future", "status": 2, "qld_funding": 0, "fed_funding": 0, "local_funding": 0, "own_funding": 0, "private_funding": 0, "total_funding": 0, "region_codes": [320], "region_lga": "Sunshine Coast Regional", "region_sed": "KAWANA", "region_sa4": "Sunshine Coast", "address": "", "web_link": null, "category": "other"}}, {"type": "Feature", "geometry": {"type": "Point", "coordinates": [151.2627743, -27.8795568]}, "properties": {"project_id": 45275, "name": "Millmerran Multipurpose Health Service", "description": " to deliver a safe, compliant and contemporary health facility utilising a modern design, as part of the Hospital Rescue Plan.", "agency": "Queensland Health", "type": "Health services when you need them", "status": 2, "qld_funding": 34738323, "fed_funding": 0, "local_funding": 0, "own_funding": 0, "private_funding": 0, "total_funding": 34738323, "region_codes": [307], "region_lga": "Toowoomba Regional", "region_sed": "SOUTHERN DOWNS", "region_sa4": "Darling Downs - Maranoa", "address": "50 Commens Street, Millmerran, 4357", "web_link": null, "category": "other"}}, {"type": "Feature", "geometry": {"type": "Point", "coordinates": [153.0970062, -27.4833383]}, "properties": {"project_id": 45277, "name": "Minnippi Bikeway expansion, Carina", "description": "to construct a shared path expanding Minnippi Parklands' active travel network.", "agency": "Department of Local Government, Water and Volunteers", "type": "A better lifestyle through a stronger economy", "status": 2, "qld_funding": 1500000, "fed_funding": 0, "local_funding": 0, "own_funding": 0, "private_funding": 0, "total_funding": 1500000, "region_codes": [302], "region_lga": "Brisbane City", "region_sed": "BULIMBA", "region_sa4": "Brisbane - South", "address": "Fusden Road", "web_link": null, "category": "other"}}, {"type": "Feature", "geometry": {"type": "Point", "coordinates": [147.97152, -26.488567]}, "properties": {"project_id": 45279, "name": "Mitchell State School", "description": "for multi-purpose upgrades so students can spend time being active on the courts.", "agency": "Department of Education", "type": "A plan for Queensland\u2019s future", "status": 2, "qld_funding": 518000, "fed_funding": 0, "local_funding": 0, "own_funding": 0, "private_funding": 0, "total_funding": 518000, "region_codes": [318], "region_lga": "Maranoa Regional", "region_sed": "WARREGO", "region_sa4": "Darling Downs - Maranoa", "address": "105 Cambridge Street, Mitchell", "web_link": null, "category": "other"}}, {"type": "Feature", "geometry": {"type": "Point", "coordinates": [152.98110098, -27.40605421]}, "properties": {"project_id": 45280, "name": "Mitchelton Sports Club", "description": "to upgrade for Mitchelton Football Club clubhouse", "agency": "Department of Sport, Racing and Olympic and Paralympic Games", "type": "A plan for Queensland\u2019s future", "status": 2, "qld_funding": 1500000, "fed_funding": 0, "local_funding": 0, "own_funding": 0, "private_funding": 0, "total_funding": 1500000, "region_codes": [303], "region_lga": "Brisbane City", "region_sed": "EVERTON", "region_sa4": "Brisbane - North", "address": "102 PULLEN RD, EVERTON PARK QLD 4053", "web_link": null, "category": "other"}}, {"type": "Feature", "geometry": {"type": "Point", "coordinates": [152.97756884, -27.41655859]}, "properties": {"project_id": 45281, "name": "Mitchelton Youth Club", "description": "to progress the business case and planning for a new facility at Mitchelton Youth Club Inc.", "agency": "Department of Sport, Racing and Olympic and Paralympic Games", "type": "A plan for Queensland\u2019s future", "status": 2, "qld_funding": 250000, "fed_funding": 0, "local_funding": 0, "own_funding": 0, "private_funding": 0, "total_funding": 250000, "region_codes": [303], "region_lga": "Brisbane City", "region_sed": "FERNY GROVE", "region_sa4": "Brisbane - West", "address": "20 TEL-EL-KEBIR ST, MITCHELTON QLD 4053", "web_link": null, "category": "other"}}, {"type": "Feature", "geometry": {"type": "Point", "coordinates": [142.3340602, -10.1872601]}, "properties": {"project_id": 45282, "name": "Moa St Pauls Public Health Community Centre Rectification", "description": "to deliver a new extension to the public health community centre, as part of the newly uplifted Timely Investment Infrastructure Maintenance program.", "agency": "Queensland Health", "type": "Health services when you need them", "status": 2, "qld_funding": 10726596, "fed_funding": 0, "local_funding": 0, "own_funding": 0, "private_funding": 0, "total_funding": 10726596, "region_codes": [308], "region_lga": "Torres Strait Island Regional", "region_sed": "COOK", "region_sa4": "Queensland - Outback", "address": "Lot 33 Main Street, St Paul'S Village, Moa Island, 4875", "web_link": null, "category": "other"}}, {"type": "Feature", "geometry": {"type": "Point", "coordinates": [152.863257, -27.579603]}, "properties": {"project_id": 45284, "name": "Moggill District Sports Park", "description": "Delivery a new footpath at the Moggill District Sports Park", "agency": "Department of Sport, Racing and Olympic and Paralympic Games", "type": "A plan for Queensland\u2019s future", "status": 2, "qld_funding": 0, "fed_funding": 0, "local_funding": 0, "own_funding": 0, "private_funding": 0, "total_funding": 0, "region_codes": [305], "region_lga": "Brisbane City", "region_sed": "MOGGILL", "region_sa4": "Brisbane - West", "address": null, "web_link": null, "category": "other"}}, {"type": "Feature", "geometry": {"type": "Point", "coordinates": [152.8908671, -27.5637111]}, "properties": {"project_id": 45285, "name": "Moggill Football Club", "description": "for funding and support for Moggill Football Club", "agency": "Department of Sport, Racing and Olympic and Paralympic Games", "type": "A plan for Queensland\u2019s future", "status": 2, "qld_funding": 50000, "fed_funding": 0, "local_funding": 0, "own_funding": 0, "private_funding": 0, "total_funding": 50000, "region_codes": [305], "region_lga": "Brisbane City", "region_sed": "MOGGILL", "region_sa4": "Brisbane - West", "address": "70 SUGARWOOD ST, BELLBOWRIE QLD 4070", "web_link": null, "category": "other"}}, {"type": "Feature", "geometry": {"type": "Point", "coordinates": [152.89345, -27.56225]}, "properties": {"project_id": 45286, "name": "Moggill Girl Guides", "description": "to support capital and infrastructure upgrades, and to refurbish amenities", "agency": "Department of Sport, Racing and Olympic and Paralympic Games", "type": "A plan for Queensland\u2019s future", "status": 2, "qld_funding": 50000, "fed_funding": 0, "local_funding": 0, "own_funding": 0, "private_funding": 0, "total_funding": 50000, "region_codes": [305], "region_lga": "Brisbane City", "region_sed": "MOGGILL", "region_sa4": "Brisbane - West", "address": "Booker Place Park, Bellbowrie QLD 4070", "web_link": null, "category": "other"}}, {"type": "Feature", "geometry": {"type": "Point", "coordinates": [152.862651, -27.5807931]}, "properties": {"project_id": 45287, "name": "Moggill Mustangs Junior AFL Club", "description": "for facility upgrades, including changeroom facilities for Moggill Mustangs' Junior AFL Club", "agency": "Department of Sport, Racing and Olympic and Paralympic Games", "type": "A plan for Queensland\u2019s future", "status": 2, "qld_funding": 75000, "fed_funding": 0, "local_funding": 0, "own_funding": 0, "private_funding": 0, "total_funding": 75000, "region_codes": [305], "region_lga": "Brisbane City", "region_sed": "MOGGILL", "region_sa4": "Brisbane - West", "address": "3660 MOGGILL RD, MOGGILL QLD 4070", "web_link": null, "category": "other"}}, {"type": "Feature", "geometry": {"type": "Point", "coordinates": [152.88689072, -27.53714624]}, "properties": {"project_id": 45288, "name": "Moggill Pony Club", "description": "for club infrastructure and equipment upgrades", "agency": "Department of Sport, Racing and Olympic and Paralympic Games", "type": "A plan for Queensland\u2019s future", "status": 2, "qld_funding": 50000, "fed_funding": 0, "local_funding": 0, "own_funding": 0, "private_funding": 0, "total_funding": 50000, "region_codes": [305], "region_lga": "Brisbane City", "region_sed": "MOGGILL", "region_sa4": "Brisbane - West", "address": "41 OBRIEN RD, PULLENVALE QLD 4069", "web_link": null, "category": "other"}}, {"type": "Feature", "geometry": {"type": "Point", "coordinates": [152.87864, -27.55925]}, "properties": {"project_id": 45289, "name": "Moggill Scout Group", "description": "to enable vital infrastructure refurbishments and upgrades", "agency": "Department of Sport, Racing and Olympic and Paralympic Games", "type": "A plan for Queensland\u2019s future", "status": 2, "qld_funding": 50000, "fed_funding": 0, "local_funding": 0, "own_funding": 0, "private_funding": 0, "total_funding": 50000, "region_codes": [305], "region_lga": "Brisbane City", "region_sed": "MOGGILL", "region_sa4": "Brisbane - West", "address": "17 Mahonia Street, Bellbowrie QLD 4070", "web_link": null, "category": "other"}}, {"type": "Feature", "geometry": {"type": "Point", "coordinates": [152.93787, -27.510236]}, "properties": {"project_id": 45290, "name": "Moggill Sub-Arterial Road, Kenmore roundabout and Our Lady of the Rosary intersection, safety improvements", "description": "To improve safety and congestion at the Kenmore Roundabout and make safety improvements at the Our Lady of the Rosary intersection", "agency": "Department of Transport and Main Roads", "type": "A plan for Queensland\u2019s future", "status": 2, "qld_funding": 0, "fed_funding": 0, "local_funding": 0, "own_funding": 0, "private_funding": 0, "total_funding": 0, "region_codes": [305], "region_lga": "Brisbane City", "region_sed": "MOGGILL", "region_sa4": "Brisbane - West", "address": "", "web_link": null, "category": "other"}}, {"type": "Feature", "geometry": {"type": "Point", "coordinates": [153.096168, -26.675697]}, "properties": {"project_id": 45291, "name": "Mooloolaba Road and Sugar Road Intersection Upgrade", "description": "Delivering upgrades to the Mooloolaba Road and Sugar Road intersection to ease congestion.", "agency": "Department of Transport and Main Roads", "type": "A plan for Queensland\u2019s future", "status": 2, "qld_funding": 0, "fed_funding": 0, "local_funding": 0, "own_funding": 0, "private_funding": 0, "total_funding": 0, "region_codes": [320], "region_lga": "Sunshine Coast Regional", "region_sed": "BUDERIM", "region_sa4": "Sunshine Coast", "address": "", "web_link": null, "category": "other"}}, {"type": "Feature", "geometry": {"type": "Point", "coordinates": [153.094, -26.67698]}, "properties": {"project_id": 45292, "name": "Mooloolaba Road, Syd Lingard Drive to Tantula Road West, upgrade intersection", "description": "To upgrade the Mooloolaba Road, Syd Lingard Drive to Tantula Road West intersection to improve safety and traffic flow", "agency": "Department of Transport and Main Roads", "type": "A plan for Queensland\u2019s future", "status": 2, "qld_funding": 0, "fed_funding": 0, "local_funding": 0, "own_funding": 0, "private_funding": 0, "total_funding": 0, "region_codes": [320], "region_lga": "Sunshine Coast Regional", "region_sed": "BUDERIM", "region_sa4": "Sunshine Coast", "address": "", "web_link": null, "category": "other"}}, {"type": "Feature", "geometry": {"type": "Point", "coordinates": [152.28981, -26.89449]}, "properties": {"project_id": 45293, "name": "Moore Linville rural fire brigade station", "description": " for the rural fire brigade station at Moore Linville.", "agency": "Queensland Fire Department", "type": "Safety where you live", "status": 2, "qld_funding": 1400000, "fed_funding": 0, "local_funding": 0, "own_funding": 0, "private_funding": 0, "total_funding": 1400000, "region_codes": [310], "region_lga": "Somerset Regional", "region_sed": "NANANGO", "region_sa4": "Moreton Bay - North", "address": null, "web_link": null, "category": "other"}}, {"type": "Feature", "geometry": {"type": "Point", "coordinates": [148.7754905, -26.5771801]}, "properties": {"project_id": 45318, "name": "More housing for Roma", "description": "Constructing affordable housing units across 2 consolidated council-owned sites in Roma, maintaining the original housing outcomes more efficiently. Part of the permanent Works for Queensland Program.", "agency": "Department of Local Government, Water and Volunteers", "type": "A better lifestyle through a stronger economy", "status": 2, "qld_funding": 0, "fed_funding": 0, "local_funding": 0, "own_funding": 0, "private_funding": 0, "total_funding": 0, "region_codes": [318], "region_lga": "Maranoa Regional", "region_sed": "WARREGO", "region_sa4": "Darling Downs - Maranoa", "address": "36 Jackson Street, Roma", "web_link": null, "category": "other"}}, {"type": "Feature", "geometry": {"type": "Point", "coordinates": [152.9801219, -27.2437333]}, "properties": {"project_id": 45341, "name": "Moreton Bay Boys Brigade", "description": "to fund a new storage facility for the 1st Moreton Bay Boys' Brigade", "agency": "Department of Sport, Racing and Olympic and Paralympic Games", "type": "A plan for Queensland\u2019s future", "status": 2, "qld_funding": 50000, "fed_funding": 0, "local_funding": 0, "own_funding": 0, "private_funding": 0, "total_funding": 50000, "region_codes": [313], "region_lga": "Moreton Bay City", "region_sed": "MURRUMBA", "region_sa4": "Moreton Bay - South", "address": "120 ANN ST, KALLANGUR QLD 4503", "web_link": null, "category": "other"}}, {"type": "Feature", "geometry": {"type": "Point", "coordinates": [152.9683811, -27.28677049]}, "properties": {"project_id": 45342, "name": "Moreton Bay City Council", "description": "to upgrade the Les Hughes Sports Complex netball building in partnership with the City of Moreton Bay Council", "agency": "Department of Sport, Racing and Olympic and Paralympic Games", "type": "A plan for Queensland\u2019s future", "status": 2, "qld_funding": 4100000, "fed_funding": 0, "local_funding": 0, "own_funding": 0, "private_funding": 0, "total_funding": 4100000, "region_codes": [313], "region_lga": "Moreton Bay City", "region_sed": "PINE RIVERS", "region_sa4": "Moreton Bay - South", "address": "", "web_link": null, "category": "other"}}, {"type": "Feature", "geometry": {"type": "Point", "coordinates": [152.9766077, -27.27119058]}, "properties": {"project_id": 45343, "name": "Moreton Bay Meals on Wheels - Additional Funding", "description": "of additional funding for Moreton Bay Meals on Wheels to support their invaluable work in the community.", "agency": "Department of Families, Seniors, Disability Services and Child Safety", "type": "A better lifestyle through a stronger economy", "status": 2, "qld_funding": 300000, "fed_funding": 0, "local_funding": 0, "own_funding": 0, "private_funding": 0, "total_funding": 300000, "region_codes": [313], "region_lga": "Moreton Bay City", "region_sed": "KURWONGBAH", "region_sa4": "Moreton Bay - South", "address": "3 MUNDIN ST, PETRIE QLD 4502", "web_link": null, "category": "other"}}, {"type": "Feature", "geometry": {"type": "Point", "coordinates": [152.981747578, -27.270946876]}, "properties": {"project_id": 45344, "name": "Moreton Bay TAFE Centre of Excellence", "description": "for the new Moreton Bay TAFE Centre of Excellence.", "agency": "Department of Trade, Employment and Training", "type": "A plan for Queensland\u2019s future", "status": 2, "qld_funding": 60000000, "fed_funding": 0, "local_funding": 0, "own_funding": 0, "private_funding": 0, "total_funding": 60000000, "region_codes": [313], "region_lga": "Moreton Bay City", "region_sed": "KURWONGBAH", "region_sa4": "Moreton Bay - South", "address": null, "web_link": null, "category": "other"}}, {"type": "Feature", "geometry": {"type": "Point", "coordinates": [152.5904, -28.072]}, "properties": {"project_id": 45346, "name": "Mount Alford rural fire brigade station", "description": " for the rural fire brigade station at Mount Alford.", "agency": "Queensland Fire Department", "type": "Safety where you live", "status": 2, "qld_funding": 1400000, "fed_funding": 0, "local_funding": 0, "own_funding": 0, "private_funding": 0, "total_funding": 1400000, "region_codes": [317], "region_lga": "Scenic Rim Regional", "region_sed": "SCENIC RIM", "region_sa4": "Ipswich", "address": "1024 MOUNT ALFORD RD, MOUNT ALFORD QLD 4310", "web_link": null, "category": "other"}}, {"type": "Feature", "geometry": {"type": "Point", "coordinates": [152.8036288, -27.5379572]}, "properties": {"project_id": 45347, "name": "Mount Crosby Bowls Club", "description": "for infrastructure improvements and capital upgrades", "agency": "Department of Sport, Racing and Olympic and Paralympic Games", "type": "A plan for Queensland\u2019s future", "status": 2, "qld_funding": 100000, "fed_funding": 0, "local_funding": 0, "own_funding": 0, "private_funding": 0, "total_funding": 100000, "region_codes": [305], "region_lga": "Brisbane City", "region_sed": "MOGGILL", "region_sa4": "Ipswich", "address": "770 MOUNT CROSBY RD, MOUNT CROSBY QLD 4306", "web_link": null, "category": "other"}}, {"type": "Feature", "geometry": {"type": "Point", "coordinates": [152.801329, -27.53723]}, "properties": {"project_id": 45348, "name": "Mount Crosby East Substation", "description": "to establish new Mount Crosby East Substation replacing Mount Crosby Substation (33/11 kilovolt)", "agency": "Energy Queensland", "type": "A better lifestyle through a stronger economy", "status": 2, "qld_funding": 0, "fed_funding": 0, "local_funding": 0, "own_funding": 25210000, "private_funding": 0, "total_funding": 25210000, "region_codes": [305], "region_lga": "Brisbane City", "region_sed": "MOGGILL", "region_sa4": "Ipswich", "address": "", "web_link": null, "category": "other"}}, {"type": "Feature", "geometry": {"type": "Point", "coordinates": [153.0837819, -27.542795]}, "properties": {"project_id": 45349, "name": "Mount Gravatt Girl Guides", "description": "to refurbish the outdated kitchen", "agency": "Department of Sport, Racing and Olympic and Paralympic Games", "type": "A plan for Queensland\u2019s future", "status": 2, "qld_funding": 75000, "fed_funding": 0, "local_funding": 0, "own_funding": 0, "private_funding": 0, "total_funding": 75000, "region_codes": [304], "region_lga": "Brisbane City", "region_sed": "MANSFIELD", "region_sa4": "Brisbane - South", "address": "1644 LOGAN RD, MOUNT GRAVATT QLD 4122", "web_link": null, "category": "other"}}, {"type": "Feature", "geometry": {"type": "Point", "coordinates": [153.08270316, -27.54377464]}, "properties": {"project_id": 45350, "name": "Mount Gravatt Men's Shed - improvement project", "description": "for the Mount Gravatt Men's Shed improvement project", "agency": "Department of Families, Seniors, Disability Services and Child Safety", "type": "A better lifestyle through a stronger economy", "status": 2, "qld_funding": 2000000, "fed_funding": 0, "local_funding": 0, "own_funding": 0, "private_funding": 0, "total_funding": 2000000, "region_codes": [304], "region_lga": "Brisbane City", "region_sed": "MANSFIELD", "region_sa4": "Brisbane - South", "address": "1644 LOGAN RD, MOUNT GRAVATT QLD 4122", "web_link": null, "category": "other"}}, {"type": "Feature", "geometry": {"type": "Point", "coordinates": [153.0842597, -27.56130054]}, "properties": {"project_id": 45351, "name": "Mount Gravatt police facility upgrade", "description": "Commencing the upgrade of the Mount Gravatt police facility, an investment of $30 million.", "agency": "Queensland Police Service", "type": "Safety where you live", "status": 2, "qld_funding": 0, "fed_funding": 0, "local_funding": 0, "own_funding": 0, "private_funding": 0, "total_funding": 0, "region_codes": [304], "region_lga": "Brisbane City", "region_sed": "MANSFIELD", "region_sa4": "Brisbane - South", "address": "2132 LOGAN RD, UPPER MOUNT GRAVATT QLD 4122", "web_link": null, "category": "other"}}, {"type": "Feature", "geometry": {"type": "Point", "coordinates": [139.49203695, -20.73092654]}, "properties": {"project_id": 45352, "name": "Mount Isa Diversionary Centre upgrade", "description": "to complete the upgrade of the Mount Isa Diversionary Centre to enable a specific service offering for women", "agency": "Department of Families, Seniors, Disability Services and Child Safety", "type": "A better lifestyle through a stronger economy", "status": 2, "qld_funding": 4000000, "fed_funding": 0, "local_funding": 0, "own_funding": 0, "private_funding": 0, "total_funding": 4000000, "region_codes": [315], "region_lga": "Mount Isa City", "region_sed": "TRAEGER", "region_sa4": "Queensland - Outback", "address": "39 CAMOOWEAL ST, MORNINGTON QLD 4825", "web_link": null, "category": "other"}}, {"type": "Feature", "geometry": {"type": "Point", "coordinates": [139.4909, -20.72844]}, "properties": {"project_id": 45353, "name": "Mount Isa police accommodation", "description": "for new residential accommodation at Mount Isa", "agency": "Queensland Police Service", "type": "Safety where you live", "status": 2, "qld_funding": 6750000, "fed_funding": 0, "local_funding": 0, "own_funding": 0, "private_funding": 0, "total_funding": 6750000, "region_codes": [315], "region_lga": "Mount Isa City", "region_sed": "TRAEGER", "region_sa4": "Queensland - Outback", "address": "", "web_link": null, "category": "other"}}, {"type": "Feature", "geometry": {"type": "Point", "coordinates": [152.804955, -27.129796]}, "properties": {"project_id": 45356, "name": "Mount Mee Road Upgrades", "description": "Fast-tracking detailed design for Mount Mee Rd upgrades through Ocean View.", "agency": "Department of Transport and Main Roads", "type": "A plan for Queensland\u2019s future", "status": 2, "qld_funding": 0, "fed_funding": 0, "local_funding": 0, "own_funding": 0, "private_funding": 0, "total_funding": 0, "region_codes": [313], "region_lga": "Moreton Bay City", "region_sed": "GLASS HOUSE", "region_sa4": "Moreton Bay - South", "address": "", "web_link": null, "category": "other"}}, {"type": "Feature", "geometry": {"type": "Point", "coordinates": [151.76129, -25.2702]}, "properties": {"project_id": 45360, "name": "Mount Rawdon Pumped Hydro", "description": "to progress the Mount Rawdon Pumped\nHydro, delivering the government's commitment to progressing\nsmaller, more manageable pumped hydro projects.", "agency": "CleanCo", "type": "A better lifestyle through a stronger economy", "status": 2, "qld_funding": 0, "fed_funding": 0, "local_funding": 0, "own_funding": 50000000, "private_funding": 0, "total_funding": 50000000, "region_codes": [322], "region_lga": "North Burnett Regional", "region_sed": "CALLIDE", "region_sa4": "Wide Bay", "address": null, "web_link": null, "category": "other"}}, {"type": "Feature", "geometry": {"type": "Point", "coordinates": [153.103365, -26.690943]}, "properties": {"project_id": 45361, "name": "Mountain Creek State School", "description": "to deliver new shade structures", "agency": "Department of Education", "type": "A plan for Queensland\u2019s future", "status": 2, "qld_funding": 128560, "fed_funding": 0, "local_funding": 0, "own_funding": 0, "private_funding": 0, "total_funding": 128560, "region_codes": [320], "region_lga": "Sunshine Coast Regional", "region_sed": "BUDERIM", "region_sa4": "Sunshine Coast", "address": "51 Lady Musgrave Drive, Mountain Creek", "web_link": null, "category": "other"}}, {"type": "Feature", "geometry": {"type": "Point", "coordinates": [149.9764897, -24.5757447]}, "properties": {"project_id": 45362, "name": "Moura Multipurpose Healthcare Service", "description": "to deliver an additional seven residential aged care beds, increasing current capacity to a total of eight beds, as part of the Hospital Rescue Plan.", "agency": "Queensland Health", "type": "Health services when you need them", "status": 2, "qld_funding": 33900000, "fed_funding": 0, "local_funding": 0, "own_funding": 0, "private_funding": 0, "total_funding": 33900000, "region_codes": [306], "region_lga": "Banana Shire", "region_sed": "CALLIDE", "region_sa4": "Central Queensland", "address": "14 Nott Street, Moura, 4718", "web_link": null, "category": "other"}}, {"type": "Feature", "geometry": {"type": "Point", "coordinates": [153.3570824, -28.0183346]}, "properties": {"project_id": 45363, "name": "Mudgeeraba Nerang And Districts Cricket Club", "description": "for renovations including female change rooms", "agency": "Department of Sport, Racing and Olympic and Paralympic Games", "type": "A plan for Queensland\u2019s future", "status": 2, "qld_funding": 500000, "fed_funding": 0, "local_funding": 0, "own_funding": 0, "private_funding": 0, "total_funding": 500000, "region_codes": [309], "region_lga": "Gold Coast City", "region_sed": "GAVEN", "region_sa4": "Gold Coast", "address": "Lot 2 NIELSENS RD, CARRARA QLD 4211", "web_link": null, "category": "other"}}, {"type": "Feature", "geometry": {"type": "Point", "coordinates": [152.5639427, -26.9477385]}, "properties": {"project_id": 45364, "name": "Multipurpose recreational facility upgrade in Kilcoy ", "description": "to upgrade the indoor sport centre at Kilcoy to enhance recreational opportunities in Somerset Region", "agency": "Department of Local Government, Water and Volunteers", "type": "A better lifestyle through a stronger economy", "status": 2, "qld_funding": 2857760, "fed_funding": 0, "local_funding": 0, "own_funding": 0, "private_funding": 0, "total_funding": 2857760, "region_codes": [310], "region_lga": "Somerset Regional", "region_sed": "NANANGO", "region_sa4": "Moreton Bay - North", "address": "35 Hope Street", "web_link": null, "category": "other"}}, {"type": "Feature", "geometry": {"type": "Point", "coordinates": [146.789636, -19.294541]}, "properties": {"project_id": 45365, "name": "Mundingburra State School", "description": "Installing a new security fence at Mundingburra State School to keep local kids safe.", "agency": "Department of Education", "type": "A plan for Queensland\u2019s future", "status": 2, "qld_funding": 0, "fed_funding": 0, "local_funding": 0, "own_funding": 0, "private_funding": 0, "total_funding": 0, "region_codes": [314], "region_lga": "Townsville City", "region_sed": "MUNDINGBURRA", "region_sa4": "Townsville", "address": "77 Ross River Road, Mundingburra", "web_link": null, "category": "other"}}, {"type": "Feature", "geometry": {"type": "Point", "coordinates": [144.543664, -22.594954]}, "properties": {"project_id": 45366, "name": "Muttaburra State School", "description": "for school playground upgrades.", "agency": "Department of Education", "type": "A plan for Queensland\u2019s future", "status": 2, "qld_funding": 558000, "fed_funding": 0, "local_funding": 0, "own_funding": 0, "private_funding": 0, "total_funding": 558000, "region_codes": [321], "region_lga": "Barcaldine Regional", "region_sed": "GREGORY", "region_sa4": "Queensland - Outback", "address": "42 Sword Street, Muttaburra", "web_link": null, "category": "other"}}, {"type": "Feature", "geometry": {"type": "Point", "coordinates": [152.968596, -26.657136]}, "properties": {"project_id": 45368, "name": "Nambour Connection Road and Diddillibah Road Intersection", "description": "Delivering important safety upgrades at Nambour Connection Road and Diddillibah Road intersection.", "agency": "Department of Transport and Main Roads", "type": "A plan for Queensland\u2019s future", "status": 2, "qld_funding": 0, "fed_funding": 0, "local_funding": 0, "own_funding": 0, "private_funding": 0, "total_funding": 0, "region_codes": [320], "region_lga": "Sunshine Coast Regional", "region_sed": "NICKLIN", "region_sa4": "Sunshine Coast", "address": "", "web_link": null, "category": "other"}}, {"type": "Feature", "geometry": {"type": "Point", "coordinates": [152.96011432, -26.62734535]}, "properties": {"project_id": 45369, "name": "Nambour Everyday Foundation Community Supermarket", "description": "to Everyday Foundation for renovations of the Nambour premises to expand their current services.", "agency": "Department of Families, Seniors, Disability Services and Child Safety", "type": "A better lifestyle through a stronger economy", "status": 2, "qld_funding": 1000000, "fed_funding": 0, "local_funding": 0, "own_funding": 0, "private_funding": 0, "total_funding": 1000000, "region_codes": [320], "region_lga": "Sunshine Coast Regional", "region_sed": "NICKLIN", "region_sa4": "Sunshine Coast", "address": "24-32 HOWARD ST, NAMBOUR QLD 4560", "web_link": null, "category": "other"}}, {"type": "Feature", "geometry": {"type": "Point", "coordinates": [141.8910015, -12.6809896]}, "properties": {"project_id": 45370, "name": "Napranum Council depot upgrades and refurbishment", "description": "to upgrade and refurbish the Napranum Council depot with storage, bus parking slab, and minor maintenance works", "agency": "Department of Local Government, Water and Volunteers", "type": "A better lifestyle through a stronger economy", "status": 2, "qld_funding": 310000, "fed_funding": 0, "local_funding": 0, "own_funding": 0, "private_funding": 0, "total_funding": 310000, "region_codes": [308], "region_lga": "Napranum Aboriginal Shire", "region_sed": "COOK", "region_sa4": "Queensland - Outback", "address": "128 Moi Gnum Street", "web_link": null, "category": "other"}}, {"type": "Feature", "geometry": {"type": "Point", "coordinates": [152.959344, -27.201872]}, "properties": {"project_id": 45371, "name": "Narangba Station Upgrades", "description": "Accelerating parking upgrades at Narangba Station.", "agency": "Department of Transport and Main Roads", "type": "A plan for Queensland\u2019s future", "status": 2, "qld_funding": 0, "fed_funding": 0, "local_funding": 0, "own_funding": 0, "private_funding": 0, "total_funding": 0, "region_codes": [313], "region_lga": "Moreton Bay City", "region_sed": "KURWONGBAH", "region_sa4": "Moreton Bay - North", "address": "", "web_link": null, "category": "other"}}, {"type": "Feature", "geometry": {"type": "Point", "coordinates": [153.18277777777777, -28.1202778]}, "properties": {"project_id": 45375, "name": "NBN Regional Co-Investment Fund ", "description": "to increase and improve fixed wireless telecommunications resilience in communities in the Scenic Rim affected by, or at risk of, natural disasters.\n", "agency": "Department of Customer Services, Open Data and Small and Family Business", "type": "A better lifestyle through a stronger economy", "status": 2, "qld_funding": 529380, "fed_funding": 0, "local_funding": 0, "own_funding": 0, "private_funding": 0, "total_funding": 529380, "region_codes": [317], "region_lga": "Scenic Rim Regional", "region_sed": "SCENIC RIM", "region_sa4": "Gold Coast", "address": null, "web_link": null, "category": "other"}}, {"type": "Feature", "geometry": {"type": "Point", "coordinates": [153.3398563, -28.0058429]}, "properties": {"project_id": 45377, "name": "Nerang BMX Club", "description": "for a new toilet block", "agency": "Department of Sport, Racing and Olympic and Paralympic Games", "type": "A plan for Queensland\u2019s future", "status": 2, "qld_funding": 60000, "fed_funding": 0, "local_funding": 0, "own_funding": 0, "private_funding": 0, "total_funding": 60000, "region_codes": [309], "region_lga": "Gold Coast City", "region_sed": "GAVEN", "region_sa4": "Gold Coast", "address": "30 MORTENSEN RD, NERANG QLD 4211", "web_link": null, "category": "other"}}, {"type": "Feature", "geometry": {"type": "Point", "coordinates": [153.33333036, -27.98881859]}, "properties": {"project_id": 45378, "name": "Nerang Neighbourhood Centre - Youth Worker", "description": "to the Nerang Neighbourhood Centre for an additional youth support worker to provide a variety of supports to at-risk young people and their families.", "agency": "Department of Families, Seniors, Disability Services and Child Safety", "type": "A better lifestyle through a stronger economy", "status": 2, "qld_funding": 400000, "fed_funding": 0, "local_funding": 0, "own_funding": 0, "private_funding": 0, "total_funding": 400000, "region_codes": [309], "region_lga": "Gold Coast City", "region_sed": "GAVEN", "region_sa4": "Gold Coast", "address": "29 MARTIN ST, NERANG QLD 4211", "web_link": null, "category": "other"}}, {"type": "Feature", "geometry": {"type": "Point", "coordinates": [153.336225, -27.963476]}, "properties": {"project_id": 45380, "name": "Nerang-Pacific Pines On-demand Bus Service", "description": "Improving transport and travel options for the region by making the Nerang-Pacific Pines on-demand bus service permanent.?", "agency": "Department of Transport and Main Roads", "type": "A plan for Queensland\u2019s future", "status": 2, "qld_funding": 0, "fed_funding": 0, "local_funding": 0, "own_funding": 0, "private_funding": 0, "total_funding": 0, "region_codes": [309], "region_lga": "Gold Coast City", "region_sed": "GAVEN", "region_sa4": "Gold Coast", "address": "", "web_link": null, "category": "other"}}, {"type": "Feature", "geometry": {"type": "Point", "coordinates": [153.2579, -27.5225]}, "properties": {"project_id": 45381, "name": "Network Battery \u2013 Redlands", "description": "to install a 4 Mega Watt/8 Mega Watt Hours capacity battery to store the excess solar PV generated by Cleveland's 3,000 solar customers.", "agency": "Energy Queensland", "type": "A better lifestyle through a stronger economy", "status": 2, "qld_funding": 0, "fed_funding": 0, "local_funding": 0, "own_funding": 13483165, "private_funding": 0, "total_funding": 13483165, "region_codes": [316], "region_lga": "Redland City", "region_sed": "OODGEROO", "region_sa4": "Brisbane - East", "address": "", "web_link": null, "category": "other"}}, {"type": "Feature", "geometry": {"type": "Point", "coordinates": [153.3643798, -28.0774154]}, "properties": {"project_id": 45387, "name": "New 25m heated outdoor pool at Mudgeeraba Aquatic Centre - Gold Coast", "description": "to construct a new accessible, energy-efficient 25m heated outdoor pool at Mudgeeraba Aquatic Centre on the Gold Coast", "agency": "Department of Local Government, Water and Volunteers", "type": "A better lifestyle through a stronger economy", "status": 2, "qld_funding": 3000000, "fed_funding": 0, "local_funding": 0, "own_funding": 0, "private_funding": 0, "total_funding": 3000000, "region_codes": [309], "region_lga": "Gold Coast City", "region_sed": "MUDGEERABA", "region_sa4": "Gold Coast", "address": "49 Railway Street", "web_link": null, "category": "other"}}, {"type": "Feature", "geometry": {"type": "Point", "coordinates": [153.0621, -26.3981]}, "properties": {"project_id": 45388, "name": "New amenities at Gympie Terrace, Noosa foreshore", "description": "to construct new public toilets at Gympie Terrace, Noosa.", "agency": "Department of Local Government, Water and Volunteers", "type": "A better lifestyle through a stronger economy", "status": 2, "qld_funding": 1000000, "fed_funding": 0, "local_funding": 0, "own_funding": 0, "private_funding": 0, "total_funding": 1000000, "region_codes": [320], "region_lga": "Noosa Shire", "region_sed": "NOOSA", "region_sa4": "Sunshine Coast", "address": "", "web_link": null, "category": "other"}}, {"type": "Feature", "geometry": {"type": "Point", "coordinates": [152.4626866, -24.81586572]}, "properties": {"project_id": 45389, "name": "New Bargara police facility", "description": "Commencing the new Bargara police facility.", "agency": "Queensland Police Service", "type": "Safety where you live", "status": 2, "qld_funding": 0, "fed_funding": 0, "local_funding": 0, "own_funding": 0, "private_funding": 0, "total_funding": 0, "region_codes": [322], "region_lga": "Bundaberg Regional", "region_sed": "BURNETT", "region_sa4": "Wide Bay", "address": "9A BAUER ST, BARGARA QLD 4670", "web_link": null, "category": "other"}}, {"type": "Feature", "geometry": {"type": "Point", "coordinates": [152.3356452, -24.8696298]}, "properties": {"project_id": 45390, "name": "New Bundaberg Hospital", "description": "A new hospital (at least 139 new beds) will be delivered using a staged approach to transfer services to the new site as part of the Hospital Rescue Plan.", "agency": "Queensland Health", "type": "Health services when you need them", "status": 2, "qld_funding": 0, "fed_funding": 0, "local_funding": 0, "own_funding": 0, "private_funding": 0, "total_funding": 0, "region_codes": [322], "region_lga": "Bundaberg Regional", "region_sed": "BUNDABERG", "region_sa4": "Wide Bay", "address": "271-275 Bourbong Street, Bundaberg, 4670", "web_link": null, "category": "other"}}, {"type": "Feature", "geometry": {"type": "Point", "coordinates": [152.6796588, -25.2487444]}, "properties": {"project_id": 45391, "name": "New bus shelter - Morris Road, Toogoom", "description": "to support Fraser Coast Regional Council to construct\na new bus shelter over the existing cemented area on Morris\nRd, Toogoom. ", "agency": "Department of Local Government, Water and Volunteers", "type": "A better lifestyle through a stronger economy", "status": 2, "qld_funding": 40000, "fed_funding": 0, "local_funding": 0, "own_funding": 0, "private_funding": 0, "total_funding": 40000, "region_codes": [322], "region_lga": "Fraser Coast Regional", "region_sed": "MARYBOROUGH", "region_sa4": "Wide Bay", "address": "Adjacent to 130 Kingfisher Parade", "web_link": null, "category": "other"}}, {"type": "Feature", "geometry": {"type": "Point", "coordinates": [153.3153928, -27.8489149]}, "properties": {"project_id": 45393, "name": "New Coomera Hospital", "description": "A new Coomera Hospital with at least 600 new overnight beds will be delivered as part of the Hospital Rescue Plan.", "agency": "Queensland Health", "type": "Health services when you need them", "status": 2, "qld_funding": 0, "fed_funding": 0, "local_funding": 0, "own_funding": 0, "private_funding": 0, "total_funding": 0, "region_codes": [309], "region_lga": "Gold Coast City", "region_sed": "COOMERA", "region_sa4": "Gold Coast", "address": "41 George Alexander Way, Coomera QLD", "web_link": null, "category": "other"}}, {"type": "Feature", "geometry": {"type": "Point", "coordinates": [147.4066007, -19.5641195]}, "properties": {"project_id": 45394, "name": "New CT scanner for Ayr", "description": "A new CT scanner will be delivered in Ayr to provide faster diagnosis and tailored treatment plans for patients.", "agency": "Queensland Health", "type": "Health services when you need them", "status": 2, "qld_funding": 0, "fed_funding": 0, "local_funding": 0, "own_funding": 0, "private_funding": 0, "total_funding": 0, "region_codes": [314], "region_lga": "Burdekin Shire", "region_sed": "BURDEKIN", "region_sa4": "Townsville", "address": "2 Chippendale Street, Ayr, 4807", "web_link": null, "category": "other"}}, {"type": "Feature", "geometry": {"type": "Point", "coordinates": [150.449395, -23.457464]}, "properties": {"project_id": 45397, "name": "New high school in Rockhampton at Gracemere", "description": "to construct a new secondary school (Stage 1) in Gracemere", "agency": "Department of Education", "type": "A plan for Queensland\u2019s future", "status": 2, "qld_funding": 100000000, "fed_funding": 0, "local_funding": 0, "own_funding": 0, "private_funding": 0, "total_funding": 100000000, "region_codes": [306], "region_lga": "Rockhampton Regional", "region_sed": "ROCKHAMPTON", "region_sa4": "Central Queensland", "address": "", "web_link": null, "category": "other"}}, {"type": "Feature", "geometry": {"type": "Point", "coordinates": [152.995187, -27.9686966]}, "properties": {"project_id": 45398, "name": "New indoor multi-sports facility - Beaudesert", "description": "to construct a new indoor multi-sports facility in Beaudesert with two courts, viewing deck, amenities and parking facilities", "agency": "Department of Local Government, Water and Volunteers", "type": "A better lifestyle through a stronger economy", "status": 2, "qld_funding": 4750000, "fed_funding": 0, "local_funding": 0, "own_funding": 0, "private_funding": 0, "total_funding": 4750000, "region_codes": [317], "region_lga": "Scenic Rim Regional", "region_sed": "SCENIC RIM", "region_sa4": "Logan - Beaudesert", "address": "2-14 Enterprise Drive", "web_link": null, "category": "other"}}, {"type": "Feature", "geometry": {"type": "Point", "coordinates": [152.5992647, -27.63988775]}, "properties": {"project_id": 45399, "name": "New lights at Rosewood Showgrounds", "description": "to deliver lights at the Rosewood Showgrounds.", "agency": "Department of Sport, Racing and Olympic and Paralympic Games", "type": "A plan for Queensland\u2019s future", "status": 2, "qld_funding": 800000, "fed_funding": 0, "local_funding": 0, "own_funding": 0, "private_funding": 0, "total_funding": 800000, "region_codes": [310], "region_lga": "Ipswich City", "region_sed": "IPSWICH WEST", "region_sa4": "Ipswich", "address": "1 RAILWAY ST, ROSEWOOD QLD 4340", "web_link": null, "category": "other"}}, {"type": "Feature", "geometry": {"type": "Point", "coordinates": [153.0393, -26.8242]}, "properties": {"project_id": 45400, "name": "New primary school in Caloundra South (West)", "description": "A new primary school to service the growing Caloundra South Priority Development Area, part of an $815 million new schools commitment", "agency": "Department of Education", "type": "A plan for Queensland\u2019s future", "status": 2, "qld_funding": 0, "fed_funding": 0, "local_funding": 0, "own_funding": 0, "private_funding": 0, "total_funding": 0, "region_codes": [320], "region_lga": "Sunshine Coast Regional", "region_sed": "CALOUNDRA", "region_sa4": "Sunshine Coast", "address": "", "web_link": null, "category": "other"}}, {"type": "Feature", "geometry": {"type": "Point", "coordinates": [152.8378, -27.6922]}, "properties": {"project_id": 45401, "name": "New primary school in Ripley Valley", "description": "Delivering a new primary school to service the growing Ripley Valley Priority Development Area, part of a $815 million new schools commitment.", "agency": "Department of Education", "type": "A plan for Queensland\u2019s future", "status": 2, "qld_funding": 0, "fed_funding": 0, "local_funding": 0, "own_funding": 0, "private_funding": 0, "total_funding": 0, "region_codes": [310], "region_lga": "Ipswich City", "region_sed": "BUNDAMBA", "region_sa4": "Ipswich", "address": "", "web_link": null, "category": "other"}}, {"type": "Feature", "geometry": {"type": "Point", "coordinates": [153.0274185, -27.4498674]}, "properties": {"project_id": 45402, "name": "New Queensland Cancer Centre", "description": "A new cancer centre at the Herston Precinct will be delivered as part of the Hospital Rescue Plan.", "agency": "Queensland Health", "type": "Health services when you need them", "status": 2, "qld_funding": 0, "fed_funding": 0, "local_funding": 0, "own_funding": 0, "private_funding": 0, "total_funding": 0, "region_codes": [301], "region_lga": "Brisbane City", "region_sed": "McCONNEL", "region_sa4": "Brisbane Inner City", "address": "Butterfield Street, Herston, 4006", "web_link": null, "category": "other"}}, {"type": "Feature", "geometry": {"type": "Point", "coordinates": [152.7518, -27.6195]}, "properties": {"project_id": 45403, "name": "New special school campus in Ipswich West", "description": "Delivering a new campus at Leichhardt State School to relieve Ipswich West Special School, part of a $815 million new schools commitment.", "agency": "Department of Education", "type": "A plan for Queensland\u2019s future", "status": 2, "qld_funding": 0, "fed_funding": 0, "local_funding": 0, "own_funding": 0, "private_funding": 0, "total_funding": 0, "region_codes": [310], "region_lga": "Ipswich City", "region_sed": "IPSWICH", "region_sa4": "Ipswich", "address": "", "web_link": null, "category": "other"}}, {"type": "Feature", "geometry": {"type": "Point", "coordinates": [152.8939, -27.6153]}, "properties": {"project_id": 45404, "name": "New special school campus in Springfield-Redbank", "description": "Delivering a new campus to relieve Goodna Special School, part of an $815 million new schools commitment.", "agency": "Department of Education", "type": "A plan for Queensland\u2019s future", "status": 2, "qld_funding": 0, "fed_funding": 0, "local_funding": 0, "own_funding": 0, "private_funding": 0, "total_funding": 0, "region_codes": [310], "region_lga": "Ipswich City", "region_sed": "BUNDAMBA", "region_sa4": "Ipswich", "address": "", "web_link": null, "category": "other"}}, {"type": "Feature", "geometry": {"type": "Point", "coordinates": [153.2012, -27.7247]}, "properties": {"project_id": 45405, "name": "New special school in Beenleigh", "description": "Delivering a new special school in Beenleigh to relieve local special schools, as part of an $815 million new schools commitment.", "agency": "Department of Education", "type": "A plan for Queensland\u2019s future", "status": 2, "qld_funding": 0, "fed_funding": 0, "local_funding": 0, "own_funding": 0, "private_funding": 0, "total_funding": 0, "region_codes": [311], "region_lga": "Logan City", "region_sed": "MACALISTER", "region_sa4": "Logan - Beaudesert", "address": "", "web_link": null, "category": "other"}}, {"type": "Feature", "geometry": {"type": "Point", "coordinates": [153.0978, -27.6521]}, "properties": {"project_id": 45406, "name": "New special school in central Logan", "description": "New special school in central Logan", "agency": "Department of Education", "type": "A plan for Queensland\u2019s future", "status": 2, "qld_funding": 0, "fed_funding": 0, "local_funding": 0, "own_funding": 0, "private_funding": 0, "total_funding": 0, "region_codes": [311], "region_lga": "Logan City", "region_sed": "WOODRIDGE", "region_sa4": "Logan - Beaudesert", "address": "", "web_link": null, "category": "other"}}, {"type": "Feature", "geometry": {"type": "Point", "coordinates": [153.342, -27.8486]}, "properties": {"project_id": 45407, "name": "New special school in Coomera", "description": "Delivering a new special school to relieve local special schools, as part of an $815 million new schools commitment.", "agency": "Department of Education", "type": "A plan for Queensland\u2019s future", "status": 2, "qld_funding": 0, "fed_funding": 0, "local_funding": 0, "own_funding": 0, "private_funding": 0, "total_funding": 0, "region_codes": [309], "region_lga": "Gold Coast City", "region_sed": "COOMERA", "region_sa4": "Gold Coast", "address": "", "web_link": null, "category": "other"}}, {"type": "Feature", "geometry": {"type": "Point", "coordinates": [152.9839, -27.2829]}, "properties": {"project_id": 45408, "name": "New special school in Moreton Bay South", "description": "Delivering a new special school to relieve local special schools, as part of an $815 million new schools commitment.", "agency": "Department of Education", "type": "A plan for Queensland\u2019s future", "status": 2, "qld_funding": 0, "fed_funding": 0, "local_funding": 0, "own_funding": 0, "private_funding": 0, "total_funding": 0, "region_codes": [313], "region_lga": "Moreton Bay City", "region_sed": "PINE RIVERS", "region_sa4": "Moreton Bay - South", "address": "", "web_link": null, "category": "other"}}, {"type": "Feature", "geometry": {"type": "Point", "coordinates": [151.9343488, -27.525485]}, "properties": {"project_id": 45409, "name": "New Toowoomba Hospital", "description": "A new hospital (at least 118 new beds) will be delivered using a staged approach to transfer services to the new site as part of the Hospital Rescue Plan.", "agency": "Queensland Health", "type": "Health services when you need them", "status": 2, "qld_funding": 0, "fed_funding": 0, "local_funding": 0, "own_funding": 0, "private_funding": 0, "total_funding": 0, "region_codes": [307], "region_lga": "Toowoomba Regional", "region_sed": "TOOWOOMBA NORTH", "region_sa4": "Toowoomba", "address": "Hogg Street and, Tor Street, Toowoomba City, 4350", "web_link": null, "category": "other"}}, {"type": "Feature", "geometry": {"type": "Point", "coordinates": [153.119686, -26.796403]}, "properties": {"project_id": 45410, "name": "Nicklin Way to Third Avenue", "description": "Completing the Nicklin Way to Third Avenue connection to take traffic off the Nicklin Way-Caloundra Road roundabout, providing alternative access into Caloundra CBD", "agency": "Department of Transport and Main Roads", "type": "A plan for Queensland\u2019s future", "status": 2, "qld_funding": 0, "fed_funding": 0, "local_funding": 0, "own_funding": 0, "private_funding": 0, "total_funding": 0, "region_codes": [320], "region_lga": "Sunshine Coast Regional", "region_sed": "KAWANA", "region_sa4": "Sunshine Coast", "address": "", "web_link": null, "category": "other"}}, {"type": "Feature", "geometry": {"type": "Point", "coordinates": [153.09168, -26.41199449]}, "properties": {"project_id": 45412, "name": "Noosa Branch Little Athletics Centre", "description": "for Noosa Little Athletics", "agency": "Department of Sport, Racing and Olympic and Paralympic Games", "type": "A plan for Queensland\u2019s future", "status": 2, "qld_funding": 15000, "fed_funding": 0, "local_funding": 0, "own_funding": 0, "private_funding": 0, "total_funding": 15000, "region_codes": [320], "region_lga": "Noosa Shire", "region_sed": "NOOSA", "region_sa4": "Sunshine Coast", "address": "", "web_link": null, "category": "other"}}, {"type": "Feature", "geometry": {"type": "Point", "coordinates": [153.094975, -26.384656]}, "properties": {"project_id": 45413, "name": "Noosa Coastal Walk Upgrades", "description": "Delivering $1 million for Noosa coastal walk upgrades.", "agency": "Department of Local Government, Water and Volunteers", "type": "A better lifestyle through a stronger economy", "status": 2, "qld_funding": 0, "fed_funding": 0, "local_funding": 0, "own_funding": 0, "private_funding": 0, "total_funding": 0, "region_codes": [320], "region_lga": "Noosa Shire", "region_sed": "NOOSA", "region_sa4": "Sunshine Coast", "address": "", "web_link": null, "category": "other"}}, {"type": "Feature", "geometry": {"type": "Point", "coordinates": [153.02513796, -26.38948295]}, "properties": {"project_id": 45414, "name": "Noosa District Rugby League Football Club", "description": "for solar panels at Noosa Pirates Rugby League Club", "agency": "Department of Sport, Racing and Olympic and Paralympic Games", "type": "A plan for Queensland\u2019s future", "status": 2, "qld_funding": 25000, "fed_funding": 0, "local_funding": 0, "own_funding": 0, "private_funding": 0, "total_funding": 25000, "region_codes": [320], "region_lga": "Noosa Shire", "region_sed": "NOOSA", "region_sa4": "Sunshine Coast", "address": "31 BUTLER ST, TEWANTIN QLD 4565", "web_link": null, "category": "other"}}, {"type": "Feature", "geometry": {"type": "Point", "coordinates": [153.06231, -26.396669]}, "properties": {"project_id": 45415, "name": "Noosa River Infrastructure Upgrades", "description": "Delivering new boat infrastructure at the Noosa River to offer additional capacity for river users and reduce pressure on local carparking.", "agency": "Department of Transport and Main Roads", "type": "A plan for Queensland\u2019s future", "status": 2, "qld_funding": 0, "fed_funding": 0, "local_funding": 0, "own_funding": 0, "private_funding": 0, "total_funding": 0, "region_codes": [320], "region_lga": "Noosa Shire", "region_sed": "NOOSA", "region_sa4": "Sunshine Coast", "address": "", "web_link": null, "category": "other"}}, {"type": "Feature", "geometry": {"type": "Point", "coordinates": [153.02513796, -26.38948295]}, "properties": {"project_id": 45416, "name": "Noosa Touch Association", "description": "for the Noosa Touch Club House security system", "agency": "Department of Sport, Racing and Olympic and Paralympic Games", "type": "A plan for Queensland\u2019s future", "status": 2, "qld_funding": 10000, "fed_funding": 0, "local_funding": 0, "own_funding": 0, "private_funding": 0, "total_funding": 10000, "region_codes": [320], "region_lga": "Noosa Shire", "region_sed": "NOOSA", "region_sa4": "Sunshine Coast", "address": "31 BUTLER ST, TEWANTIN QLD 4565", "web_link": null, "category": "other"}}, {"type": "Feature", "geometry": {"type": "Point", "coordinates": [153.246593, -27.762883]}, "properties": {"project_id": 45417, "name": "Norfolk Village Sound Barriers", "description": "Improving community lifestyle with M1 sound barriers at Norfolk Village.", "agency": "Department of Transport and Main Roads", "type": "A plan for Queensland\u2019s future", "status": 2, "qld_funding": 0, "fed_funding": 0, "local_funding": 0, "own_funding": 0, "private_funding": 0, "total_funding": 0, "region_codes": [309], "region_lga": "Gold Coast City", "region_sed": "COOMERA", "region_sa4": "Gold Coast", "address": "", "web_link": null, "category": "other"}}, {"type": "Feature", "geometry": {"type": "Point", "coordinates": [153.244777, -27.772999]}, "properties": {"project_id": 45418, "name": "Norfolk Village State School", "description": "to deliver stage 2 of an open space nature playground", "agency": "Department of Education", "type": "A plan for Queensland\u2019s future", "status": 2, "qld_funding": 450000, "fed_funding": 0, "local_funding": 0, "own_funding": 0, "private_funding": 0, "total_funding": 450000, "region_codes": [309], "region_lga": "Gold Coast City", "region_sed": "COOMERA", "region_sa4": "Gold Coast", "address": "83 Halfway Drive, Ormeau", "web_link": null, "category": "other"}}, {"type": "Feature", "geometry": {"type": "Point", "coordinates": [152.966273, -26.523699]}, "properties": {"project_id": 45419, "name": "North Arm State School", "description": "Upgrading the parking and drop off zones at North Arm State School.", "agency": "Department of Education", "type": "A plan for Queensland\u2019s future", "status": 2, "qld_funding": 0, "fed_funding": 0, "local_funding": 0, "own_funding": 0, "private_funding": 0, "total_funding": 0, "region_codes": [320], "region_lga": "Sunshine Coast Regional", "region_sed": "NINDERRY", "region_sa4": "Sunshine Coast", "address": "", "web_link": null, "category": "other"}}, {"type": "Feature", "geometry": {"type": "Point", "coordinates": [153.0454797, -27.4056309]}, "properties": {"project_id": 45420, "name": "North Brisbane Rugby Union Club", "description": "to deliver a five bay storage shed", "agency": "Department of Sport, Racing and Olympic and Paralympic Games", "type": "A plan for Queensland\u2019s future", "status": 2, "qld_funding": 200000, "fed_funding": 0, "local_funding": 0, "own_funding": 0, "private_funding": 0, "total_funding": 200000, "region_codes": [303], "region_lga": "Brisbane City", "region_sed": "NUDGEE", "region_sa4": "Brisbane - North", "address": "150 SHAW RD, WAVELL HEIGHTS QLD 4012", "web_link": null, "category": "other"}}, {"type": "Feature", "geometry": {"type": "Point", "coordinates": [153.0313002, -27.26824833]}, "properties": {"project_id": 45421, "name": "North Lakes District Rugby League Football Club", "description": "to deliver for security cameras at North Lakes Kangaroos", "agency": "Department of Sport, Racing and Olympic and Paralympic Games", "type": "A plan for Queensland\u2019s future", "status": 2, "qld_funding": 10000, "fed_funding": 0, "local_funding": 0, "own_funding": 0, "private_funding": 0, "total_funding": 10000, "region_codes": [313], "region_lga": "Moreton Bay City", "region_sed": "MURRUMBA", "region_sa4": "Moreton Bay - South", "address": "", "web_link": null, "category": "other"}}, {"type": "Feature", "geometry": {"type": "Point", "coordinates": [149.17092863, -21.10397916]}, "properties": {"project_id": 45422, "name": "North Mackay Australian Rules Football Club", "description": "to replace old and inefficient lighting at Zeolla Park in Andergrove, as part of the $250 million Games On! Grassroots Infrastructure Program.", "agency": "Department of Sport, Racing and Olympic and Paralympic Games", "type": "A plan for Queensland\u2019s future", "status": 2, "qld_funding": 450000, "fed_funding": 0, "local_funding": 0, "own_funding": 0, "private_funding": 0, "total_funding": 450000, "region_codes": [312], "region_lga": "Mackay Regional", "region_sed": "MACKAY", "region_sa4": "Mackay - Isaac - Whitsunday", "address": "12 CUTLER DR, ANDERGROVE QLD 4740", "web_link": null, "category": "other"}}, {"type": "Feature", "geometry": {"type": "Point", "coordinates": [153.04053606677064, -27.361633657776526]}, "properties": {"project_id": 45423, "name": "North Star Football Association", "description": "for facilities upgrades to fix and bird proof lighting and make alterations to changerooms", "agency": "Department of Sport, Racing and Olympic and Paralympic Games", "type": "A plan for Queensland\u2019s future", "status": 2, "qld_funding": 100000, "fed_funding": 0, "local_funding": 0, "own_funding": 0, "private_funding": 0, "total_funding": 100000, "region_codes": [303], "region_lga": "Brisbane City", "region_sed": "NUDGEE", "region_sa4": "Brisbane - North", "address": "20 JENNINGS ST, ZILLMERE QLD 4034", "web_link": null, "category": "other"}}, {"type": "Feature", "geometry": {"type": "Point", "coordinates": [146.751393, -19.267494]}, "properties": {"project_id": 45424, "name": "North Townsville Road", "description": "Improving intersections on North Townsville Road (Woolcock Street), Mount Low to Deeragun.", "agency": "Department of Transport and Main Roads", "type": "A plan for Queensland\u2019s future", "status": 2, "qld_funding": 0, "fed_funding": 0, "local_funding": 0, "own_funding": 0, "private_funding": 0, "total_funding": 0, "region_codes": [314], "region_lga": "Townsville City", "region_sed": "TOWNSVILLE", "region_sa4": "Townsville", "address": "", "web_link": null, "category": "other"}}, {"type": "Feature", "geometry": {"type": "Point", "coordinates": [152.76612693, -27.60550037]}, "properties": {"project_id": 45426, "name": "Northern Suburbs Junior Minor Rugby League Club Ipswich", "description": "for club upgrades at Norths Tigers Juniors Rugby League and Norths Tigers Ipswich Senior RLFC", "agency": "Department of Sport, Racing and Olympic and Paralympic Games", "type": "A plan for Queensland\u2019s future", "status": 2, "qld_funding": 150000, "fed_funding": 0, "local_funding": 0, "own_funding": 0, "private_funding": 0, "total_funding": 150000, "region_codes": [310], "region_lga": "Ipswich City", "region_sed": "IPSWICH WEST", "region_sa4": "Ipswich", "address": "29 PELICAN ST, NORTH IPSWICH QLD 4305", "web_link": null, "category": "other"}}, {"type": "Feature", "geometry": {"type": "Point", "coordinates": [152.985892, -27.436517]}, "properties": {"project_id": 45428, "name": "Oakleigh State School", "description": "to deliver a prep outdoor learning area", "agency": "Department of Education", "type": "A plan for Queensland\u2019s future", "status": 2, "qld_funding": 325000, "fed_funding": 0, "local_funding": 0, "own_funding": 0, "private_funding": 0, "total_funding": 325000, "region_codes": [305], "region_lga": "Brisbane City", "region_sed": "FERNY GROVE", "region_sa4": "Brisbane Inner City", "address": "", "web_link": null, "category": "other"}}, {"type": "Feature", "geometry": {"type": "Point", "coordinates": [153.106354, -27.500544]}, "properties": {"project_id": 45430, "name": "Old Cleveland Road Fauna Crossing", "description": "Delivering a fauna crossing at Bulimba Creek on Old Cleveland Road to protect wildlife", "agency": "Department of Local Government, Water and Volunteers", "type": "A better lifestyle through a stronger economy", "status": 2, "qld_funding": 0, "fed_funding": 0, "local_funding": 0, "own_funding": 0, "private_funding": 0, "total_funding": 0, "region_codes": [302], "region_lga": "Brisbane City", "region_sed": "CHATSWORTH", "region_sa4": "Brisbane - South", "address": null, "web_link": null, "category": "other"}}, {"type": "Feature", "geometry": {"type": "Point", "coordinates": [152.675322, -26.19931]}, "properties": {"project_id": 45432, "name": "One Mile State School", "description": "to upgrade amenities", "agency": "Department of Education", "type": "A plan for Queensland\u2019s future", "status": 2, "qld_funding": 2000000, "fed_funding": 0, "local_funding": 0, "own_funding": 0, "private_funding": 0, "total_funding": 2000000, "region_codes": [322], "region_lga": "Gympie Regional", "region_sed": "GYMPIE", "region_sa4": "Wide Bay", "address": "", "web_link": null, "category": "other"}}, {"type": "Feature", "geometry": {"type": "Point", "coordinates": [153.24654271, -27.76527495]}, "properties": {"project_id": 45436, "name": "Ormeau Football Club", "description": "for a brand-new kitchen and grandstand seating", "agency": "Department of Sport, Racing and Olympic and Paralympic Games", "type": "A plan for Queensland\u2019s future", "status": 2, "qld_funding": 68000, "fed_funding": 0, "local_funding": 0, "own_funding": 0, "private_funding": 0, "total_funding": 68000, "region_codes": [309], "region_lga": "Gold Coast City", "region_sed": "COOMERA", "region_sa4": "Gold Coast", "address": "6 HALFWAY DR, ORMEAU QLD 4208", "web_link": null, "category": "other"}}, {"type": "Feature", "geometry": {"type": "Point", "coordinates": [153.276681, -27.799965]}, "properties": {"project_id": 45437, "name": "Ormeau State School", "description": "to build a shade structure for the multipurpose court", "agency": "Department of Education", "type": "A plan for Queensland\u2019s future", "status": 2, "qld_funding": 450000, "fed_funding": 0, "local_funding": 0, "own_funding": 0, "private_funding": 0, "total_funding": 450000, "region_codes": [309], "region_lga": "Gold Coast City", "region_sed": "COOMERA", "region_sa4": "Gold Coast", "address": "29 Mirambeena Drive, Pimpama", "web_link": null, "category": "other"}}, {"type": "Feature", "geometry": {"type": "Point", "coordinates": [153.26412, -27.77032]}, "properties": {"project_id": 45438, "name": "Ormeau Woods State High School", "description": "to deliver additional shade, seating and landscaping, as part of the $70.68 million School and Education Boost funding", "agency": "Department of Education", "type": "A plan for Queensland\u2019s future", "status": 2, "qld_funding": 0, "fed_funding": 0, "local_funding": 0, "own_funding": 0, "private_funding": 0, "total_funding": 0, "region_codes": [309], "region_lga": "Gold Coast City", "region_sed": "COOMERA", "region_sa4": "Gold Coast", "address": "148 Goldmine Road, Ormeau", "web_link": null, "category": "other"}}, {"type": "Feature", "geometry": {"type": "Point", "coordinates": [153.258508, -27.516473]}, "properties": {"project_id": 45439, "name": "Ormiston State School", "description": "to deliver facility and musical instrument upgrades.", "agency": "Department of Education", "type": "A plan for Queensland\u2019s future", "status": 2, "qld_funding": 73000, "fed_funding": 0, "local_funding": 0, "own_funding": 0, "private_funding": 0, "total_funding": 73000, "region_codes": [316], "region_lga": "Redland City", "region_sed": "OODGEROO", "region_sa4": "Brisbane - East", "address": "82-110 Gordon Street, Ormiston", "web_link": null, "category": "other"}}, {"type": "Feature", "geometry": {"type": "Point", "coordinates": [153.31282266, -27.89366997]}, "properties": {"project_id": 45442, "name": "Oxenford Men's Shed", "description": "towards a new Oxenford Men's Shed.", "agency": "Department of Families, Seniors, Disability Services and Child Safety", "type": "A better lifestyle through a stronger economy", "status": 2, "qld_funding": 1000000, "fed_funding": 0, "local_funding": 0, "own_funding": 0, "private_funding": 0, "total_funding": 1000000, "region_codes": [309], "region_lga": "Gold Coast City", "region_sed": "THEODORE", "region_sa4": "Gold Coast", "address": "18 OBERON WAY, OXENFORD QLD 4210", "web_link": null, "category": "other"}}, {"type": "Feature", "geometry": {"type": "Point", "coordinates": [152.914116200733, -27.5962512325294]}, "properties": {"project_id": 45443, "name": "Oxley Relocation Business Case Project", "description": "to upgrade and relocate functions of the Oxley Police Academy", "agency": "Queensland Police Service", "type": "Safety where you live", "status": 2, "qld_funding": 50000000, "fed_funding": 0, "local_funding": 0, "own_funding": 0, "private_funding": 0, "total_funding": 50000000, "region_codes": [304], "region_lga": "Brisbane City", "region_sed": "INALA", "region_sa4": "Ipswich", "address": null, "web_link": null, "category": "other"}}, {"type": "Feature", "geometry": {"type": "Point", "coordinates": [152.982152, -27.536832]}, "properties": {"project_id": 45444, "name": "Oxley Road Rail Bridge Collision Bars", "description": "Installing collision bars on the Oxley Road rail bridge to protect the bridge from further damage", "agency": "Department of Transport and Main Roads", "type": "A plan for Queensland\u2019s future", "status": 2, "qld_funding": 0, "fed_funding": 0, "local_funding": 0, "own_funding": 0, "private_funding": 0, "total_funding": 0, "region_codes": [305], "region_lga": "Brisbane City", "region_sed": "MILLER", "region_sa4": "Brisbane - West", "address": null, "web_link": null, "category": "other"}}, {"type": "Feature", "geometry": {"type": "Point", "coordinates": [153.10533, -26.756543]}, "properties": {"project_id": 45446, "name": "Pacific Lutheran College", "description": "to install new AV equipment or air-conditioning in school hall, as part of shared funding across Kawana state electorate", "agency": "Department of Education", "type": "A plan for Queensland\u2019s future", "status": 2, "qld_funding": 166000, "fed_funding": 0, "local_funding": 0, "own_funding": 0, "private_funding": 0, "total_funding": 166000, "region_codes": [320], "region_lga": "Sunshine Coast Regional", "region_sed": "KAWANA", "region_sa4": "Sunshine Coast", "address": "", "web_link": null, "category": "other"}}, {"type": "Feature", "geometry": {"type": "Point", "coordinates": [153.30234788, -27.93356691]}, "properties": {"project_id": 45447, "name": "Pacific Pines Australian Football Club", "description": "toward facility upgrades", "agency": "Department of Sport, Racing and Olympic and Paralympic Games", "type": "A plan for Queensland\u2019s future", "status": 2, "qld_funding": 1000000, "fed_funding": 0, "local_funding": 0, "own_funding": 0, "private_funding": 0, "total_funding": 1000000, "region_codes": [309], "region_lga": "Gold Coast City", "region_sed": "THEODORE", "region_sa4": "Gold Coast", "address": "104A MCAULEY PDE, PACIFIC PINES QLD 4211", "web_link": null, "category": "other"}}, {"type": "Feature", "geometry": {"type": "Point", "coordinates": [153.46687569, -28.11020973]}, "properties": {"project_id": 45448, "name": "Pacific Surf Life Saving Club", "description": "to assist with operations", "agency": "Department of Sport, Racing and Olympic and Paralympic Games", "type": "A plan for Queensland\u2019s future", "status": 2, "qld_funding": 10000, "fed_funding": 0, "local_funding": 0, "own_funding": 0, "private_funding": 0, "total_funding": 10000, "region_codes": [309], "region_lga": "Gold Coast City", "region_sed": "BURLEIGH", "region_sa4": "Gold Coast", "address": "1291 GOLD COAST HWY, PALM BEACH QLD 4221", "web_link": null, "category": "other"}}, {"type": "Feature", "geometry": {"type": "Point", "coordinates": [153.4721492, -28.1185506]}, "properties": {"project_id": 45449, "name": "Palm Beach (Qld) Surf Life Saving Club", "description": "towards five key projects, including revamping its dormitories, gym, kitchen and change rooms, as well as improving disability access to the clubhouse", "agency": "Department of Sport, Racing and Olympic and Paralympic Games", "type": "A plan for Queensland\u2019s future", "status": 2, "qld_funding": 420000, "fed_funding": 0, "local_funding": 0, "own_funding": 0, "private_funding": 0, "total_funding": 420000, "region_codes": [309], "region_lga": "Gold Coast City", "region_sed": "BURLEIGH", "region_sa4": "Gold Coast", "address": "115 JEFFERSON LANE, PALM BEACH QLD 4221", "web_link": null, "category": "other"}}, {"type": "Feature", "geometry": {"type": "Point", "coordinates": [146.5786744, -18.73429696]}, "properties": {"project_id": 45451, "name": "Palm Island multi-agency community safety facility", "description": "$27 million for the new multi-agency community safety facility at Palm Island.", "agency": "Queensland Police Service", "type": "Safety where you live", "status": 2, "qld_funding": 0, "fed_funding": 0, "local_funding": 0, "own_funding": 0, "private_funding": 0, "total_funding": 0, "region_codes": [314], "region_lga": "Palm Island Aboriginal Shire", "region_sed": "TOWNSVILLE", "region_sa4": "Townsville", "address": "73 MAIN ST, PALM ISLAND QLD 4816", "web_link": null, "category": "other"}}, {"type": "Feature", "geometry": {"type": "Point", "coordinates": [146.578658, -18.734495]}, "properties": {"project_id": 45452, "name": "Palm Island Watchhouse", "description": "Addressing maintenance issues and upgrade concerns for Palm Island Watchhouse.", "agency": "Queensland Police Service", "type": "Safety where you live", "status": 2, "qld_funding": 0, "fed_funding": 0, "local_funding": 0, "own_funding": 0, "private_funding": 0, "total_funding": 0, "region_codes": [314], "region_lga": "Palm Island Aboriginal Shire", "region_sed": "TOWNSVILLE", "region_sa4": "Townsville", "address": "", "web_link": null, "category": "other"}}, {"type": "Feature", "geometry": {"type": "Point", "coordinates": [151.91703, -25.34765]}, "properties": {"project_id": 45453, "name": "Paradise Dam improvement project", "description": "Delivering a new Paradise Dam wall to ensure safe and secure water supply, and to support economic growth in the region.", "agency": "Sunwater Limited", "type": "A better lifestyle through a stronger economy", "status": 2, "qld_funding": 0, "fed_funding": 0, "local_funding": 0, "own_funding": 0, "private_funding": 0, "total_funding": 0, "region_codes": [322], "region_lga": "Bundaberg Regional", "region_sed": "CALLIDE", "region_sa4": "Wide Bay", "address": "", "web_link": null, "category": "other"}}, {"type": "Feature", "geometry": {"type": "Point", "coordinates": [153.30285, -27.93682]}, "properties": {"project_id": 45454, "name": "Park Lake State School", "description": "Delivering air conditioning to the hall, as part of the $70.68 million School and Education Boost funding.", "agency": "Department of Education", "type": "A plan for Queensland\u2019s future", "status": 2, "qld_funding": 0, "fed_funding": 0, "local_funding": 0, "own_funding": 0, "private_funding": 0, "total_funding": 0, "region_codes": [309], "region_lga": "Gold Coast City", "region_sed": "THEODORE", "region_sa4": "Gold Coast", "address": "1 Shoalhaven Avenue, Pacific Pines", "web_link": null, "category": "other"}}, {"type": "Feature", "geometry": {"type": "Point", "coordinates": [153.0710026, -27.6806392]}, "properties": {"project_id": 45457, "name": "Pavement rehabilitation on Magnesium Drive, Crestmead ", "description": "to undertake pavement rehabilitation and resurfacing works on Magnesium Drive in Crestmead to improve road condition and longevity", "agency": "Department of Local Government, Water and Volunteers", "type": "A better lifestyle through a stronger economy", "status": 2, "qld_funding": 2250000, "fed_funding": 0, "local_funding": 0, "own_funding": 0, "private_funding": 0, "total_funding": 2250000, "region_codes": [311], "region_lga": "Logan City", "region_sed": "WOODRIDGE", "region_sa4": "Logan - Beaudesert", "address": "Magnesium Drive Crestmead QLD 4132", "web_link": null, "category": "other"}}, {"type": "Feature", "geometry": {"type": "Point", "coordinates": [152.9697893686532, -27.28913972]}, "properties": {"project_id": 45459, "name": "PCYC Pine Rivers", "description": "towards the Pine Rivers PCYC upgrade that will offer youth development programs, sport, recreation and community run activities.", "agency": "Department of Sport, Racing and Olympic and Paralympic Games", "type": "A plan for Queensland\u2019s future", "status": 2, "qld_funding": 2100000, "fed_funding": 0, "local_funding": 0, "own_funding": 0, "private_funding": 0, "total_funding": 2100000, "region_codes": [313], "region_lga": "Moreton Bay City", "region_sed": "PINE RIVERS", "region_sa4": "Moreton Bay - South", "address": "", "web_link": null, "category": "other"}}, {"type": "Feature", "geometry": {"type": "Point", "coordinates": [153.034922, -26.609787]}, "properties": {"project_id": 45460, "name": "Pedestrian Safety Upgrades in Bli Bli", "description": "Delivering pedestrian safety upgrades in Bli Bli.", "agency": "Department of Transport and Main Roads", "type": "A plan for Queensland\u2019s future", "status": 2, "qld_funding": 0, "fed_funding": 0, "local_funding": 0, "own_funding": 0, "private_funding": 0, "total_funding": 0, "region_codes": [320], "region_lga": "Sunshine Coast Regional", "region_sed": "NINDERRY", "region_sa4": "Sunshine Coast", "address": "", "web_link": null, "category": "other"}}, {"type": "Feature", "geometry": {"type": "Point", "coordinates": [153.09474599, -27.22875844]}, "properties": {"project_id": 45461, "name": "Peninsula & Districts Football And Sporting Club", "description": "for LED lighting upgrades to Peninsula Power Football Club in Redcliffe", "agency": "Department of Sport, Racing and Olympic and Paralympic Games", "type": "A plan for Queensland\u2019s future", "status": 2, "qld_funding": 70000, "fed_funding": 0, "local_funding": 0, "own_funding": 0, "private_funding": 0, "total_funding": 70000, "region_codes": [313], "region_lga": "Moreton Bay City", "region_sed": "REDCLIFFE", "region_sa4": "Moreton Bay - North", "address": "86-96 GEORGE ST, KIPPA-RING QLD 4021", "web_link": null, "category": "other"}}, {"type": "Feature", "geometry": {"type": "Point", "coordinates": [153.07212, -26.500388]}, "properties": {"project_id": 45462, "name": "Peregian Springs State School", "description": "to upgrade the tuckshop", "agency": "Department of Education", "type": "A plan for Queensland\u2019s future", "status": 2, "qld_funding": 25000, "fed_funding": 0, "local_funding": 0, "own_funding": 0, "private_funding": 0, "total_funding": 25000, "region_codes": [320], "region_lga": "Sunshine Coast Regional", "region_sed": "NINDERRY", "region_sa4": "Sunshine Coast", "address": "191 The Avenue, Peregian Springs", "web_link": null, "category": "other"}}, {"type": "Feature", "geometry": {"type": "Point", "coordinates": [153.322222, -27.833333]}, "properties": {"project_id": 45463, "name": "Pimpama State Primary College", "description": "to deliver a new senior school playground", "agency": "Department of Education", "type": "A plan for Queensland\u2019s future", "status": 2, "qld_funding": 200000, "fed_funding": 0, "local_funding": 0, "own_funding": 0, "private_funding": 0, "total_funding": 200000, "region_codes": [309], "region_lga": "Gold Coast City", "region_sed": "COOMERA", "region_sa4": "Gold Coast", "address": "Cunningham Drive North, Pimpama", "web_link": null, "category": "other"}}, {"type": "Feature", "geometry": {"type": "Point", "coordinates": [153.27857, -27.8171]}, "properties": {"project_id": 45464, "name": "Pimpama State School", "description": "to deliver a new canteen", "agency": "Department of Education", "type": "A plan for Queensland\u2019s future", "status": 2, "qld_funding": 2000000, "fed_funding": 0, "local_funding": 0, "own_funding": 0, "private_funding": 0, "total_funding": 2000000, "region_codes": [309], "region_lga": "Gold Coast City", "region_sed": "COOMERA", "region_sa4": "Gold Coast", "address": "9 Hotham Creek Road North, Pimpama", "web_link": null, "category": "other"}}, {"type": "Feature", "geometry": {"type": "Point", "coordinates": [153.318457, -27.834462]}, "properties": {"project_id": 45465, "name": "Pimpama State Secondary College", "description": "to deliver a junior school playground and water bubblers", "agency": "Department of Education", "type": "A plan for Queensland\u2019s future", "status": 2, "qld_funding": 500000, "fed_funding": 0, "local_funding": 0, "own_funding": 0, "private_funding": 0, "total_funding": 500000, "region_codes": [309], "region_lga": "Gold Coast City", "region_sed": "COOMERA", "region_sa4": "Gold Coast", "address": "Dixon Drive, Pimpama", "web_link": null, "category": "other"}}, {"type": "Feature", "geometry": {"type": "Point", "coordinates": [153.29145, -27.81443]}, "properties": {"project_id": 45466, "name": "Pimpama Station Redevelopment", "description": "Easing congestion by accelerating planning on east-west connector road upgrades.", "agency": "Queensland Health", "type": "Health services when you need them", "status": 2, "qld_funding": 5500000, "fed_funding": 0, "local_funding": 0, "own_funding": 0, "private_funding": 0, "total_funding": 5500000, "region_codes": [309], "region_lga": "Gold Coast City", "region_sed": "COOMERA", "region_sa4": "Gold Coast", "address": "24 Depot Road, Pimpama, 4209", "web_link": null, "category": "other"}}, {"type": "Feature", "geometry": {"type": "Point", "coordinates": [152.97131516, -27.29869033]}, "properties": {"project_id": 45467, "name": "Pine Rivers Football Club", "description": "to replace the ageing changerooms", "agency": "Department of Sport, Racing and Olympic and Paralympic Games", "type": "A plan for Queensland\u2019s future", "status": 2, "qld_funding": 3800000, "fed_funding": 0, "local_funding": 0, "own_funding": 0, "private_funding": 0, "total_funding": 3800000, "region_codes": [313], "region_lga": "Moreton Bay City", "region_sed": "PINE RIVERS", "region_sa4": "Moreton Bay - South", "address": "188 SAMSONVALE RD, STRATHPINE QLD 4500", "web_link": null, "category": "other"}}, {"type": "Feature", "geometry": {"type": "Point", "coordinates": [152.9895, -27.296398]}, "properties": {"project_id": 45468, "name": "Pine Rivers State High School", "description": "to deliver additional specialist classrooms.", "agency": "Department of Education", "type": "A plan for Queensland\u2019s future", "status": 2, "qld_funding": 9614000, "fed_funding": 0, "local_funding": 0, "own_funding": 0, "private_funding": 0, "total_funding": 9614000, "region_codes": [313], "region_lga": "Moreton Bay City", "region_sed": "PINE RIVERS", "region_sa4": "Moreton Bay - South", "address": "Gympie Road, Strathpine", "web_link": null, "category": "other"}}, {"type": "Feature", "geometry": {"type": "Point", "coordinates": [152.9971143, -27.28880247]}, "properties": {"project_id": 45469, "name": "Pine Rivers Swans Australian Football Club", "description": "for lighting upgrades", "agency": "Department of Sport, Racing and Olympic and Paralympic Games", "type": "A plan for Queensland\u2019s future", "status": 2, "qld_funding": 180000, "fed_funding": 0, "local_funding": 0, "own_funding": 0, "private_funding": 0, "total_funding": 180000, "region_codes": [313], "region_lga": "Moreton Bay City", "region_sed": "PINE RIVERS", "region_sa4": "Moreton Bay - South", "address": "176 BELLS POCKET RD, STRATHPINE QLD 4500", "web_link": null, "category": "other"}}, {"type": "Feature", "geometry": {"type": "Point", "coordinates": [151.87356, -26.20759]}, "properties": {"project_id": 45470, "name": "Planning for Barlil Weir", "description": "Progressing planning work to deliver a new weir to improve water supply reliability along Barambah Creek.\n", "agency": "Sunwater Limited", "type": "A better lifestyle through a stronger economy", "status": 2, "qld_funding": 0, "fed_funding": 0, "local_funding": 0, "own_funding": 0, "private_funding": 0, "total_funding": 0, "region_codes": [307], "region_lga": "South Burnett Regional", "region_sed": "NANANGO", "region_sa4": "Wide Bay", "address": null, "web_link": null, "category": "other"}}, {"type": "Feature", "geometry": {"type": "Point", "coordinates": [146.3277518, -18.6252351]}, "properties": {"project_id": 45474, "name": "Playground shade installation at Taylors Beach ", "description": "to install shade cover over playground\nequipment at Taylors Beach beachfront to improve sun\nsafety and support all-day recreational use. Part of the\npermanent Works for Queensland Program.", "agency": "Department of Local Government, Water and Volunteers", "type": "A better lifestyle through a stronger economy", "status": 2, "qld_funding": 200000, "fed_funding": 0, "local_funding": 0, "own_funding": 0, "private_funding": 0, "total_funding": 200000, "region_codes": [314], "region_lga": "Hinchinbrook Shire", "region_sed": "HINCHINBROOK", "region_sa4": "Townsville", "address": "11 Groper Street", "web_link": null, "category": "other"}}, {"type": "Feature", "geometry": {"type": "Point", "coordinates": [153.542574, -27.436527]}, "properties": {"project_id": 45475, "name": "Point Lookout Surf Life Saving Club", "description": "Providing a long-term lease for Point Lookout Surf Life Saving Club", "agency": "Department of Local Government, Water and Volunteers", "type": "A better lifestyle through a stronger economy", "status": 2, "qld_funding": 0, "fed_funding": 0, "local_funding": 0, "own_funding": 0, "private_funding": 0, "total_funding": 0, "region_codes": [316], "region_lga": "Redland City", "region_sed": "OODGEROO", "region_sa4": "Brisbane - East", "address": null, "web_link": null, "category": "other"}}, {"type": "Feature", "geometry": {"type": "Point", "coordinates": [153.0339603, -27.4991376]}, "properties": {"project_id": 45481, "name": "Princess Alexandra Hospital Car Park", "description": "Additional car parking spaces will be constructed for patients, carers, visitors and staff at the Princess Alexandra Hospital, providing up to 2671 new spaces. ", "agency": "Queensland Health", "type": "Health services when you need them", "status": 2, "qld_funding": 0, "fed_funding": 0, "local_funding": 0, "own_funding": 0, "private_funding": 0, "total_funding": 0, "region_codes": [301], "region_lga": "Brisbane City", "region_sed": "SOUTH BRISBANE", "region_sa4": "Brisbane - South", "address": "199 Ipswich Road, Woolloongabba, 4102", "web_link": null, "category": "other"}}, {"type": "Feature", "geometry": {"type": "Point", "coordinates": [153.0339603, -27.4991376]}, "properties": {"project_id": 45482, "name": "Princess Alexandra Hospital Expansion", "description": "to construct a new acute service building above the existing emergency department with 249 new beds, as part of the Hospital Rescue Plan.", "agency": "Queensland Health", "type": "Health services when you need them", "status": 2, "qld_funding": 761000000, "fed_funding": 0, "local_funding": 0, "own_funding": 0, "private_funding": 0, "total_funding": 761000000, "region_codes": [301], "region_lga": "Brisbane City", "region_sed": "SOUTH BRISBANE", "region_sa4": "Brisbane - South", "address": "199 Ipswich Road, Woolloongabba, 4102", "web_link": null, "category": "other"}}, {"type": "Feature", "geometry": {"type": "Point", "coordinates": [153.0339603, -27.4991376]}, "properties": {"project_id": 45483, "name": "Princess Alexandra Hospital T4 Tunnel Remediation Works", "description": "to review T4 Tunnel condition and undertake remediation works investigation, as part of the newly uplifted Timely Investment Infrastructure Maintenance program.", "agency": "Queensland Health", "type": "Health services when you need them", "status": 2, "qld_funding": 45097182, "fed_funding": 0, "local_funding": 0, "own_funding": 0, "private_funding": 0, "total_funding": 45097182, "region_codes": [301], "region_lga": "Brisbane City", "region_sed": "SOUTH BRISBANE", "region_sa4": "Brisbane - South", "address": "199 Ipswich Road, Woolloongabba, 4102", "web_link": null, "category": "other"}}, {"type": "Feature", "geometry": {"type": "Point", "coordinates": [148.5821201, -20.3997081]}, "properties": {"project_id": 45484, "name": "Proserpine Hospital", "description": "Progression of the planning stage for the Proserpine Hospital as part of the Hospital Rescue Plan.", "agency": "Queensland Health", "type": "Health services when you need them", "status": 2, "qld_funding": 0, "fed_funding": 0, "local_funding": 0, "own_funding": 0, "private_funding": 0, "total_funding": 0, "region_codes": [312], "region_lga": "Whitsunday Regional", "region_sed": "WHITSUNDAY", "region_sa4": "Mackay - Isaac - Whitsunday", "address": "26-32 Taylor Street, Proserpine, 4800", "web_link": null, "category": "other"}}, {"type": "Feature", "geometry": {"type": "Point", "coordinates": [148.5812428, -20.40103556]}, "properties": {"project_id": 45485, "name": "Proserpine replacement police facility", "description": "for the upgrade of the police facility at Proserpine", "agency": "Queensland Police Service", "type": "Safety where you live", "status": 2, "qld_funding": 9828000, "fed_funding": 0, "local_funding": 0, "own_funding": 0, "private_funding": 0, "total_funding": 9828000, "region_codes": [312], "region_lga": "Whitsunday Regional", "region_sed": "WHITSUNDAY", "region_sa4": "Mackay - Isaac - Whitsunday", "address": "", "web_link": null, "category": "other"}}, {"type": "Feature", "geometry": {"type": "Point", "coordinates": [148.5634459, -20.39079261]}, "properties": {"project_id": 45486, "name": "Proserpine Rugby Legue Football Club", "description": "towards clubhouse upgrades for Whitsunday Brahmans RLFC", "agency": "Department of Sport, Racing and Olympic and Paralympic Games", "type": "A plan for Queensland\u2019s future", "status": 2, "qld_funding": 75000, "fed_funding": 0, "local_funding": 0, "own_funding": 0, "private_funding": 0, "total_funding": 75000, "region_codes": [312], "region_lga": "Whitsunday Regional", "region_sed": "WHITSUNDAY", "region_sa4": "Mackay - Isaac - Whitsunday", "address": "18 STERRY ST, PROSERPINE QLD 4800", "web_link": null, "category": "other"}}, {"type": "Feature", "geometry": {"type": "Point", "coordinates": [145.694794, -16.778118]}, "properties": {"project_id": 45488, "name": "Protecting Taylor Point", "description": "Working with the Cairns Regional Council to protect Taylor Point at the Trinity Beach headland and make it a public urban conservation area.", "agency": "Department of Local Government, Water and Volunteers", "type": "A better lifestyle through a stronger economy", "status": 2, "qld_funding": 0, "fed_funding": 0, "local_funding": 0, "own_funding": 0, "private_funding": 0, "total_funding": 0, "region_codes": [308], "region_lga": "Cairns Regional", "region_sed": "BARRON RIVER", "region_sa4": "Cairns", "address": "", "web_link": null, "category": "other"}}, {"type": "Feature", "geometry": {"type": "Point", "coordinates": [153.0489899, -27.5591458]}, "properties": {"project_id": 45493, "name": "Queen Elizabeth II Jubilee Hospital Car Park", "description": "for construction of a multi-storey carpark at the QEII Hospital, providing up to 761 additional spaces, as part of the Hospital Rescue Plan.", "agency": "Queensland Health", "type": "Health services when you need them", "status": 2, "qld_funding": 127440000, "fed_funding": 0, "local_funding": 0, "own_funding": 0, "private_funding": 0, "total_funding": 127440000, "region_codes": [304], "region_lga": "Brisbane City", "region_sed": "TOOHEY", "region_sa4": "Brisbane - South", "address": "Cnr Kessels & Troughton Roads, Coopers Plains, 4108", "web_link": null, "category": "other"}}, {"type": "Feature", "geometry": {"type": "Point", "coordinates": [153.0489899, -27.5591458]}, "properties": {"project_id": 45494, "name": "Queen Elizabeth II Jubilee Hospital Expansion", "description": "for a building with 112 new beds to deliver additional capacity, acute care and support services as part of the Hospital Rescue Plan.", "agency": "Queensland Health", "type": "Health services when you need them", "status": 2, "qld_funding": 621000000, "fed_funding": 0, "local_funding": 0, "own_funding": 0, "private_funding": 0, "total_funding": 621000000, "region_codes": [304], "region_lga": "Brisbane City", "region_sed": "TOOHEY", "region_sa4": "Brisbane - South", "address": "Cnr Kessels & Troughton Roads, Coopers Plains, 4108", "web_link": null, "category": "other"}}, {"type": "Feature", "geometry": {"type": "Point", "coordinates": [153.003455, -27.531237]}, "properties": {"project_id": 45495, "name": "Queensland Betterment Fund - Rocklea Markets", "description": "Delivery the Queensland Betterment Fund - $2.5 million towards raising the Curzon Street Bridge in Rocklea", "agency": "Department of Local Government, Water and Volunteers", "type": "A better lifestyle through a stronger economy", "status": 2, "qld_funding": 0, "fed_funding": 0, "local_funding": 0, "own_funding": 0, "private_funding": 0, "total_funding": 0, "region_codes": [304], "region_lga": "Brisbane City", "region_sed": "MILLER", "region_sa4": "Brisbane - South", "address": null, "web_link": null, "category": "other"}}, {"type": "Feature", "geometry": {"type": "Point", "coordinates": [153.0264855, -27.4839842]}, "properties": {"project_id": 45497, "name": "Queensland Childrens Hospital emergency and exit lighting", "description": "to update the emergency and exit lighting in the Hospital Precinct, as part of the newly uplifted Timely Investment Infrastructure Maintenance program.", "agency": "Queensland Health", "type": "Health services when you need them", "status": 2, "qld_funding": 10651129, "fed_funding": 0, "local_funding": 0, "own_funding": 0, "private_funding": 0, "total_funding": 10651129, "region_codes": [301], "region_lga": "Brisbane City", "region_sed": "SOUTH BRISBANE", "region_sa4": "Brisbane Inner City", "address": "501 Stanley Street, South Brisbane, 4101", "web_link": null, "category": "other"}}, {"type": "Feature", "geometry": {"type": "Point", "coordinates": [153.04142, -27.43129]}, "properties": {"project_id": 45501, "name": "Queensland Fire Department State Headquarters", "description": "for refurbishment of the new Queensland Fire Department State Headquarters", "agency": "Queensland Fire Department", "type": "Safety where you live", "status": 2, "qld_funding": 27500000, "fed_funding": 0, "local_funding": 0, "own_funding": 0, "private_funding": 0, "total_funding": 27500000, "region_codes": [303], "region_lga": "Brisbane City", "region_sed": "CLAYFIELD", "region_sa4": "Brisbane Inner City", "address": "240 SANDGATE RD, ALBION QLD 4010", "web_link": null, "category": "other"}}, {"type": "Feature", "geometry": {"type": "Point", "coordinates": [153.257385, -27.773477]}, "properties": {"project_id": 45511, "name": "Queensland Train Manufacturing Program", "description": "Delivering a new rail maintenance building based at Ormeau as part of the Queensland Train Manufacturing Program.", "agency": "Department of Transport and Main Roads", "type": "A plan for Queensland\u2019s future", "status": 2, "qld_funding": 0, "fed_funding": 0, "local_funding": 0, "own_funding": 0, "private_funding": 0, "total_funding": 0, "region_codes": [309], "region_lga": "Gold Coast City", "region_sed": "COOMERA", "region_sa4": "Gold Coast", "address": "", "web_link": null, "category": "other"}}, {"type": "Feature", "geometry": {"type": "Point", "coordinates": [144.271484, -26.614937]}, "properties": {"project_id": 45513, "name": "Quilpie State College", "description": "for improved access across the site for students, parents, carers and staff.", "agency": "Department of Education", "type": "A plan for Queensland\u2019s future", "status": 2, "qld_funding": 600000, "fed_funding": 0, "local_funding": 0, "own_funding": 0, "private_funding": 0, "total_funding": 600000, "region_codes": [318], "region_lga": "Quilpie Shire", "region_sed": "WARREGO", "region_sa4": "Queensland - Outback", "address": "Cnr Chulungra & Boonkai Streets, Quilpie", "web_link": null, "category": "other"}}, {"type": "Feature", "geometry": {"type": "Point", "coordinates": [142.6552846, -25.4224028]}, "properties": {"project_id": 45514, "name": "Rabig Park Amenities Refurbishment in Windorah", "description": "total spend to refurbish the Rabig Park amenities building in Windorah, including roof works, interior finishes, fittings, and service upgrades. Part of the permanent Works for Queensland Program.", "agency": "Department of Local Government, Water and Volunteers", "type": "A better lifestyle through a stronger economy", "status": 2, "qld_funding": 380000, "fed_funding": 0, "local_funding": 0, "own_funding": 0, "private_funding": 0, "total_funding": 380000, "region_codes": [321], "region_lga": "Barcoo Shire", "region_sed": "GREGORY", "region_sa4": "Queensland - Outback", "address": "19 Albert Street", "web_link": null, "category": "other"}}, {"type": "Feature", "geometry": {"type": "Point", "coordinates": [146.875494, -19.113746]}, "properties": {"project_id": 45515, "name": "Radical Bay Road Access", "description": "Working to restore access by road to Radical Bay on Magnetic Island.", "agency": "Department of Transport and Main Roads", "type": "A plan for Queensland\u2019s future", "status": 2, "qld_funding": 0, "fed_funding": 0, "local_funding": 0, "own_funding": 0, "private_funding": 0, "total_funding": 0, "region_codes": [314], "region_lga": "Townsville City", "region_sed": "TOWNSVILLE", "region_sa4": "Townsville", "address": "", "web_link": null, "category": "other"}}, {"type": "Feature", "geometry": {"type": "Point", "coordinates": [152.860509, -28.215634]}, "properties": {"project_id": 45518, "name": "Rathdowney State School", "description": "to refurbish Block E Amenities", "agency": "Department of Education", "type": "A plan for Queensland\u2019s future", "status": 2, "qld_funding": 1500000, "fed_funding": 0, "local_funding": 0, "own_funding": 0, "private_funding": 0, "total_funding": 1500000, "region_codes": [317], "region_lga": "Scenic Rim Regional", "region_sed": "SCENIC RIM", "region_sa4": "Logan - Beaudesert", "address": "", "web_link": null, "category": "other"}}, {"type": "Feature", "geometry": {"type": "Point", "coordinates": [152.69620652, -25.54435306]}, "properties": {"project_id": 45519, "name": "RDT Angels Maryborough - fit out of delivery truck", "description": "towards the upgrade of the RDT Angels charity food truck", "agency": "Department of Families, Seniors, Disability Services and Child Safety", "type": "A better lifestyle through a stronger economy", "status": 2, "qld_funding": 20000, "fed_funding": 0, "local_funding": 0, "own_funding": 0, "private_funding": 0, "total_funding": 20000, "region_codes": [322], "region_lga": "Fraser Coast Regional", "region_sed": "MARYBOROUGH", "region_sa4": "Wide Bay", "address": "40 ADELAIDE LANE, MARYBOROUGH QLD 4650", "web_link": null, "category": "other"}}, {"type": "Feature", "geometry": {"type": "Point", "coordinates": [152.995505, -27.450073]}, "properties": {"project_id": 45523, "name": "Red Hill Special School - Ithaca Campus", "description": "to refurbish Blocks E, A and C to consolidate school at Ithaca Campus", "agency": "Department of Education", "type": "A plan for Queensland\u2019s future", "status": 2, "qld_funding": 61241000, "fed_funding": 0, "local_funding": 0, "own_funding": 0, "private_funding": 0, "total_funding": 61241000, "region_codes": [301], "region_lga": "Brisbane City", "region_sed": "COOPER", "region_sa4": "Brisbane Inner City", "address": "", "web_link": null, "category": "other"}}, {"type": "Feature", "geometry": {"type": "Point", "coordinates": [152.8614278, -27.6452639]}, "properties": {"project_id": 45524, "name": "Redbank Plains Library car park extension", "description": "to expand the Redbank Plains Library car park with additional disability bays and pedestrian pathways to improve access and usability.", "agency": "Department of Local Government, Water and Volunteers", "type": "A better lifestyle through a stronger economy", "status": 2, "qld_funding": 550000, "fed_funding": 0, "local_funding": 0, "own_funding": 0, "private_funding": 0, "total_funding": 550000, "region_codes": [310], "region_lga": "Ipswich City", "region_sed": "BUNDAMBA", "region_sa4": "Ipswich", "address": "Cnr Cedar Road and Redbank Plains Road", "web_link": null, "category": "other"}}, {"type": "Feature", "geometry": {"type": "Point", "coordinates": [153.10963134, -27.22762135]}, "properties": {"project_id": 45525, "name": "Redcliffe and District Woodcrafters Society", "description": "to upgrade the electric Wood-Mizer at Redcliffe and District Woodcrafters Society.", "agency": "Department of Sport, Racing and Olympic and Paralympic Games", "type": "A plan for Queensland\u2019s future", "status": 2, "qld_funding": 33000, "fed_funding": 0, "local_funding": 0, "own_funding": 0, "private_funding": 0, "total_funding": 33000, "region_codes": [313], "region_lga": "Moreton Bay City", "region_sed": "REDCLIFFE", "region_sa4": "Moreton Bay - North", "address": "463 OXLEY AV, REDCLIFFE QLD 4020", "web_link": null, "category": "other"}}, {"type": "Feature", "geometry": {"type": "Point", "coordinates": [153.0899593, -27.21996355]}, "properties": {"project_id": 45527, "name": "Redcliffe Dolphins Soccer Club", "description": "for Redcliffe Dolphins Soccer Club to upgrade the lights", "agency": "Department of Sport, Racing and Olympic and Paralympic Games", "type": "A plan for Queensland\u2019s future", "status": 2, "qld_funding": 150000, "fed_funding": 0, "local_funding": 0, "own_funding": 0, "private_funding": 0, "total_funding": 150000, "region_codes": [313], "region_lga": "Moreton Bay City", "region_sed": "REDCLIFFE", "region_sa4": "Moreton Bay - North", "address": "160 KLINGNER RD, KIPPA-RING QLD 4021", "web_link": null, "category": "other"}}, {"type": "Feature", "geometry": {"type": "Point", "coordinates": [153.104844, -27.2285251]}, "properties": {"project_id": 45528, "name": "Redcliffe Hospital Car Park (Stage 1)", "description": "Additional car parking spaces will be constructed for patients, carers, visitors and staff at the Redcliffe Hospital.", "agency": "Queensland Health", "type": "Health services when you need them", "status": 2, "qld_funding": 0, "fed_funding": 0, "local_funding": 0, "own_funding": 0, "private_funding": 0, "total_funding": 0, "region_codes": [313], "region_lga": "Moreton Bay City", "region_sed": "REDCLIFFE", "region_sa4": "Moreton Bay - North", "address": "Anzac Avenue, Redcliffe, 4020", "web_link": null, "category": "other"}}, {"type": "Feature", "geometry": {"type": "Point", "coordinates": [153.104844, -27.2285251]}, "properties": {"project_id": 45529, "name": "Redcliffe Hospital Expansion", "description": "The Redcliffe Hospital will be expanded with at least 210 new overnight beds, as part of the Hospital Rescue Plan", "agency": "Queensland Health", "type": "Health services when you need them", "status": 2, "qld_funding": 0, "fed_funding": 0, "local_funding": 0, "own_funding": 0, "private_funding": 0, "total_funding": 0, "region_codes": [313], "region_lga": "Moreton Bay City", "region_sed": "REDCLIFFE", "region_sa4": "Moreton Bay - North", "address": "Anzac Avenue, Redcliffe, 4020", "web_link": null, "category": "other"}}, {"type": "Feature", "geometry": {"type": "Point", "coordinates": [153.1142995, -27.22342142]}, "properties": {"project_id": 45530, "name": "Redcliffe police facility upgrade", "description": "Commencing the upgrade of the Redcliffe police facility, a total investment worth $44 million.", "agency": "Queensland Police Service", "type": "Safety where you live", "status": 2, "qld_funding": 0, "fed_funding": 0, "local_funding": 0, "own_funding": 0, "private_funding": 0, "total_funding": 0, "region_codes": [313], "region_lga": "Moreton Bay City", "region_sed": "REDCLIFFE", "region_sa4": "Moreton Bay - North", "address": "", "web_link": null, "category": "other"}}, {"type": "Feature", "geometry": {"type": "Point", "coordinates": [153.2607, -27.550107]}, "properties": {"project_id": 45531, "name": "Redland District Special School", "description": "Delivering additional learning spaces.", "agency": "Department of Education", "type": "A plan for Queensland\u2019s future", "status": 2, "qld_funding": 0, "fed_funding": 0, "local_funding": 0, "own_funding": 0, "private_funding": 0, "total_funding": 0, "region_codes": [316], "region_lga": "Redland City", "region_sed": "REDLANDS", "region_sa4": "Brisbane - East", "address": "51-53 Panorama Drive, Thornlands", "web_link": null, "category": "other"}}, {"type": "Feature", "geometry": {"type": "Point", "coordinates": [153.251235, -27.5415365]}, "properties": {"project_id": 45532, "name": "Redland Hospital expansion (Stage 2)", "description": "to construct a new 43-bed Mental Health (20\nnew beds) and Allied Health building and relocate services\nfrom the current site as part of the Hospital Rescue Plan.", "agency": "Queensland Health", "type": "Health services when you need them", "status": 2, "qld_funding": 150000000, "fed_funding": 0, "local_funding": 0, "own_funding": 0, "private_funding": 0, "total_funding": 150000000, "region_codes": [316], "region_lga": "Redland City", "region_sed": "OODGEROO", "region_sa4": "Brisbane - East", "address": "21 Weippin St, Cleveland QLD 4163", "web_link": null, "category": "other"}}, {"type": "Feature", "geometry": {"type": "Point", "coordinates": [148.155708, -23.51494]}, "properties": {"project_id": 45537, "name": "Renal Dialysis - Emerald", "description": "Delivering 3 renal dialysis chairs for Emerald.", "agency": "Queensland Health", "type": "Health services when you need them", "status": 2, "qld_funding": 0, "fed_funding": 0, "local_funding": 0, "own_funding": 0, "private_funding": 0, "total_funding": 0, "region_codes": [306], "region_lga": "Central Highlands Regional", "region_sed": "GREGORY", "region_sa4": "Central Queensland", "address": "69 Hospital Road, Emerald, 4720", "web_link": null, "category": "other"}}, {"type": "Feature", "geometry": {"type": "Point", "coordinates": [146.832363, -19.260271]}, "properties": {"project_id": 45540, "name": "Resources Common User Facility", "description": "Delivering the Queensland Resources Common User Facility at Cleveland Bay Industrial Park in Townsville.", "agency": "Department of Natural Resources and Mines, Manufacturing and Regional and Rural Development", "type": "A better lifestyle through a stronger economy", "status": 2, "qld_funding": 0, "fed_funding": 0, "local_funding": 0, "own_funding": 0, "private_funding": 0, "total_funding": 0, "region_codes": [314], "region_lga": "Townsville City", "region_sed": "TOWNSVILLE", "region_sa4": "Townsville", "address": "", "web_link": null, "category": "other"}}, {"type": "Feature", "geometry": {"type": "Point", "coordinates": [143.2198, -20.7177]}, "properties": {"project_id": 45541, "name": "Richmond Multipurpose Health Service", "description": "Progression of the planning stage for the Richmond Multipurpose Health Service as part of the Hospital Rescue Plan.", "agency": "Queensland Health", "type": "Health services when you need them", "status": 2, "qld_funding": 0, "fed_funding": 0, "local_funding": 0, "own_funding": 0, "private_funding": 0, "total_funding": 0, "region_codes": [314], "region_lga": "Richmond Shire", "region_sed": "TRAEGER", "region_sa4": "Queensland - Outback", "address": "Gallagher Drive, Richmond, 4822", "web_link": null, "category": "other"}}, {"type": "Feature", "geometry": {"type": "Point", "coordinates": [152.7973, -27.6818]}, "properties": {"project_id": 45542, "name": "Ripley new police facility", "description": "for the new police facility at Ripley.", "agency": "Queensland Police Service", "type": "Safety where you live", "status": 2, "qld_funding": 38000000, "fed_funding": 0, "local_funding": 0, "own_funding": 0, "private_funding": 0, "total_funding": 38000000, "region_codes": [310], "region_lga": "Ipswich City", "region_sed": "IPSWICH", "region_sa4": "Ipswich", "address": "", "web_link": null, "category": "other"}}, {"type": "Feature", "geometry": {"type": "Point", "coordinates": [152.8158297, -27.693643]}, "properties": {"project_id": 45543, "name": "Ripley Satellite Health Centre sub-acute expansion", "description": "to develop a 3 storey sub-acute modular unit with 90 new beds providing rehabilitation, geriatric, palliative, and interim care, as part of the Hospital Rescue Plan", "agency": "Queensland Health", "type": "Health services when you need them", "status": 2, "qld_funding": 129874045, "fed_funding": 0, "local_funding": 0, "own_funding": 0, "private_funding": 0, "total_funding": 129874045, "region_codes": [310], "region_lga": "Ipswich City", "region_sed": "BUNDAMBA", "region_sa4": "Ipswich", "address": "7004 Barrams Road, South Ripley, 4306", "web_link": null, "category": "other"}}, {"type": "Feature", "geometry": {"type": "Point", "coordinates": [139.9075519, -22.9115381]}, "properties": {"project_id": 45545, "name": "Robinson Park upgrade works - Boulia Shire", "description": "to install shade structures, trees, softfall surfacing, and refresh playground equipment at Robinson Park in Boulia Shire. Part of the permanent Works for Queensland Program.", "agency": "Department of Local Government, Water and Volunteers", "type": "A better lifestyle through a stronger economy", "status": 2, "qld_funding": 520000, "fed_funding": 0, "local_funding": 0, "own_funding": 0, "private_funding": 0, "total_funding": 520000, "region_codes": [321], "region_lga": "Boulia Shire", "region_sed": "GREGORY", "region_sa4": "Queensland - Outback", "address": "Herbert Street", "web_link": null, "category": "other"}}, {"type": "Feature", "geometry": {"type": "Point", "coordinates": [150.4949809, -23.37960478]}, "properties": {"project_id": 45547, "name": "Rockhampton Community Child & Youth Mental Health Facility Fitout", "description": "for the refurbishment of the building for delivery of community MHAOD services.", "agency": "Queensland Health", "type": "Health services when you need them", "status": 2, "qld_funding": 2200000, "fed_funding": 0, "local_funding": 0, "own_funding": 0, "private_funding": 0, "total_funding": 2200000, "region_codes": [306], "region_lga": "Rockhampton Regional", "region_sed": "ROCKHAMPTON", "region_sa4": "Central Queensland", "address": "Quarry St, The Range QLD 4700", "web_link": null, "category": "other"}}, {"type": "Feature", "geometry": {"type": "Point", "coordinates": [150.4923087, -23.3796131]}, "properties": {"project_id": 45548, "name": "Rockhampton Hospital Cardiac Hybrid Theatre", "description": "for the delivery of a cardiac hybrid theatre to support a wide range of cardiovascular procedures, as part of the Hospital Rescue Plan.", "agency": "Queensland Health", "type": "Health services when you need them", "status": 2, "qld_funding": 36937000, "fed_funding": 0, "local_funding": 0, "own_funding": 0, "private_funding": 0, "total_funding": 36937000, "region_codes": [306], "region_lga": "Rockhampton Regional", "region_sed": "ROCKHAMPTON", "region_sa4": "Central Queensland", "address": "Canning Street, Rockhampton, 4700", "web_link": null, "category": "other"}}, {"type": "Feature", "geometry": {"type": "Point", "coordinates": [150.4923087, -23.3796131]}, "properties": {"project_id": 45549, "name": "Rockhampton Hospital Mental Health Ward Expansion", "description": "for the refurbishment and delivery of an expansion to the Rockhampton Hospital mental health ward, as part of the Hospital Rescue Plan.", "agency": "Queensland Health", "type": "Health services when you need them", "status": 2, "qld_funding": 91900000, "fed_funding": 0, "local_funding": 0, "own_funding": 0, "private_funding": 0, "total_funding": 91900000, "region_codes": [], "region_lga": "Rockhampton Regional", "region_sed": "ROCKHAMPTON", "region_sa4": "Central Queensland", "address": "Canning Street, Rockhampton, 4700", "web_link": null, "category": "other"}}, {"type": "Feature", "geometry": {"type": "Point", "coordinates": [150.52214777, -23.36908804]}, "properties": {"project_id": 45550, "name": "Rockhampton Neighbourhood Centre", "description": "to complete the construction of a new neighbourhood centre in Rockhampton", "agency": "Department of Families, Seniors, Disability Services and Child Safety", "type": "A better lifestyle through a stronger economy", "status": 2, "qld_funding": 6371000, "fed_funding": 0, "local_funding": 0, "own_funding": 0, "private_funding": 0, "total_funding": 6371000, "region_codes": [306], "region_lga": "Rockhampton Regional", "region_sed": "ROCKHAMPTON", "region_sa4": "Central Queensland", "address": "48-54 MUSGRAVE ST, BERSERKER QLD 4701", "web_link": null, "category": "other"}}, {"type": "Feature", "geometry": {"type": "Point", "coordinates": [150.516794, -23.386814]}, "properties": {"project_id": 45551, "name": "Rockhampton Railyards", "description": "Delivering the Rockhampton Railyards Master Plan, to create a safe and accessible community space within the Heritage Precinct.", "agency": "Department of Transport and Main Roads", "type": "A plan for Queensland\u2019s future", "status": 2, "qld_funding": 0, "fed_funding": 0, "local_funding": 0, "own_funding": 0, "private_funding": 0, "total_funding": 0, "region_codes": [306], "region_lga": "Rockhampton Regional", "region_sed": "ROCKHAMPTON", "region_sa4": "Central Queensland", "address": "", "web_link": null, "category": "other"}}, {"type": "Feature", "geometry": {"type": "Point", "coordinates": [150.511573, -23.3803]}, "properties": {"project_id": 45553, "name": "Rockhampton TAFE Excellence Precinct", "description": "for a new TAFE precinct to put more tradies on tools, allow expanded facilities for Rockhampton Hospital and unlock surplus land for 200 additional homes", "agency": "Department of Trade, Employment and Training", "type": "A plan for Queensland\u2019s future", "status": 2, "qld_funding": 61060000, "fed_funding": 0, "local_funding": 0, "own_funding": 0, "private_funding": 0, "total_funding": 61060000, "region_codes": [306], "region_lga": "Rockhampton Regional", "region_sed": "ROCKHAMPTON", "region_sa4": "Central Queensland", "address": null, "web_link": null, "category": "other"}}, {"type": "Feature", "geometry": {"type": "Point", "coordinates": [153.01425, -27.5545]}, "properties": {"project_id": 45554, "name": "Rocklea - depot & training facility redevelopment", "description": "to redevelop the depot and training facilities at Rocklea to facilitate continued growth in apprentices in the publicly owned energy sector", "agency": "Energy Queensland", "type": "A better lifestyle through a stronger economy", "status": 2, "qld_funding": 0, "fed_funding": 0, "local_funding": 0, "own_funding": 41262009, "private_funding": 0, "total_funding": 41262009, "region_codes": [304], "region_lga": "Brisbane City", "region_sed": "TOOHEY", "region_sa4": "Brisbane - South", "address": "", "web_link": null, "category": "other"}}, {"type": "Feature", "geometry": {"type": "Point", "coordinates": [145.419197, -16.3868]}, "properties": {"project_id": 45555, "name": "Rocky Point Boat Ramp", "description": "Delivering a business case to upgrade Rocky Point Boat Ramp.", "agency": "Department of Transport and Main Roads", "type": "A plan for Queensland\u2019s future", "status": 2, "qld_funding": 0, "fed_funding": 0, "local_funding": 0, "own_funding": 0, "private_funding": 0, "total_funding": 0, "region_codes": [308], "region_lga": "Douglas Shire", "region_sed": "COOK", "region_sa4": "Cairns", "address": "", "web_link": null, "category": "other"}}, {"type": "Feature", "geometry": {"type": "Point", "coordinates": [148.779266, -26.567043]}, "properties": {"project_id": 45557, "name": "Roma State College - Senior Campus", "description": "to refurbish Block J.", "agency": "Department of Education", "type": "A plan for Queensland\u2019s future", "status": 2, "qld_funding": 1495000, "fed_funding": 0, "local_funding": 0, "own_funding": 0, "private_funding": 0, "total_funding": 1495000, "region_codes": [318], "region_lga": "Maranoa Regional", "region_sed": "WARREGO", "region_sa4": "Darling Downs - Maranoa", "address": "", "web_link": null, "category": "other"}}, {"type": "Feature", "geometry": {"type": "Point", "coordinates": [153.02198489, -27.46708669]}, "properties": {"project_id": 45559, "name": "Rosie's inner Brisbane", "description": "to Rosie's to expand its outreach services across inner-city Brisbane.", "agency": "Department of Families, Seniors, Disability Services and Child Safety", "type": "A better lifestyle through a stronger economy", "status": 2, "qld_funding": 450000, "fed_funding": 0, "local_funding": 0, "own_funding": 0, "private_funding": 0, "total_funding": 450000, "region_codes": [301], "region_lga": "Brisbane City", "region_sed": "McCONNEL", "region_sa4": "Brisbane Inner City", "address": "109 ROMA ST, BRISBANE CITY QLD 4000", "web_link": null, "category": "other"}}, {"type": "Feature", "geometry": {"type": "Point", "coordinates": [146.813758, -19.28481]}, "properties": {"project_id": 45560, "name": "Ross River Bikeway", "description": "Delivering 1.3 km of pathway on the Ross River Bikeway through Oonoonba and over the railway line, security lighting and gated railway crossing.", "agency": "Economic Development Queensland", "type": "A plan for Queensland\u2019s future", "status": 2, "qld_funding": 0, "fed_funding": 0, "local_funding": 0, "own_funding": 0, "private_funding": 0, "total_funding": 0, "region_codes": [314], "region_lga": "Townsville City", "region_sed": "MUNDINGBURRA", "region_sa4": "Townsville", "address": "", "web_link": null, "category": "other"}}, {"type": "Feature", "geometry": {"type": "Point", "coordinates": [153.0281985, -27.44668456]}, "properties": {"project_id": 45562, "name": "Royal Brisbane and Women's Hospital - Psychiatric Emergency Centre Refurbishment", "description": "to redesign the existing Psychiatric Emergency Centre (PEC) to enhance bed capacity and streamline patient flow.", "agency": "Queensland Health", "type": "Health services when you need them", "status": 2, "qld_funding": 8080000, "fed_funding": 0, "local_funding": 0, "own_funding": 0, "private_funding": 0, "total_funding": 8080000, "region_codes": [301], "region_lga": "Brisbane City", "region_sed": "McCONNEL", "region_sa4": "Brisbane Inner City", "address": "Butterfield Street, Herston, 4006", "web_link": null, "category": "other"}}, {"type": "Feature", "geometry": {"type": "Point", "coordinates": [153.0281985, -27.44668456]}, "properties": {"project_id": 45563, "name": "Royal Brisbane and Women's Hospital Central Reprocessing Department Upgrades", "description": "for equipment replacement and works at the RBWH Sterile Supply Department, as part of the newly uplifted Timely Investment Infrastructure Maintenance program.", "agency": "Queensland Health", "type": "Health services when you need them", "status": 2, "qld_funding": 48730604, "fed_funding": 0, "local_funding": 0, "own_funding": 0, "private_funding": 0, "total_funding": 48730604, "region_codes": [301], "region_lga": "Brisbane City", "region_sed": "McCONNEL", "region_sa4": "Brisbane Inner City", "address": "Butterfield Street, Herston, 4006", "web_link": null, "category": "other"}}, {"type": "Feature", "geometry": {"type": "Point", "coordinates": [153.0291755, -27.44561788]}, "properties": {"project_id": 45564, "name": "Royal Brisbane and Women's Hospital Dr James Mayne Roof and Link Bridge", "description": "to replace the roof membrane of the Dr James Mayne building and replacement of roof and wall cladding and stormwater drainage associated with Link Bridge 2.", "agency": "Queensland Health", "type": "Health services when you need them", "status": 2, "qld_funding": 6243945, "fed_funding": 0, "local_funding": 0, "own_funding": 0, "private_funding": 0, "total_funding": 6243945, "region_codes": [301], "region_lga": "Brisbane City", "region_sed": "McCONNEL", "region_sa4": "Brisbane Inner City", "address": "Butterfield Street, Herston, 4006", "web_link": null, "category": "other"}}, {"type": "Feature", "geometry": {"type": "Point", "coordinates": [139.491641, -20.667751]}, "properties": {"project_id": 45565, "name": "Royal Flying Doctor Service Mount Isa aeromedical base", "description": "to deliver a new aeromedical base in Mount Isa for the Royal Flying Doctor Service to support its services in North West Queensland", "agency": "Department of State Development, Infrastructure and Planning", "type": "A better lifestyle through a stronger economy", "status": 2, "qld_funding": 6927114, "fed_funding": 0, "local_funding": 0, "own_funding": 0, "private_funding": 0, "total_funding": 6927114, "region_codes": [315], "region_lga": "Mount Isa City", "region_sed": "TRAEGER", "region_sa4": "Queensland - Outback", "address": "", "web_link": null, "category": "other"}}, {"type": "Feature", "geometry": {"type": "Point", "coordinates": [153.3946325, -27.90875801]}, "properties": {"project_id": 45566, "name": "Runaway Bay Cricket Club", "description": "to deliver important field lighting upgrades for the Runaway Bay Cricket Club", "agency": "Department of Sport, Racing and Olympic and Paralympic Games", "type": "A plan for Queensland\u2019s future", "status": 2, "qld_funding": 500000, "fed_funding": 0, "local_funding": 0, "own_funding": 0, "private_funding": 0, "total_funding": 500000, "region_codes": [309], "region_lga": "Gold Coast City", "region_sed": "BROADWATER", "region_sa4": "Gold Coast", "address": "", "web_link": null, "category": "other"}}, {"type": "Feature", "geometry": {"type": "Point", "coordinates": [153.38124, -27.64867]}, "properties": {"project_id": 45569, "name": "Russell Island Centre of Excellence", "description": "to support a Marine Centre of Excellence for Southern Moreton Bay Islands in partnership with industry and TAFE Queensland.", "agency": "Department of Trade, Employment and Training", "type": "A plan for Queensland\u2019s future", "status": 2, "qld_funding": 2000000, "fed_funding": 0, "local_funding": 0, "own_funding": 0, "private_funding": 0, "total_funding": 2000000, "region_codes": [316], "region_lga": "Redland City", "region_sed": "REDLANDS", "region_sa4": "Brisbane - East", "address": null, "web_link": null, "category": "other"}}, {"type": "Feature", "geometry": {"type": "Point", "coordinates": [148.0407683, -19.96092478]}, "properties": {"project_id": 45577, "name": "Salisbury Plains Industrial Precinct", "description": "to help establish significant industrial developments and provide for the establishment of essential services and infrastructure corridors.", "agency": "Economic Development Queensland", "type": "A plan for Queensland\u2019s future", "status": 2, "qld_funding": 0, "fed_funding": 0, "local_funding": 0, "own_funding": 9767000, "private_funding": 0, "total_funding": 9767000, "region_codes": [312], "region_lga": "Whitsunday Regional", "region_sed": "BURDEKIN", "region_sa4": "Mackay - Isaac - Whitsunday", "address": "", "web_link": null, "category": "other"}}, {"type": "Feature", "geometry": {"type": "Point", "coordinates": [152.70193853, -25.54071327]}, "properties": {"project_id": 45578, "name": "Salvation Army Maryborough", "description": "towards renovations at the Maryborough Salvation Army.", "agency": "Department of Families, Seniors, Disability Services and Child Safety", "type": "A better lifestyle through a stronger economy", "status": 2, "qld_funding": 150000, "fed_funding": 0, "local_funding": 0, "own_funding": 0, "private_funding": 0, "total_funding": 150000, "region_codes": [322], "region_lga": "Fraser Coast Regional", "region_sed": "MARYBOROUGH", "region_sa4": "Wide Bay", "address": "101-105 BAZAAR ST, MARYBOROUGH QLD 4650", "web_link": null, "category": "other"}}, {"type": "Feature", "geometry": {"type": "Point", "coordinates": [152.87959, -27.374248]}, "properties": {"project_id": 45579, "name": "Samford Roundabout Concept Plan", "description": "Delivering a roundabout concept plan at School Road and Mt Glorious Road in Samford.", "agency": "Department of Transport and Main Roads", "type": "A plan for Queensland\u2019s future", "status": 2, "qld_funding": 0, "fed_funding": 0, "local_funding": 0, "own_funding": 0, "private_funding": 0, "total_funding": 0, "region_codes": [313], "region_lga": "Moreton Bay City", "region_sed": "PINE RIVERS", "region_sa4": "Moreton Bay - South", "address": "", "web_link": null, "category": "other"}}, {"type": "Feature", "geometry": {"type": "Point", "coordinates": [149.2115594, -21.42008494]}, "properties": {"project_id": 45580, "name": "Sarina District Progress Association", "description": "for a feasibility study on the Sarina Swim Centre's needs, safety and compliance to be undertaken by the local District Progress Association", "agency": "Department of Sport, Racing and Olympic and Paralympic Games", "type": "A plan for Queensland\u2019s future", "status": 2, "qld_funding": 30000, "fed_funding": 0, "local_funding": 0, "own_funding": 0, "private_funding": 0, "total_funding": 30000, "region_codes": [312], "region_lga": "Mackay Regional", "region_sed": "MIRANI", "region_sa4": "Mackay - Isaac - Whitsunday", "address": "", "web_link": null, "category": "other"}}, {"type": "Feature", "geometry": {"type": "Point", "coordinates": [150.5456648, -23.28963068]}, "properties": {"project_id": 45588, "name": "Seeonee Park Scout Camp", "description": "to purchase new machinery", "agency": "Department of Sport, Racing and Olympic and Paralympic Games", "type": "A plan for Queensland\u2019s future", "status": 2, "qld_funding": 80000, "fed_funding": 0, "local_funding": 0, "own_funding": 0, "private_funding": 0, "total_funding": 80000, "region_codes": [306], "region_lga": "Rockhampton Regional", "region_sed": "KEPPEL", "region_sa4": "Central Queensland", "address": "399 YEPPOON RD, LIMESTONE CREEK QLD 4701", "web_link": null, "category": "other"}}, {"type": "Feature", "geometry": {"type": "Point", "coordinates": [153.00897, -27.59872]}, "properties": {"project_id": 45589, "name": "Serbian Australian Centre Willawong", "description": "for shade sails over their basketball courts", "agency": "Department of Sport, Racing and Olympic and Paralympic Games", "type": "A plan for Queensland\u2019s future", "status": 2, "qld_funding": 200000, "fed_funding": 0, "local_funding": 0, "own_funding": 0, "private_funding": 0, "total_funding": 200000, "region_codes": [304], "region_lga": "Brisbane City", "region_sed": "ALGESTER", "region_sa4": "Brisbane - South", "address": "1 Camden Road, Willawong, Queensland, 4110, Australia", "web_link": null, "category": "other"}}, {"type": "Feature", "geometry": {"type": "Point", "coordinates": [153.072861, -27.525584]}, "properties": {"project_id": 45590, "name": "Seville Road State School", "description": "to upgrade the senior playground area", "agency": "Department of Education", "type": "A plan for Queensland\u2019s future", "status": 2, "qld_funding": 116000, "fed_funding": 0, "local_funding": 0, "own_funding": 0, "private_funding": 0, "total_funding": 116000, "region_codes": [304], "region_lga": "Brisbane City", "region_sed": "GREENSLOPES", "region_sa4": "Brisbane - South", "address": "", "web_link": null, "category": "other"}}, {"type": "Feature", "geometry": {"type": "Point", "coordinates": [145.4250014, -16.9968132]}, "properties": {"project_id": 45591, "name": "Sewer infrastructure manhole upgrade - Mareeba Shire", "description": "to remediate approximately 1,000 sewer manholes across Mareeba Shire to improve functionality, extend asset life, and support environmental and public health.", "agency": "Department of Local Government, Water and Volunteers", "type": "A better lifestyle through a stronger economy", "status": 2, "qld_funding": 1855000, "fed_funding": 0, "local_funding": 0, "own_funding": 0, "private_funding": 0, "total_funding": 1855000, "region_codes": [308], "region_lga": "Mareeba Shire", "region_sed": "COOK", "region_sa4": "Cairns", "address": "65 Rankin Street", "web_link": null, "category": "other"}}, {"type": "Feature", "geometry": {"type": "Point", "coordinates": [139.5695322, -17.728132]}, "properties": {"project_id": 45592, "name": "Shade structure installation at Burketown Wharf Precinct", "description": "to install shade structures at the Burketown Wharf Recreational Precinct in Burke Shire", "agency": "Department of Local Government, Water and Volunteers", "type": "A better lifestyle through a stronger economy", "status": 2, "qld_funding": 285000, "fed_funding": 0, "local_funding": 0, "own_funding": 0, "private_funding": 0, "total_funding": 285000, "region_codes": [315], "region_lga": "Burke Shire", "region_sed": "TRAEGER", "region_sa4": "Queensland - Outback", "address": "Truganini Road", "web_link": null, "category": "other"}}, {"type": "Feature", "geometry": {"type": "Point", "coordinates": [153.186717, -27.662079]}, "properties": {"project_id": 45593, "name": "Shailer Park State High School", "description": "Delivering a new multipurpose hall, as part of the $70.68 million School and Education Boost funding.", "agency": "Department of Education", "type": "A plan for Queensland\u2019s future", "status": 2, "qld_funding": 0, "fed_funding": 0, "local_funding": 0, "own_funding": 0, "private_funding": 0, "total_funding": 0, "region_codes": [311], "region_lga": "Logan City", "region_sed": "SPRINGWOOD", "region_sa4": "Logan - Beaudesert", "address": "Leaf Street, Shailer Park", "web_link": null, "category": "other"}}, {"type": "Feature", "geometry": {"type": "Point", "coordinates": [140.740402, -25.69945]}, "properties": {"project_id": 45595, "name": "Shed and Awning Installation at Betoota Sports Arena", "description": "total spend to construct a shed and awning at the Betoota Sports Arena to support patrons and protect sporting equipment during key events. Part of the permanent Works for Queensland Program.", "agency": "Department of Local Government, Water and Volunteers", "type": "A better lifestyle through a stronger economy", "status": 2, "qld_funding": 100000, "fed_funding": 0, "local_funding": 0, "own_funding": 0, "private_funding": 0, "total_funding": 100000, "region_codes": [321], "region_lga": "Diamantina Shire", "region_sed": "GREGORY", "region_sa4": "Queensland - Outback", "address": "Betoota Bedourie Road", "web_link": null, "category": "other"}}, {"type": "Feature", "geometry": {"type": "Point", "coordinates": [148.788409, -20.28791]}, "properties": {"project_id": 45596, "name": "Shute Harbour, construct four lane boat ramp and carpark", "description": "Delivering a new four-lane boat ramp at Shute Harbour.", "agency": "Department of Transport and Main Roads", "type": "A plan for Queensland\u2019s future", "status": 2, "qld_funding": 0, "fed_funding": 0, "local_funding": 0, "own_funding": 0, "private_funding": 0, "total_funding": 0, "region_codes": [312], "region_lga": "Whitsunday Regional", "region_sed": "WHITSUNDAY", "region_sa4": "Mackay - Isaac - Whitsunday", "address": "", "web_link": null, "category": "other"}}, {"type": "Feature", "geometry": {"type": "Point", "coordinates": [145.683, -16.819]}, "properties": {"project_id": 45598, "name": "Smithfield Mountain Bike Trail Network Expansion", "description": "for Smithfield Conservation Park and surrounds mountain biking trail upgrades.", "agency": "Department of the Environment, Tourism, Science and Innovation", "type": "A plan for Queensland\u2019s future", "status": 2, "qld_funding": 15505000, "fed_funding": 0, "local_funding": 0, "own_funding": 0, "private_funding": 0, "total_funding": 15505000, "region_codes": [308], "region_lga": "Cairns Regional", "region_sed": "BARRON RIVER", "region_sa4": "Cairns", "address": null, "web_link": null, "category": "other"}}, {"type": "Feature", "geometry": {"type": "Point", "coordinates": [153.38895, -28.096416]}, "properties": {"project_id": 45602, "name": "Southern Gold Coast School Zone Lights", "description": "Enhancing road safety around schools flashing school zone lights at Mudgeeraba, Merrimac, and Reedy Creek. ", "agency": "Department of Education", "type": "A plan for Queensland\u2019s future", "status": 2, "qld_funding": 0, "fed_funding": 0, "local_funding": 0, "own_funding": 0, "private_funding": 0, "total_funding": 0, "region_codes": [309], "region_lga": "Gold Coast City", "region_sed": "MUDGEERABA", "region_sa4": "Gold Coast", "address": "", "web_link": null, "category": "other"}}, {"type": "Feature", "geometry": {"type": "Point", "coordinates": [153.4135963, -27.99266008]}, "properties": {"project_id": 45604, "name": "Southport East Ambulance Station", "description": "to build the new Southport East Ambulance Station.", "agency": "Queensland Health", "type": "Health services when you need them", "status": 2, "qld_funding": 14000000, "fed_funding": 0, "local_funding": 0, "own_funding": 0, "private_funding": 0, "total_funding": 14000000, "region_codes": [309], "region_lga": "Gold Coast City", "region_sed": "SOUTHPORT", "region_sa4": "Gold Coast", "address": "270 FERRY RD, SOUTHPORT QLD 4215", "web_link": null, "category": "other"}}, {"type": "Feature", "geometry": {"type": "Point", "coordinates": [153.258388, -28.18236]}, "properties": {"project_id": 45607, "name": "Springbrook Mountain Signage", "description": "Boosting tourism in the region with $150,000 to upgrade signage on Springbrook Mountain.", "agency": "Department of the Environment, Tourism, Science and Innovation", "type": "A plan for Queensland\u2019s future", "status": 2, "qld_funding": 0, "fed_funding": 0, "local_funding": 0, "own_funding": 0, "private_funding": 0, "total_funding": 0, "region_codes": [309], "region_lga": "Gold Coast City", "region_sed": "MUDGEERABA", "region_sa4": "Gold Coast", "address": "", "web_link": null, "category": "other"}}, {"type": "Feature", "geometry": {"type": "Point", "coordinates": [153.1254878, -27.61576699]}, "properties": {"project_id": 45608, "name": "Springwood Station Replacement", "description": "to deliver a 24/7 operational ambulance service facility. The construction will include a replacement modern ambulance station with office.", "agency": "Queensland Health", "type": "Health services when you need them", "status": 2, "qld_funding": 8100000, "fed_funding": 0, "local_funding": 0, "own_funding": 0, "private_funding": 0, "total_funding": 8100000, "region_codes": [311], "region_lga": "Logan City", "region_sed": "SPRINGWOOD", "region_sa4": "Logan - Beaudesert", "address": "2-4 VANESSA BVD, SPRINGWOOD QLD 4127", "web_link": null, "category": "other"}}, {"type": "Feature", "geometry": {"type": "Point", "coordinates": [153.19829, -27.97048]}, "properties": {"project_id": 45609, "name": "St Bernard State School", "description": "for transpiration pit rectification.", "agency": "Department of Education", "type": "A plan for Queensland\u2019s future", "status": 2, "qld_funding": 300000, "fed_funding": 0, "local_funding": 0, "own_funding": 0, "private_funding": 0, "total_funding": 300000, "region_codes": [317], "region_lga": "Scenic Rim Regional", "region_sed": "SCENIC RIM", "region_sa4": "Gold Coast", "address": "1-19 School Road, Tamborine Mountain", "web_link": null, "category": "other"}}, {"type": "Feature", "geometry": {"type": "Point", "coordinates": [148.5838515, -28.0406837]}, "properties": {"project_id": 45610, "name": "St George Airport Masterplan development and review", "description": "to develop shire-wide aerodrome masterplans for St George Airport, assessing condition, future use, needs and a prioritised works program. Part of the Works for Queensland Program.", "agency": "Department of Local Government, Water and Volunteers", "type": "A better lifestyle through a stronger economy", "status": 2, "qld_funding": 100000, "fed_funding": 0, "local_funding": 0, "own_funding": 0, "private_funding": 0, "total_funding": 100000, "region_codes": [318], "region_lga": "Balonne Shire", "region_sed": "WARREGO", "region_sa4": "Darling Downs - Maranoa", "address": "Grey Street", "web_link": null, "category": "other"}}, {"type": "Feature", "geometry": {"type": "Point", "coordinates": [152.710558, -25.50278]}, "properties": {"project_id": 45611, "name": "St Helens State School", "description": "for School Playground and Tuckshop upgrades.", "agency": "Department of Education", "type": "A plan for Queensland\u2019s future", "status": 2, "qld_funding": 398000, "fed_funding": 0, "local_funding": 0, "own_funding": 0, "private_funding": 0, "total_funding": 398000, "region_codes": [322], "region_lga": "Fraser Coast Regional", "region_sed": "MARYBOROUGH", "region_sa4": "Wide Bay", "address": "891 Saltwater Creek Road, St Helens", "web_link": null, "category": "other"}}, {"type": "Feature", "geometry": {"type": "Point", "coordinates": [142.2477944, -18.2062599]}, "properties": {"project_id": 45612, "name": "Staff housing - Croydon", "description": "to build three 3-bedroom houses and a 2-bedroom duplex for staff housing to support the attraction and retention of skilled workers.", "agency": "Department of Local Government, Water and Volunteers", "type": "A better lifestyle through a stronger economy", "status": 2, "qld_funding": 1530000, "fed_funding": 0, "local_funding": 0, "own_funding": 0, "private_funding": 0, "total_funding": 1530000, "region_codes": [308], "region_lga": "Croydon Shire", "region_sed": "TRAEGER", "region_sa4": "Queensland - Outback", "address": "Francis Street", "web_link": null, "category": "other"}}, {"type": "Feature", "geometry": {"type": "Point", "coordinates": [141.747512, -15.472847]}, "properties": {"project_id": 45613, "name": "Staff housing - Kowanyama", "description": "to renovate Council staff housing with upgrades to kitchens, bathrooms, flooring, windows, drainage and potential solar panel installation", "agency": "Department of Local Government, Water and Volunteers", "type": "A better lifestyle through a stronger economy", "status": 2, "qld_funding": 500000, "fed_funding": 0, "local_funding": 0, "own_funding": 0, "private_funding": 0, "total_funding": 500000, "region_codes": [308], "region_lga": "Kowanyama Aboriginal Shire", "region_sed": "COOK", "region_sa4": "Queensland - Outback", "address": "30 chapman road", "web_link": null, "category": "other"}}, {"type": "Feature", "geometry": {"type": "Point", "coordinates": [153.004077, -27.40193]}, "properties": {"project_id": 45614, "name": "Stafford Heights State School", "description": "to deliver interactive whiteboards", "agency": "Department of Education", "type": "A plan for Queensland\u2019s future", "status": 2, "qld_funding": 20000, "fed_funding": 0, "local_funding": 0, "own_funding": 0, "private_funding": 0, "total_funding": 20000, "region_codes": [303], "region_lga": "Brisbane City", "region_sed": "STAFFORD", "region_sa4": "Brisbane - North", "address": "95 Redwood Street, Stafford Heights", "web_link": null, "category": "other"}}, {"type": "Feature", "geometry": {"type": "Point", "coordinates": [152.990784, -27.407221]}, "properties": {"project_id": 45615, "name": "Stafford Road and South Pine Road intersection (Everton Park), upgrade", "description": "A major upgrade of the Stafford Road - South Pine Road intersection in Everton Park to improve safety and reduce peak hour congestion", "agency": "Department of Transport and Main Roads", "type": "A plan for Queensland\u2019s future", "status": 2, "qld_funding": 0, "fed_funding": 0, "local_funding": 0, "own_funding": 0, "private_funding": 0, "total_funding": 0, "region_codes": [303], "region_lga": "Brisbane City", "region_sed": "EVERTON", "region_sa4": "Brisbane - North", "address": "", "web_link": null, "category": "other"}}, {"type": "Feature", "geometry": {"type": "Point", "coordinates": [145.2432848, -15.48544]}, "properties": {"project_id": 45622, "name": "Stormwater drainage upgrades on Hope St, Cooktown - Cook Shire", "description": "to replace the causeway, kerb, channel, pipes, and pits on Adam and Hope Streets to reduce flooding and increase stormwater capacity in Cook Shire", "agency": "Department of Local Government, Water and Volunteers", "type": "A better lifestyle through a stronger economy", "status": 2, "qld_funding": 150000, "fed_funding": 0, "local_funding": 0, "own_funding": 0, "private_funding": 0, "total_funding": 150000, "region_codes": [308], "region_lga": "Cook Shire", "region_sed": "COOK", "region_sa4": "Queensland - Outback", "address": "1 HOPE ST, COOKTOWN QLD 4895", "web_link": null, "category": "other"}}, {"type": "Feature", "geometry": {"type": "Point", "coordinates": [152.84082766074218, -28.08607905]}, "properties": {"project_id": 45623, "name": "Strategic infrastructure planning for Kooralbyn township", "description": "to develop a strategic plan addressing future infrastructure needs for the Kooralbyn township.", "agency": "Department of Local Government, Water and Volunteers", "type": "A better lifestyle through a stronger economy", "status": 2, "qld_funding": 90000, "fed_funding": 0, "local_funding": 0, "own_funding": 0, "private_funding": 0, "total_funding": 90000, "region_codes": [317], "region_lga": "Scenic Rim Regional", "region_sed": "SCENIC RIM", "region_sa4": "Logan - Beaudesert", "address": "82 Brisbane Street", "web_link": null, "category": "other"}}, {"type": "Feature", "geometry": {"type": "Point", "coordinates": [153.0537, -27.639592]}, "properties": {"project_id": 45625, "name": "Stretton State College", "description": "to extend the existing multipurpose hall", "agency": "Department of Education", "type": "A plan for Queensland\u2019s future", "status": 2, "qld_funding": 10967000, "fed_funding": 0, "local_funding": 0, "own_funding": 0, "private_funding": 0, "total_funding": 10967000, "region_codes": [304], "region_lga": "Brisbane City", "region_sed": "STRETTON", "region_sa4": "Brisbane - South", "address": "226 Illaweena Street, Stretton", "web_link": null, "category": "other"}}, {"type": "Feature", "geometry": {"type": "Point", "coordinates": [153.110328, -26.694423]}, "properties": {"project_id": 45628, "name": "Sunshine Motorway, Mooloolah River Interchange Upgrade (Stage 1)", "description": "Will support regional population growth and development by addressing well-known safety and congestion issues while delivering improved north-south connectivity on the Sunshine Coast.", "agency": "Department of Transport and Main Roads", "type": "A plan for Queensland\u2019s future", "status": 2, "qld_funding": 0, "fed_funding": 0, "local_funding": 0, "own_funding": 0, "private_funding": 0, "total_funding": 0, "region_codes": [320], "region_lga": "Sunshine Coast Regional", "region_sed": "BUDERIM", "region_sa4": "Sunshine Coast", "address": "", "web_link": null, "category": "other"}}, {"type": "Feature", "geometry": {"type": "Point", "coordinates": [153.073171, -26.535306]}, "properties": {"project_id": 45629, "name": "Sunshine Motorway, Mount Coolum Intersection Upgrades", "description": "Delivering two new south-facing ramps off the Sunshine Coast Motorway at Mt Coolum to help divert traffic away from the Coolum school roundabout and connect with Council's proposed extension of South Coolum Road, following works to upgrade the roundabout at School Road with a signalised intersection.", "agency": "Department of Transport and Main Roads", "type": "A plan for Queensland\u2019s future", "status": 2, "qld_funding": 0, "fed_funding": 0, "local_funding": 0, "own_funding": 0, "private_funding": 0, "total_funding": 0, "region_codes": [320], "region_lga": "Sunshine Coast Regional", "region_sed": "NINDERRY", "region_sa4": "Sunshine Coast", "address": "", "web_link": null, "category": "other"}}, {"type": "Feature", "geometry": {"type": "Point", "coordinates": [141.063202, -17.693068]}, "properties": {"project_id": 45636, "name": "Supporting Mount Isa Rodeo", "description": "Supporting the Mount Isa Rodeo, an iconic event in North West Queensland.", "agency": "Department of Local Government, Water and Volunteers", "type": "A better lifestyle through a stronger economy", "status": 2, "qld_funding": 0, "fed_funding": 0, "local_funding": 0, "own_funding": 0, "private_funding": 0, "total_funding": 0, "region_codes": [315], "region_lga": "Carpentaria Shire", "region_sed": "TRAEGER", "region_sa4": "Queensland - Outback", "address": "Racecourse Road", "web_link": null, "category": "other"}}, {"type": "Feature", "geometry": {"type": "Point", "coordinates": [153.0246425, -27.35602995]}, "properties": {"project_id": 45637, "name": "Supporting Our Local Communities  - Top Blokes mentoring programs", "description": "to fund mentoring programs run by the Top Blokes Foundation for Aspley State High School students", "agency": "Department of Education", "type": "A plan for Queensland\u2019s future", "status": 2, "qld_funding": 27000, "fed_funding": 0, "local_funding": 0, "own_funding": 0, "private_funding": 0, "total_funding": 27000, "region_codes": [303], "region_lga": "Brisbane City", "region_sed": "ASPLEY", "region_sa4": "Brisbane - North", "address": "651 ZILLMERE RD, ASPLEY QLD 4034", "web_link": null, "category": "other"}}, {"type": "Feature", "geometry": {"type": "Point", "coordinates": [153.1091028, -27.2307742]}, "properties": {"project_id": 45638, "name": "Supporting Our Local Communities - Redcliffe Area Youth Space Program", "description": "to build a specialist program in partnership with City of Moreton Bay to support young people disengaged, or at risk of disengaging, from education", "agency": "Department of Education", "type": "A plan for Queensland\u2019s future", "status": 2, "qld_funding": 2000000, "fed_funding": 0, "local_funding": 0, "own_funding": 0, "private_funding": 0, "total_funding": 2000000, "region_codes": [313], "region_lga": "Moreton Bay City", "region_sed": "REDCLIFFE", "region_sa4": "Moreton Bay - North", "address": "439 OXLEY AV, REDCLIFFE QLD 4020", "web_link": null, "category": "other"}}, {"type": "Feature", "geometry": {"type": "Point", "coordinates": [152.2466712, -28.289961657773]}, "properties": {"project_id": 45643, "name": "Swan and Emu Creek rural fire brigade station", "description": "to deliver the replacement of the rural fire brigade station at Swan and Emu Creek.", "agency": "Queensland Fire Department", "type": "Safety where you live", "status": 2, "qld_funding": 1000000, "fed_funding": 0, "local_funding": 0, "own_funding": 0, "private_funding": 0, "total_funding": 1000000, "region_codes": [319], "region_lga": "Southern Downs Regional", "region_sed": "SOUTHERN DOWNS", "region_sa4": "Darling Downs - Maranoa", "address": null, "web_link": null, "category": "other"}}, {"type": "Feature", "geometry": {"type": "Point", "coordinates": [153.117912, -26.772477]}, "properties": {"project_id": 45646, "name": "Talara Primary College", "description": "to install new AV equipment or air-conditioning in school hall, as part of shared funding across Kawana state electorate", "agency": "Department of Education", "type": "A plan for Queensland\u2019s future", "status": 2, "qld_funding": 166000, "fed_funding": 0, "local_funding": 0, "own_funding": 0, "private_funding": 0, "total_funding": 166000, "region_codes": [320], "region_lga": "Sunshine Coast Regional", "region_sed": "KAWANA", "region_sa4": "Sunshine Coast", "address": "Talara Street, Currimundi", "web_link": null, "category": "other"}}, {"type": "Feature", "geometry": {"type": "Point", "coordinates": [153.429814, -28.13996]}, "properties": {"project_id": 45647, "name": "Tallebudgera State School", "description": "Delivering a new car park, as part of the $70.68 million School and Education Boost funding.", "agency": "Department of Education", "type": "A plan for Queensland\u2019s future", "status": 2, "qld_funding": 0, "fed_funding": 0, "local_funding": 0, "own_funding": 0, "private_funding": 0, "total_funding": 0, "region_codes": [309], "region_lga": "Gold Coast City", "region_sed": "CURRUMBIN", "region_sa4": "Gold Coast", "address": "492 Guineas Creek Road, Tallebudgera", "web_link": null, "category": "other"}}, {"type": "Feature", "geometry": {"type": "Point", "coordinates": [153.46252350277865, -28.10017805799991]}, "properties": {"project_id": 45648, "name": "Tallebudgera Surf Lifesaving Club", "description": "to complete its changeroom renovations", "agency": "Department of Sport, Racing and Olympic and Paralympic Games", "type": "A plan for Queensland\u2019s future", "status": 2, "qld_funding": 150000, "fed_funding": 0, "local_funding": 0, "own_funding": 0, "private_funding": 0, "total_funding": 150000, "region_codes": [309], "region_lga": "Gold Coast City", "region_sed": "BURLEIGH", "region_sa4": "Gold Coast", "address": "1495 GOLD COAST HWY, PALM BEACH QLD 4221", "web_link": null, "category": "other"}}, {"type": "Feature", "geometry": {"type": "Point", "coordinates": [151.9343488, -27.525485]}, "properties": {"project_id": 45649, "name": "Tara Staff Accommodation", "description": "Staff accommodation will be replaced in Tara, providing appropriate, safe, and fit-for-purpose accommodation, as part of the Hospital Rescue Plan.", "agency": "Queensland Health", "type": "Health services when you need them", "status": 2, "qld_funding": 0, "fed_funding": 0, "local_funding": 0, "own_funding": 0, "private_funding": 0, "total_funding": 0, "region_codes": [307], "region_lga": "Toowoomba Regional", "region_sed": "TOOWOOMBA NORTH", "region_sa4": "Toowoomba", "address": "Hogg Street and, Tor Street, Toowoomba City, 4350", "web_link": null, "category": "other"}}, {"type": "Feature", "geometry": {"type": "Point", "coordinates": [152.8265, -27.188315]}, "properties": {"project_id": 45652, "name": "Terrors Creek Crossing", "description": "Delivering a new crossing over Terrors Creek on Mount Mee Road.", "agency": "Department of Transport and Main Roads", "type": "A plan for Queensland\u2019s future", "status": 2, "qld_funding": 0, "fed_funding": 0, "local_funding": 0, "own_funding": 0, "private_funding": 0, "total_funding": 0, "region_codes": [313], "region_lga": "Moreton Bay City", "region_sed": "PINE RIVERS", "region_sa4": "Moreton Bay - South", "address": "", "web_link": null, "category": "other"}}, {"type": "Feature", "geometry": {"type": "Point", "coordinates": [153.0226361, -27.390155]}, "properties": {"project_id": 45655, "name": "The Prince Charles Hospital Expansion", "description": "The Prince Charles Hospital will be expanded with at least 93 new overnight beds as part of the Hospital Rescue Plan.", "agency": "Queensland Health", "type": "Health services when you need them", "status": 2, "qld_funding": 0, "fed_funding": 0, "local_funding": 0, "own_funding": 0, "private_funding": 0, "total_funding": 0, "region_codes": [303], "region_lga": "Brisbane City", "region_sed": "STAFFORD", "region_sa4": "Brisbane - North", "address": "Rode Road, Chermside, 4032", "web_link": null, "category": "other"}}, {"type": "Feature", "geometry": {"type": "Point", "coordinates": [153.0226361, -27.390155]}, "properties": {"project_id": 45656, "name": "The Prince Charles Hospital Fire Detection Upgrade", "description": "to replace the fire detection, alarm systems and emergency lighting, as part of the newly uplifted Timely Investment Infrastructure Maintenance program.", "agency": "Queensland Health", "type": "Health services when you need them", "status": 2, "qld_funding": 12406556, "fed_funding": 0, "local_funding": 0, "own_funding": 0, "private_funding": 0, "total_funding": 12406556, "region_codes": [303], "region_lga": "Brisbane City", "region_sed": "STAFFORD", "region_sa4": "Brisbane - North", "address": "Rode Road, Chermside, 4032", "web_link": null, "category": "other"}}, {"type": "Feature", "geometry": {"type": "Point", "coordinates": [153.211114, -27.525542]}, "properties": {"project_id": 45657, "name": "The Sycamore School", "description": "Delivering security of tenure for The Sycamore School", "agency": "Department of Trade, Employment and Training", "type": "A plan for Queensland\u2019s future", "status": 2, "qld_funding": 0, "fed_funding": 0, "local_funding": 0, "own_funding": 0, "private_funding": 0, "total_funding": 0, "region_codes": [316], "region_lga": "Redland City", "region_sed": "CAPALABA", "region_sa4": "Brisbane - East", "address": null, "web_link": null, "category": "other"}}, {"type": "Feature", "geometry": {"type": "Point", "coordinates": [153.038442, -26.83164]}, "properties": {"project_id": 45658, "name": "The Wave (Stage 1)", "description": "A new dual-track rail line from Beerwah to Caloundra which will include two new stations at Bells Creek (Aura) and Caloundra, and a major upgrade for Beerwah station to reduce peak hour congestion and improve travel times. Delivered in partnership with the Australian Government.", "agency": "Department of Transport and Main Roads", "type": "A plan for Queensland\u2019s future", "status": 2, "qld_funding": 0, "fed_funding": 0, "local_funding": 0, "own_funding": 0, "private_funding": 0, "total_funding": 0, "region_codes": [320], "region_lga": "Sunshine Coast Regional", "region_sed": "CALOUNDRA", "region_sa4": "Sunshine Coast", "address": "", "web_link": null, "category": "other"}}, {"type": "Feature", "geometry": {"type": "Point", "coordinates": [153.0277755, -27.53104908]}, "properties": {"project_id": 45659, "name": "Third Place Group", "description": "for Moorooka Clubhouse to upgrade the outdoor facilities to provide shade to the grass area", "agency": "Department of Sport, Racing and Olympic and Paralympic Games", "type": "A plan for Queensland\u2019s future", "status": 2, "qld_funding": 100000, "fed_funding": 0, "local_funding": 0, "own_funding": 0, "private_funding": 0, "total_funding": 100000, "region_codes": [304], "region_lga": "Brisbane City", "region_sed": "MILLER", "region_sa4": "Brisbane - South", "address": "76 KOALA RD, MOOROOKA QLD 4105", "web_link": null, "category": "other"}}, {"type": "Feature", "geometry": {"type": "Point", "coordinates": [146.719053, -19.336551]}, "properties": {"project_id": 45660, "name": "Thuringowa State High School hall air conditioning", "description": "Delivering air conditioning for the multipurpose hall at Thuringowa State High School.", "agency": "Department of Education", "type": "A plan for Queensland\u2019s future", "status": 2, "qld_funding": 0, "fed_funding": 0, "local_funding": 0, "own_funding": 0, "private_funding": 0, "total_funding": 0, "region_codes": [314], "region_lga": "Townsville City", "region_sed": "THURINGOWA", "region_sa4": "Townsville", "address": "26 - 54 Vickers Road South, Condon", "web_link": null, "category": "other"}}, {"type": "Feature", "geometry": {"type": "Point", "coordinates": [152.977905, -25.9417]}, "properties": {"project_id": 45661, "name": "Tin Can Bay Men's Shed", "description": "towards new workshop equipment for the Tin Can Bay Men's Shed", "agency": "Department of Families, Seniors, Disability Services and Child Safety", "type": "A better lifestyle through a stronger economy", "status": 2, "qld_funding": 20000, "fed_funding": 0, "local_funding": 0, "own_funding": 0, "private_funding": 0, "total_funding": 20000, "region_codes": [322], "region_lga": "Gympie Regional", "region_sed": "GYMPIE", "region_sa4": "Wide Bay", "address": "4466 TIN CAN BAY RD, TIN CAN BAY QLD 4580", "web_link": null, "category": "other"}}, {"type": "Feature", "geometry": {"type": "Point", "coordinates": [151.9343488, -27.525485]}, "properties": {"project_id": 45664, "name": "Toowoomba Hospital Car Park", "description": "Additional car parking spaces will be constructed for patients, carers, visitors and staff at the new Toowoomba Hospital as part of the Hospital Rescue Plan.", "agency": "Queensland Health", "type": "Health services when you need them", "status": 2, "qld_funding": 0, "fed_funding": 0, "local_funding": 0, "own_funding": 0, "private_funding": 0, "total_funding": 0, "region_codes": [307], "region_lga": "Toowoomba Regional", "region_sed": "TOOWOOMBA NORTH", "region_sa4": "Toowoomba", "address": "Hogg Street and, Tor Street, Toowoomba City, 4350", "web_link": null, "category": "other"}}, {"type": "Feature", "geometry": {"type": "Point", "coordinates": [151.9488, -27.556538]}, "properties": {"project_id": 45665, "name": "Toowoomba North State School", "description": "to enclose an existing covered area to provide new multipurpose hall", "agency": "Department of Education", "type": "A plan for Queensland\u2019s future", "status": 2, "qld_funding": 8868000, "fed_funding": 0, "local_funding": 0, "own_funding": 0, "private_funding": 0, "total_funding": 8868000, "region_codes": [307], "region_lga": "Toowoomba Regional", "region_sed": "TOOWOOMBA NORTH", "region_sa4": "Toowoomba", "address": "Cnr Mort & Taylor Streets, Toowoomba", "web_link": null, "category": "other"}}, {"type": "Feature", "geometry": {"type": "Point", "coordinates": [151.94736931, -27.5578853]}, "properties": {"project_id": 45666, "name": "Toowoomba's Protea Place", "description": "of support to Toowoomba's Protea Place, a crucial service that assists vulnerable women on the Darling Downs.", "agency": "Queensland Treasury", "type": "A plan for Queensland\u2019s future", "status": 2, "qld_funding": 2500000, "fed_funding": 0, "local_funding": 0, "own_funding": 0, "private_funding": 0, "total_funding": 2500000, "region_codes": [307], "region_lga": "Toowoomba Regional", "region_sed": "TOOWOOMBA NORTH", "region_sa4": "Toowoomba", "address": "UNIT 1 131 RUSSELL ST, TOOWOOMBA CITY QLD 4350", "web_link": null, "category": "other"}}, {"type": "Feature", "geometry": {"type": "Point", "coordinates": [148.8221814, -28.3539244]}, "properties": {"project_id": 45671, "name": "Town beautification and tourism masterplan for Nindigully", "description": "to develop a masterplan for Nindigully that enhances tourism, improves liveability, and supports town beautification initiatives. Part of the permanent Works for Queensland Program.", "agency": "Department of Local Government, Water and Volunteers", "type": "A better lifestyle through a stronger economy", "status": 2, "qld_funding": 45000, "fed_funding": 0, "local_funding": 0, "own_funding": 0, "private_funding": 0, "total_funding": 45000, "region_codes": [318], "region_lga": "Balonne Shire", "region_sed": "WARREGO", "region_sa4": "Darling Downs - Maranoa", "address": "Hocking Street", "web_link": null, "category": "other"}}, {"type": "Feature", "geometry": {"type": "Point", "coordinates": [146.8105, -19.272275]}, "properties": {"project_id": 45675, "name": "Townsville State High School", "description": "Upgrading Townsville State High School's existing hall into a performing arts centre.", "agency": "Department of Education", "type": "A plan for Queensland\u2019s future", "status": 2, "qld_funding": 0, "fed_funding": 0, "local_funding": 0, "own_funding": 0, "private_funding": 0, "total_funding": 0, "region_codes": [314], "region_lga": "Townsville City", "region_sed": "TOWNSVILLE", "region_sa4": "Townsville", "address": "36 Boundary Street, Railway Estate", "web_link": null, "category": "other"}}, {"type": "Feature", "geometry": {"type": "Point", "coordinates": [146.7623348, -19.3206881]}, "properties": {"project_id": 45676, "name": "Townsville University Hospital car park", "description": "Fast-tracked multi-storey car park with opportunities for local builders.", "agency": "Queensland Health", "type": "Health services when you need them", "status": 2, "qld_funding": 0, "fed_funding": 0, "local_funding": 0, "own_funding": 0, "private_funding": 0, "total_funding": 0, "region_codes": [314], "region_lga": "Townsville City", "region_sed": "MUNDINGBURRA", "region_sa4": "Townsville", "address": "100 Angus Smith Drive, Douglas, 4814", "web_link": null, "category": "other"}}, {"type": "Feature", "geometry": {"type": "Point", "coordinates": [146.7623348, -19.3206881]}, "properties": {"project_id": 45677, "name": "Townsville University Hospital Expansion", "description": "The Townsville University Hospital will be expanded with at least 165 new overnight beds as part of the Hospital Rescue Plan.", "agency": "Queensland Health", "type": "Health services when you need them", "status": 2, "qld_funding": 0, "fed_funding": 0, "local_funding": 0, "own_funding": 0, "private_funding": 0, "total_funding": 0, "region_codes": [314], "region_lga": "Townsville City", "region_sed": "MUNDINGBURRA", "region_sa4": "Townsville", "address": "100 Angus Smith Drive, Douglas, 4814", "web_link": null, "category": "other"}}, {"type": "Feature", "geometry": {"type": "Point", "coordinates": [146.7623348, -19.3206881]}, "properties": {"project_id": 45678, "name": "Townsville University Hospital's HVAC System mid-life refurbishment", "description": " for the refurbishment of the Townsville\nUniversity Hospital's HVAC Systems, as part of the newly\nuplifted Timely Investment Infrastructure Maintenance\nProgram.", "agency": "Queensland Health", "type": "Health services when you need them", "status": 2, "qld_funding": 49846000, "fed_funding": 0, "local_funding": 0, "own_funding": 0, "private_funding": 0, "total_funding": 49846000, "region_codes": [314], "region_lga": "Townsville City", "region_sed": "MUNDINGBURRA", "region_sa4": "Townsville", "address": "100 Angus Smith Drive, Douglas, 4814", "web_link": null, "category": "other"}}, {"type": "Feature", "geometry": {"type": "Point", "coordinates": [146.78840698, -19.25968102]}, "properties": {"project_id": 45680, "name": "Townsville Western Suburbs Cricket Club", "description": "to deliver new cricket nets", "agency": "Department of Sport, Racing and Olympic and Paralympic Games", "type": "A plan for Queensland\u2019s future", "status": 2, "qld_funding": 50000, "fed_funding": 0, "local_funding": 0, "own_funding": 0, "private_funding": 0, "total_funding": 50000, "region_codes": [314], "region_lga": "Townsville City", "region_sed": "TOWNSVILLE", "region_sa4": "Townsville", "address": "22 HAROLD ST, WEST END QLD 4810", "web_link": null, "category": "other"}}, {"type": "Feature", "geometry": {"type": "Point", "coordinates": [153.4972059, -28.15374762]}, "properties": {"project_id": 45682, "name": "Tugun Seahawks Junior Rugby League Football Club", "description": "for a major upgrade to improve facilities at the Tugun Seahawks Rugby League Football Club", "agency": "Department of Sport, Racing and Olympic and Paralympic Games", "type": "A plan for Queensland\u2019s future", "status": 2, "qld_funding": 450000, "fed_funding": 0, "local_funding": 0, "own_funding": 0, "private_funding": 0, "total_funding": 450000, "region_codes": [309], "region_lga": "Gold Coast City", "region_sed": "CURRUMBIN", "region_sa4": "Gold Coast", "address": "48 BOYD ST, BILINGA QLD 4225", "web_link": null, "category": "other"}}, {"type": "Feature", "geometry": {"type": "Point", "coordinates": [153.4951472209015, -28.14160447733187]}, "properties": {"project_id": 45683, "name": "Tugun Surf Life Saving Club", "description": "to deliver a disability upgrade and installation of a lift providing easier access", "agency": "Department of Sport, Racing and Olympic and Paralympic Games", "type": "A plan for Queensland\u2019s future", "status": 2, "qld_funding": 250000, "fed_funding": 0, "local_funding": 0, "own_funding": 0, "private_funding": 0, "total_funding": 250000, "region_codes": [309], "region_lga": "Gold Coast City", "region_sed": "CURRUMBIN", "region_sa4": "Gold Coast", "address": "26 O'CONNOR ST, TUGUN QLD 4224", "web_link": null, "category": "other"}}, {"type": "Feature", "geometry": {"type": "Point", "coordinates": [153.14833, -27.60056]}, "properties": {"project_id": 45684, "name": "Underwood Park car park upgrades", "description": "to upgrade the car park at Underwood Park.", "agency": "Department of Local Government, Water and Volunteers", "type": "A better lifestyle through a stronger economy", "status": 2, "qld_funding": 2000000, "fed_funding": 0, "local_funding": 0, "own_funding": 0, "private_funding": 0, "total_funding": 2000000, "region_codes": [311], "region_lga": "Logan City", "region_sed": "SPRINGWOOD", "region_sa4": "Logan - Beaudesert", "address": "", "web_link": null, "category": "other"}}, {"type": "Feature", "geometry": {"type": "Point", "coordinates": [152.9533933, -27.5145218]}, "properties": {"project_id": 45685, "name": "University of Queensland Football Club", "description": "for field and lighting upgrades", "agency": "Department of Sport, Racing and Olympic and Paralympic Games", "type": "A plan for Queensland\u2019s future", "status": 2, "qld_funding": 75000, "fed_funding": 0, "local_funding": 0, "own_funding": 0, "private_funding": 0, "total_funding": 75000, "region_codes": [305], "region_lga": "Brisbane City", "region_sed": "MOGGILL", "region_sa4": "Brisbane - West", "address": "30 HEPWORTH ST, CHAPEL HILL QLD 4069", "web_link": null, "category": "other"}}, {"type": "Feature", "geometry": {"type": "Point", "coordinates": [153.25090659, -27.5260673]}, "properties": {"project_id": 45687, "name": "University of the 3rd Age (U3A) - Redlands", "description": "for the Redlands District's University of the 3rd Age (U3A) to complete building works at its Cleveland premises ", "agency": "Department of Families, Seniors, Disability Services and Child Safety", "type": "A better lifestyle through a stronger economy", "status": 2, "qld_funding": 250000, "fed_funding": 0, "local_funding": 0, "own_funding": 0, "private_funding": 0, "total_funding": 250000, "region_codes": [316], "region_lga": "Redland City", "region_sed": "OODGEROO", "region_sa4": "Brisbane - East", "address": "32-46 DELANCEY ST, CLEVELAND QLD 4163", "web_link": null, "category": "other"}}, {"type": "Feature", "geometry": {"type": "Point", "coordinates": [153.296157, -27.87057]}, "properties": {"project_id": 45699, "name": "Upper Coomera State College", "description": "Delivering enhancements to STEM and sporting facilities, as part of the $70.68 million School and Education Boost funding.", "agency": "Department of Education", "type": "A plan for Queensland\u2019s future", "status": 2, "qld_funding": 0, "fed_funding": 0, "local_funding": 0, "own_funding": 0, "private_funding": 0, "total_funding": 0, "region_codes": [309], "region_lga": "Gold Coast City", "region_sed": "THEODORE", "region_sa4": "Gold Coast", "address": "137 Reserve Road, Upper Coomera", "web_link": null, "category": "other"}}, {"type": "Feature", "geometry": {"type": "Point", "coordinates": [152.9156546, -27.4166486]}, "properties": {"project_id": 45700, "name": "Upper Kedron Minnie Street upgrade", "description": "to upgrade Upper Kedron's Minnie Street for improved safety, capacity, pedestrian, cyclist, and traffic access", "agency": "Department of Local Government, Water and Volunteers", "type": "A better lifestyle through a stronger economy", "status": 2, "qld_funding": 3900000, "fed_funding": 0, "local_funding": 0, "own_funding": 0, "private_funding": 0, "total_funding": 3900000, "region_codes": [305], "region_lga": "Brisbane City", "region_sed": "FERNY GROVE", "region_sa4": "Brisbane - West", "address": "Minnie Street", "web_link": null, "category": "other"}}, {"type": "Feature", "geometry": {"type": "Point", "coordinates": [152.917649, -27.431322]}, "properties": {"project_id": 45701, "name": "Upper Kedron to Mount Nebo Road", "description": "Changing the development conditions in Upper Kedron to allow a public-use, general traffic road connection between Upper Kedron and Mount Nebo Road", "agency": "Department of State Development, Infrastructure and Planning", "type": "A better lifestyle through a stronger economy", "status": 2, "qld_funding": 0, "fed_funding": 0, "local_funding": 0, "own_funding": 0, "private_funding": 0, "total_funding": 0, "region_codes": [305], "region_lga": "Brisbane City", "region_sed": "FERNY GROVE", "region_sa4": "Brisbane - West", "address": null, "web_link": null, "category": "other"}}, {"type": "Feature", "geometry": {"type": "Point", "coordinates": [152.8872361, -25.2811381]}, "properties": {"project_id": 45702, "name": "Urangan Pier rehabilitation works", "description": " to upgrade and replace decking boards, kerb rails,\nand carry out cathodic protection works on Urangan Pier. Part\nof the permanent Works for Queensland Program.", "agency": "Department of Local Government, Water and Volunteers", "type": "A better lifestyle through a stronger economy", "status": 2, "qld_funding": 1430000, "fed_funding": 0, "local_funding": 0, "own_funding": 0, "private_funding": 0, "total_funding": 1430000, "region_codes": [322], "region_lga": "Fraser Coast Regional", "region_sed": "HERVEY BAY", "region_sa4": "Wide Bay", "address": "Esplanade", "web_link": null, "category": "other"}}, {"type": "Feature", "geometry": {"type": "Point", "coordinates": [153.240298, -27.637745]}, "properties": {"project_id": 45704, "name": "Valley Way-Mount Cotton Road Intersection", "description": "Delivering essential upgrades to the Valley Way-Mount Cotton Road intersection", "agency": "Department of Transport and Main Roads", "type": "A plan for Queensland\u2019s future", "status": 2, "qld_funding": 0, "fed_funding": 0, "local_funding": 0, "own_funding": 0, "private_funding": 0, "total_funding": 0, "region_codes": [316], "region_lga": "Redland City", "region_sed": "SPRINGWOOD", "region_sa4": "Brisbane - East", "address": null, "web_link": null, "category": "other"}}, {"type": "Feature", "geometry": {"type": "Point", "coordinates": [153.411699, -28.078149]}, "properties": {"project_id": 45705, "name": "Varsity College", "description": "to improve sun safety", "agency": "Department of Education", "type": "A plan for Queensland\u2019s future", "status": 2, "qld_funding": 150000, "fed_funding": 0, "local_funding": 0, "own_funding": 0, "private_funding": 0, "total_funding": 150000, "region_codes": [309], "region_lga": "Gold Coast City", "region_sed": "MERMAID BEACH", "region_sa4": "Gold Coast", "address": "198 Varsity Parade, Varsity Lakes", "web_link": null, "category": "other"}}, {"type": "Feature", "geometry": {"type": "Point", "coordinates": [153.41922, -28.098082]}, "properties": {"project_id": 45706, "name": "Varsity Lakes Community Resource Centre - Support Beyond Barriers program", "description": "for the Varsity Lakes Community Resource Centre to deliver the Support Beyond Barriers program.", "agency": "Department of Families, Seniors, Disability Services and Child Safety", "type": "A better lifestyle through a stronger economy", "status": 2, "qld_funding": 240000, "fed_funding": 0, "local_funding": 0, "own_funding": 0, "private_funding": 0, "total_funding": 240000, "region_codes": [309], "region_lga": "Gold Coast City", "region_sed": "BURLEIGH", "region_sa4": "Gold Coast", "address": null, "web_link": null, "category": "other"}}, {"type": "Feature", "geometry": {"type": "Point", "coordinates": [153.1323457, -26.80564505]}, "properties": {"project_id": 45711, "name": "Virtues Improving Relational Behaviours (VIRB) Education Hub", "description": "over four years for the VIRB Education Hub in Caloundra to support students who are disengaged, or at risk of disengaging, from education", "agency": "Department of Education", "type": "A plan for Queensland\u2019s future", "status": 2, "qld_funding": 520000, "fed_funding": 0, "local_funding": 0, "own_funding": 0, "private_funding": 0, "total_funding": 520000, "region_codes": [320], "region_lga": "Sunshine Coast Regional", "region_sed": "CALOUNDRA", "region_sa4": "Sunshine Coast", "address": "30 MINCHINTON ST, CALOUNDRA QLD 4551", "web_link": null, "category": "other"}}, {"type": "Feature", "geometry": {"type": "Point", "coordinates": [150.53630274, -23.35009151]}, "properties": {"project_id": 45713, "name": "Walk n Talk", "description": " to support Rockhampton men's health charity Walk N Talk, to create a hub for their mental health support services.", "agency": "Queensland Treasury", "type": "A plan for Queensland\u2019s future", "status": 2, "qld_funding": 200000, "fed_funding": 0, "local_funding": 0, "own_funding": 0, "private_funding": 0, "total_funding": 200000, "region_codes": [306], "region_lga": "Rockhampton Regional", "region_sed": "ROCKHAMPTON", "region_sa4": "Central Queensland", "address": "347-351 DEAN ST, FRENCHVILLE QLD 4701", "web_link": null, "category": "other"}}, {"type": "Feature", "geometry": {"type": "Point", "coordinates": [151.2020278, -26.54611111]}, "properties": {"project_id": 45714, "name": "Wambo Wind Farm Stage 1 & 2", "description": "Progressing the 506.2 megawatt Wambo Wind Farm with Cubico Sustainable Investments.", "agency": "Stanwell Corporation Limited", "type": "A better lifestyle through a stronger economy", "status": 2, "qld_funding": 0, "fed_funding": 0, "local_funding": 0, "own_funding": 0, "private_funding": 0, "total_funding": 0, "region_codes": [307], "region_lga": "Western Downs Regional", "region_sed": "CALLIDE", "region_sa4": "Darling Downs - Maranoa", "address": "", "web_link": null, "category": "other"}}, {"type": "Feature", "geometry": {"type": "Point", "coordinates": [151.9362704, -28.6544985]}, "properties": {"project_id": 45715, "name": "Warwick and Stanthorpe Safe City CCTV networks upgrades", "description": "to replace CCTV cameras and supporting infrastructure in the Warwick CBD and the Stanthorpe CBD", "agency": "Department of Local Government, Water and Volunteers", "type": "A better lifestyle through a stronger economy", "status": 2, "qld_funding": 300000, "fed_funding": 0, "local_funding": 0, "own_funding": 0, "private_funding": 0, "total_funding": 300000, "region_codes": [319], "region_lga": "Southern Downs Regional", "region_sed": "SOUTHERN DOWNS", "region_sa4": "Darling Downs - Maranoa", "address": "131 High Street", "web_link": null, "category": "other"}}, {"type": "Feature", "geometry": {"type": "Point", "coordinates": [152.038562, -28.214791]}, "properties": {"project_id": 45716, "name": "Warwick East State School", "description": "for school playground and tuckshop upgrades.", "agency": "Department of Education", "type": "A plan for Queensland\u2019s future", "status": 2, "qld_funding": 104000, "fed_funding": 0, "local_funding": 0, "own_funding": 0, "private_funding": 0, "total_funding": 104000, "region_codes": [319], "region_lga": "Southern Downs Regional", "region_sed": "SOUTHERN DOWNS", "region_sa4": "Darling Downs - Maranoa", "address": "45 Fitzroy Street, Warwick", "web_link": null, "category": "other"}}, {"type": "Feature", "geometry": {"type": "Point", "coordinates": [152.0324119, -28.2110867]}, "properties": {"project_id": 45717, "name": "Warwick Indoor Recreation and Aquatic Centre filtration system replacement", "description": "to replace the Warwick Indoor Recreation and Aquatic Centre filtration system", "agency": "Department of Local Government, Water and Volunteers", "type": "A better lifestyle through a stronger economy", "status": 2, "qld_funding": 2000000, "fed_funding": 0, "local_funding": 0, "own_funding": 0, "private_funding": 0, "total_funding": 2000000, "region_codes": [319], "region_lga": "Southern Downs Regional", "region_sed": "SOUTHERN DOWNS", "region_sa4": "Darling Downs - Maranoa", "address": "29 Palmerin Street", "web_link": null, "category": "other"}}, {"type": "Feature", "geometry": {"type": "Point", "coordinates": [152.03134055, -28.21427975]}, "properties": {"project_id": 45718, "name": "Warwick police facility upgrade", "description": "for the upgrade of the police facility at Warwick.", "agency": "Queensland Police Service", "type": "Safety where you live", "status": 2, "qld_funding": 21000000, "fed_funding": 0, "local_funding": 0, "own_funding": 0, "private_funding": 0, "total_funding": 21000000, "region_codes": [319], "region_lga": "Southern Downs Regional", "region_sed": "SOUTHERN DOWNS", "region_sa4": "Darling Downs - Maranoa", "address": "86 FITZROY ST, WARWICK QLD 4370", "web_link": null, "category": "other"}}, {"type": "Feature", "geometry": {"type": "Point", "coordinates": [152.0359886, -28.23770756]}, "properties": {"project_id": 45719, "name": "Warwick Saleyards upgrades", "description": "to build fencing for holding paddocks, fit out a new sheep office, install a vegetation buffer, upgrade entrance signs and extend sheep fencing", "agency": "Department of Local Government, Water and Volunteers", "type": "A better lifestyle through a stronger economy", "status": 2, "qld_funding": 795000, "fed_funding": 0, "local_funding": 0, "own_funding": 0, "private_funding": 0, "total_funding": 795000, "region_codes": [319], "region_lga": "Southern Downs Regional", "region_sed": "SOUTHERN DOWNS", "region_sa4": "Darling Downs - Maranoa", "address": "191 McEvoy Street", "web_link": null, "category": "other"}}, {"type": "Feature", "geometry": {"type": "Point", "coordinates": [152.03353, -28.210316]}, "properties": {"project_id": 45720, "name": "Warwick State High School", "description": " for a replacement amenities block.", "agency": "Department of Education", "type": "A plan for Queensland\u2019s future", "status": 2, "qld_funding": 700000, "fed_funding": 0, "local_funding": 0, "own_funding": 0, "private_funding": 0, "total_funding": 700000, "region_codes": [319], "region_lga": "Southern Downs Regional", "region_sed": "SOUTHERN DOWNS", "region_sa4": "Darling Downs - Maranoa", "address": "Palmerin Street, Warwick", "web_link": null, "category": "other"}}, {"type": "Feature", "geometry": {"type": "Point", "coordinates": [152.0069952, -28.2240988]}, "properties": {"project_id": 45721, "name": "Warwick Water Treatment Plant distribution centre upgrade ", "description": "to replace sections of water mains and upgrade the distribution centre at Warwick Water Treatment Plant to improve network control and reliability", "agency": "Department of Local Government, Water and Volunteers", "type": "A better lifestyle through a stronger economy", "status": 2, "qld_funding": 175000, "fed_funding": 0, "local_funding": 0, "own_funding": 0, "private_funding": 0, "total_funding": 175000, "region_codes": [319], "region_lga": "Southern Downs Regional", "region_sed": "SOUTHERN DOWNS", "region_sa4": "Darling Downs - Maranoa", "address": "20-28 Willi Street", "web_link": null, "category": "other"}}, {"type": "Feature", "geometry": {"type": "Point", "coordinates": [152.03000364, -28.21427349]}, "properties": {"project_id": 45722, "name": "Warwick's WillowTree 37", "description": "for WillowTree 37 in Warwick to support vulnerable women in the Darling Downs.", "agency": "Department of Families, Seniors, Disability Services and Child Safety", "type": "A better lifestyle through a stronger economy", "status": 2, "qld_funding": 0, "fed_funding": 0, "local_funding": 0, "own_funding": 1040000, "private_funding": 0, "total_funding": 1040000, "region_codes": [319], "region_lga": "Southern Downs Regional", "region_sed": "SOUTHERN DOWNS", "region_sa4": "Darling Downs - Maranoa", "address": "37-39A GUY ST, WARWICK QLD 4370", "web_link": null, "category": "other"}}, {"type": "Feature", "geometry": {"type": "Point", "coordinates": [152.69836, -27.68315]}, "properties": {"project_id": 45724, "name": "Water for Warrill Irrigation Project - Detailed Business Case", "description": "to advance the delivery of a detailed business case (DBC) for the Water for Warrill Irrigation project.", "agency": "Department of Local Government, Water and Volunteers", "type": "A better lifestyle through a stronger economy", "status": 2, "qld_funding": 1000000, "fed_funding": 0, "local_funding": 0, "own_funding": 0, "private_funding": 0, "total_funding": 1000000, "region_codes": [310], "region_lga": "Ipswich City", "region_sed": "SCENIC RIM", "region_sa4": "Ipswich", "address": "", "web_link": null, "category": "other"}}, {"type": "Feature", "geometry": {"type": "Point", "coordinates": [153.037896, -27.39007]}, "properties": {"project_id": 45726, "name": "Wavell Heights State School", "description": "to upgrade fencing and security facilities", "agency": "Department of Education", "type": "A plan for Queensland\u2019s future", "status": 2, "qld_funding": 1250000, "fed_funding": 0, "local_funding": 0, "own_funding": 0, "private_funding": 0, "total_funding": 1250000, "region_codes": [303], "region_lga": "Brisbane City", "region_sed": "STAFFORD", "region_sa4": "Brisbane - North", "address": "", "web_link": null, "category": "other"}}, {"type": "Feature", "geometry": {"type": "Point", "coordinates": [153.240337, -27.465953]}, "properties": {"project_id": 45728, "name": "Wellington Point Reserve", "description": "Delivering a business case for upgrades to Wellington Point Reserve, enhancing marine safety, protecting the boat ramp from strong winds, and supporting crime prevention", "agency": "Department of Local Government, Water and Volunteers", "type": "A better lifestyle through a stronger economy", "status": 2, "qld_funding": 0, "fed_funding": 0, "local_funding": 0, "own_funding": 0, "private_funding": 0, "total_funding": 0, "region_codes": [316], "region_lga": "Redland City", "region_sed": "OODGEROO", "region_sa4": "Brisbane - East", "address": null, "web_link": null, "category": "other"}}, {"type": "Feature", "geometry": {"type": "Point", "coordinates": [149.06465644403198, -21.156679323803612]}, "properties": {"project_id": 45731, "name": "Western Suburbs Rugby League Football Club (Mackay)", "description": "for four new change rooms, accessible toilets, parents' room and viewing platform, including four multi-purpose courts with lighting", "agency": "Department of Sport, Racing and Olympic and Paralympic Games", "type": "A plan for Queensland\u2019s future", "status": 2, "qld_funding": 3125000, "fed_funding": 0, "local_funding": 0, "own_funding": 0, "private_funding": 0, "total_funding": 3125000, "region_codes": [312], "region_lga": "Mackay Regional", "region_sed": "MIRANI", "region_sa4": "Mackay - Isaac - Whitsunday", "address": "9 BRANSCOMBE RD, WALKERSTON QLD 4751", "web_link": null, "category": "other"}}, {"type": "Feature", "geometry": {"type": "Point", "coordinates": [152.9776, -27.586882]}, "properties": {"project_id": 45732, "name": "Western Suburbs State Special School", "description": "to deliver a new administration and learning centre", "agency": "Department of Education", "type": "A plan for Queensland\u2019s future", "status": 2, "qld_funding": 33298000, "fed_funding": 0, "local_funding": 0, "own_funding": 0, "private_funding": 0, "total_funding": 33298000, "region_codes": [304], "region_lga": "Brisbane City", "region_sed": "INALA", "region_sa4": "Ipswich", "address": "68-78 Glenala Road, Inala", "web_link": null, "category": "other"}}, {"type": "Feature", "geometry": {"type": "Point", "coordinates": [151.04146, -28.482353]}, "properties": {"project_id": 45733, "name": "Whetstone rural fire brigade station", "description": " for the replacement of the rural fire brigade station in Whetstone.", "agency": "Queensland Fire Department", "type": "Safety where you live", "status": 2, "qld_funding": 700000, "fed_funding": 0, "local_funding": 0, "own_funding": 0, "private_funding": 0, "total_funding": 700000, "region_codes": [319], "region_lga": "Goondiwindi Regional", "region_sed": "SOUTHERN DOWNS", "region_sa4": "Darling Downs - Maranoa", "address": "Lot 310 BOGGABILLA LANE, GOONDIWINDI QLD 4390", "web_link": null, "category": "other"}}, {"type": "Feature", "geometry": {"type": "Point", "coordinates": [145.728888, -16.911859]}, "properties": {"project_id": 45734, "name": "Whitfield State School", "description": "Delivery of a performing arts and music centre, as part of the $70.68 million School and Education Boost funding", "agency": "Department of Education", "type": "A plan for Queensland\u2019s future", "status": 2, "qld_funding": 0, "fed_funding": 0, "local_funding": 0, "own_funding": 0, "private_funding": 0, "total_funding": 0, "region_codes": [308], "region_lga": "Cairns Regional", "region_sed": "CAIRNS", "region_sa4": "Cairns", "address": "42-74 McManus Street, Whitfield", "web_link": null, "category": "other"}}, {"type": "Feature", "geometry": {"type": "Point", "coordinates": [152.436346, -26.202675]}, "properties": {"project_id": 45738, "name": "Widgee District Hall", "description": "Supporting residents of all abilities by delivering accessibility upgrades at the Widgee District Hall.?", "agency": "Department of Local Government, Water and Volunteers", "type": "A better lifestyle through a stronger economy", "status": 2, "qld_funding": 0, "fed_funding": 0, "local_funding": 0, "own_funding": 0, "private_funding": 0, "total_funding": 0, "region_codes": [322], "region_lga": "Gympie Regional", "region_sed": "GYMPIE", "region_sa4": "Wide Bay", "address": "", "web_link": null, "category": "other"}}, {"type": "Feature", "geometry": {"type": "Point", "coordinates": [150.5077868, -28.0867294]}, "properties": {"project_id": 45739, "name": "Wild dog barrier fence renewal works - Goondiwindi Regional", "description": "to replace 41 km of wild dog barrier fence using durable dog netting and steel fittings across challenging terrain in Goondiwindi Region", "agency": "Department of Local Government, Water and Volunteers", "type": "A better lifestyle through a stronger economy", "status": 2, "qld_funding": 1050000, "fed_funding": 0, "local_funding": 0, "own_funding": 0, "private_funding": 0, "total_funding": 1050000, "region_codes": [319], "region_lga": "Goondiwindi Regional", "region_sed": "SOUTHERN DOWNS", "region_sa4": "Darling Downs - Maranoa", "address": "yagaburne boondandilla road", "web_link": null, "category": "other"}}, {"type": "Feature", "geometry": {"type": "Point", "coordinates": [153.42435, -27.960469]}, "properties": {"project_id": 45740, "name": "Wildlife Hospital - Marine Hospital at Sea World", "description": "for the Marine Hospital at Sea World on the Gold Coast to support Queensland's precious wildlife.", "agency": "Department of the Environment, Tourism, Science and Innovation", "type": "A plan for Queensland\u2019s future", "status": 2, "qld_funding": 10000000, "fed_funding": 0, "local_funding": 0, "own_funding": 0, "private_funding": 0, "total_funding": 10000000, "region_codes": [309], "region_lga": "Gold Coast City", "region_sed": "SURFERS PARADISE", "region_sa4": "Gold Coast", "address": null, "web_link": null, "category": "other"}}, {"type": "Feature", "geometry": {"type": "Point", "coordinates": [153.220389, -27.54759]}, "properties": {"project_id": 45741, "name": "Wildlife Hospital - RSPCA Wildlife Hospital", "description": "for the RSPCA Wildlife Hospital, Redlands IndigiScapes Centre Precinct in Capalaba.", "agency": "Department of the Environment, Tourism, Science and Innovation", "type": "A plan for Queensland\u2019s future", "status": 2, "qld_funding": 12000000, "fed_funding": 0, "local_funding": 0, "own_funding": 0, "private_funding": 0, "total_funding": 12000000, "region_codes": [316], "region_lga": "Redland City", "region_sed": "CAPALABA", "region_sa4": "Brisbane - East", "address": null, "web_link": null, "category": "other"}}, {"type": "Feature", "geometry": {"type": "Point", "coordinates": [153.01985, -27.41498]}, "properties": {"project_id": 45742, "name": "Wilston-Grange Australian Football Club", "description": "to deliver behind-goal netting for the Grange Gorillas", "agency": "Department of Sport, Racing and Olympic and Paralympic Games", "type": "A plan for Queensland\u2019s future", "status": 2, "qld_funding": 200000, "fed_funding": 0, "local_funding": 0, "own_funding": 0, "private_funding": 0, "total_funding": 200000, "region_codes": [303], "region_lga": "Brisbane City", "region_sed": "STAFFORD", "region_sa4": "Brisbane - North", "address": "35 Babarra Street, Stafford, Queensland, 4053, Australia", "web_link": null, "category": "other"}}, {"type": "Feature", "geometry": {"type": "Point", "coordinates": [153.094536, -27.549592]}, "properties": {"project_id": 45743, "name": "Wishart State School", "description": "to deliver a multipurpose court and ramp", "agency": "Department of Education", "type": "A plan for Queensland\u2019s future", "status": 2, "qld_funding": 4364000, "fed_funding": 0, "local_funding": 0, "own_funding": 0, "private_funding": 0, "total_funding": 4364000, "region_codes": [304], "region_lga": "Brisbane City", "region_sed": "MANSFIELD", "region_sa4": "Brisbane - South", "address": "", "web_link": null, "category": "other"}}, {"type": "Feature", "geometry": {"type": "Point", "coordinates": [151.87333429, -26.31771367]}, "properties": {"project_id": 45745, "name": "Wondai Regional Art Gallery Inc", "description": "for Wondai Art Gallery for additional undercover\ninfrastructure to improve accessibility to the facility.", "agency": "Arts Queensland", "type": "A better lifestyle through a stronger economy", "status": 2, "qld_funding": 100000, "fed_funding": 0, "local_funding": 0, "own_funding": 0, "private_funding": 0, "total_funding": 100000, "region_codes": [307], "region_lga": "South Burnett Regional", "region_sed": "NANANGO", "region_sa4": "Wide Bay", "address": "40 HALY ST, WONDAI QLD 4606", "web_link": null, "category": "other"}}, {"type": "Feature", "geometry": {"type": "Point", "coordinates": [152.780676, -26.961775]}, "properties": {"project_id": 45746, "name": "Woodford State School", "description": "to upgrade the existing senior playground", "agency": "Department of Education", "type": "A plan for Queensland\u2019s future", "status": 2, "qld_funding": 595000, "fed_funding": 0, "local_funding": 0, "own_funding": 0, "private_funding": 0, "total_funding": 595000, "region_codes": [313], "region_lga": "Moreton Bay City", "region_sed": "GLASS HOUSE", "region_sa4": "Moreton Bay - North", "address": "171 Archer Street, Woodford", "web_link": null, "category": "other"}}, {"type": "Feature", "geometry": {"type": "Point", "coordinates": [149.1738011, -21.0893779]}, "properties": {"project_id": 45748, "name": "Woodlands District Park change facility, playground and carpark installation.", "description": " to install an adult change facility, playground and car park as part of the Woodlands District Park stage 1 phase 3 upgrades. Part of the permanent Works for \nQueensland Program.\"", "agency": "Department of Local Government, Water and Volunteers", "type": "A better lifestyle through a stronger economy", "status": 2, "qld_funding": 1130000, "fed_funding": 0, "local_funding": 0, "own_funding": 0, "private_funding": 0, "total_funding": 1130000, "region_codes": [312], "region_lga": "Mackay Regional", "region_sed": "MACKAY", "region_sa4": "Mackay - Isaac - Whitsunday", "address": "Broomdykes Dr", "web_link": null, "category": "other"}}, {"type": "Feature", "geometry": {"type": "Point", "coordinates": [152.973825, -26.667791]}, "properties": {"project_id": 45749, "name": "Woombye State School", "description": "Delivering accessibility upgrades to school entrance, as part of the $70.68 million School and Education Boost funding.", "agency": "Department of Education", "type": "A plan for Queensland\u2019s future", "status": 2, "qld_funding": 0, "fed_funding": 0, "local_funding": 0, "own_funding": 0, "private_funding": 0, "total_funding": 0, "region_codes": [320], "region_lga": "Sunshine Coast Regional", "region_sed": "NICKLIN", "region_sa4": "Sunshine Coast", "address": "95 Pine Grove Road, Woombye", "web_link": null, "category": "other"}}, {"type": "Feature", "geometry": {"type": "Point", "coordinates": [153.319385, -27.745145]}, "properties": {"project_id": 45750, "name": "Woongoolba State School", "description": "to deliver new furniture and playground upgrades", "agency": "Department of Education", "type": "A plan for Queensland\u2019s future", "status": 2, "qld_funding": 437000, "fed_funding": 0, "local_funding": 0, "own_funding": 0, "private_funding": 0, "total_funding": 437000, "region_codes": [309], "region_lga": "Gold Coast City", "region_sed": "COOMERA", "region_sa4": "Gold Coast", "address": "1219 Jacobs Well Road, Woongoolba", "web_link": null, "category": "other"}}, {"type": "Feature", "geometry": {"type": "Point", "coordinates": [149.4528298, -24.1329413]}, "properties": {"project_id": 45751, "name": "Woorabinda Multipurpose Health Service", "description": "to provide an increase from four residential aged care beds to 14 in a new facility, including upgraded/new laundry facilities and kitchen.", "agency": "Queensland Health", "type": "Health services when you need them", "status": 2, "qld_funding": 22941000, "fed_funding": 0, "local_funding": 0, "own_funding": 0, "private_funding": 0, "total_funding": 22941000, "region_codes": [306], "region_lga": "Woorabinda Aboriginal Shire", "region_sed": "GREGORY", "region_sa4": "Central Queensland", "address": "1 Munns Drive Via Duaringa, Woorabinda, 4713", "web_link": null, "category": "other"}}, {"type": "Feature", "geometry": {"type": "Point", "coordinates": [150.377707, -28.278885]}, "properties": {"project_id": 45754, "name": "Wyaga Creek Floodway", "description": "Improving safety and flood immunity on the Gore Highway upgrades to the Wyaga Creek floodway (jointly funded with the Australian Government).", "agency": "Department of Transport and Main Roads", "type": "A plan for Queensland\u2019s future", "status": 2, "qld_funding": 0, "fed_funding": 0, "local_funding": 0, "own_funding": 0, "private_funding": 0, "total_funding": 0, "region_codes": [319], "region_lga": "Goondiwindi Regional", "region_sed": "SOUTHERN DOWNS", "region_sa4": "Darling Downs - Maranoa", "address": "", "web_link": null, "category": "other"}}, {"type": "Feature", "geometry": {"type": "Point", "coordinates": [146.1142253, -27.3280856]}, "properties": {"project_id": 45755, "name": "Wyandra playground upgrade", "description": "to design and upgrade the Wyandra playground with landscaping, refurbishment of equipment, and installation of new playground facilities. Part of the permanent Works for Queensland Program.", "agency": "Department of Local Government, Water and Volunteers", "type": "A better lifestyle through a stronger economy", "status": 2, "qld_funding": 50000, "fed_funding": 0, "local_funding": 0, "own_funding": 0, "private_funding": 0, "total_funding": 50000, "region_codes": [318], "region_lga": "Paroo Shire", "region_sed": "WARREGO", "region_sa4": "Queensland - Outback", "address": "Wyandra", "web_link": null, "category": "other"}}, {"type": "Feature", "geometry": {"type": "Point", "coordinates": [153.17227121, -27.44399997]}, "properties": {"project_id": 45756, "name": "Wynnum Community Place", "description": "for Wynnum Community Place to support five-day-a-week operations and provide emergency and other relief to the people of Lytton", "agency": "Department of Families, Seniors, Disability Services and Child Safety", "type": "A better lifestyle through a stronger economy", "status": 2, "qld_funding": 500000, "fed_funding": 0, "local_funding": 0, "own_funding": 0, "private_funding": 0, "total_funding": 500000, "region_codes": [302], "region_lga": "Brisbane City", "region_sed": "LYTTON", "region_sa4": "Brisbane - East", "address": "105 FLORENCE ST, WYNNUM QLD 4178", "web_link": null, "category": "other"}}, {"type": "Feature", "geometry": {"type": "Point", "coordinates": [152.9245131, -27.52277235]}, "properties": {"project_id": 45757, "name": "Yarawa Pony Club", "description": "for club infrastructure and equipment upgrades", "agency": "Department of Sport, Racing and Olympic and Paralympic Games", "type": "A plan for Queensland\u2019s future", "status": 2, "qld_funding": 50000, "fed_funding": 0, "local_funding": 0, "own_funding": 0, "private_funding": 0, "total_funding": 50000, "region_codes": [305], "region_lga": "Brisbane City", "region_sed": "MOGGILL", "region_sa4": "Brisbane - West", "address": "40 YARAWA ST, KENMORE QLD 4069", "web_link": null, "category": "other"}}, {"type": "Feature", "geometry": {"type": "Point", "coordinates": [145.8773, -16.932015]}, "properties": {"project_id": 45758, "name": "Yarrabah Helipad", "description": "Relocating the helipad adjacent to the local health service which will provide easier access to health services for the people of Yarrabah.", "agency": "Queensland Health", "type": "Health services when you need them", "status": 2, "qld_funding": 0, "fed_funding": 0, "local_funding": 0, "own_funding": 0, "private_funding": 0, "total_funding": 0, "region_codes": [308], "region_lga": "Yarrabah Aboriginal Shire", "region_sed": "MULGRAVE", "region_sa4": "Cairns", "address": "", "web_link": null, "category": "other"}}, {"type": "Feature", "geometry": {"type": "Point", "coordinates": [145.865235, -16.90749]}, "properties": {"project_id": 45759, "name": "Yarrabah Hospital Parking Upgrade", "description": "to improve parking outside Yarrabah Hospital enhance safety around the precinct.", "agency": "Queensland Health", "type": "Health services when you need them", "status": 2, "qld_funding": 4000000, "fed_funding": 0, "local_funding": 0, "own_funding": 0, "private_funding": 0, "total_funding": 4000000, "region_codes": [308], "region_lga": "Yarrabah Aboriginal Shire", "region_sed": "MULGRAVE", "region_sa4": "Cairns", "address": "1 Bukki Road, Yarrahbah, QLD, 4871", "web_link": null, "category": "other"}}, {"type": "Feature", "geometry": {"type": "Point", "coordinates": [145.868658, -16.906895]}, "properties": {"project_id": 45760, "name": "Yarrabah multipurpose facility ", "description": "Delivering a business case, planning and design works for a new multipurpose indoor facility in Yarrabah which could be used as a refuge centre during natural disasters and to host local indoor sport.", "agency": "Department of Local Government, Water and Volunteers", "type": "A better lifestyle through a stronger economy", "status": 2, "qld_funding": 0, "fed_funding": 0, "local_funding": 0, "own_funding": 0, "private_funding": 0, "total_funding": 0, "region_codes": [308], "region_lga": "Yarrabah Aboriginal Shire", "region_sed": "MULGRAVE", "region_sa4": "Cairns", "address": "", "web_link": null, "category": "other"}}, {"type": "Feature", "geometry": {"type": "Point", "coordinates": [138.8237614, -17.9421583]}, "properties": {"project_id": 45761, "name": "Yellagundgimarra Hospital Doomadgee", "description": "Progression of the planning stage for the Yellagundgimarra Hospital Doomadgee as part of the Hospital Rescue Plan.", "agency": "Queensland Health", "type": "Health services when you need them", "status": 2, "qld_funding": 0, "fed_funding": 0, "local_funding": 0, "own_funding": 0, "private_funding": 0, "total_funding": 0, "region_codes": [315], "region_lga": "Doomadgee Aboriginal Shire", "region_sed": "TRAEGER", "region_sa4": "Queensland - Outback", "address": "Sharpe Street, Doomadgee, 4830", "web_link": null, "category": "other"}}, {"type": "Feature", "geometry": {"type": "Point", "coordinates": [150.7067897, -23.1566577]}, "properties": {"project_id": 45762, "name": "Yeppoon landfill expansion", "description": "to construct Stage 3 of the Yeppoon landfill to provide an additional 12 years of waste capacity and support long-term regional waste management needs.", "agency": "Department of Local Government, Water and Volunteers", "type": "A better lifestyle through a stronger economy", "status": 2, "qld_funding": 4180000, "fed_funding": 0, "local_funding": 0, "own_funding": 0, "private_funding": 0, "total_funding": 4180000, "region_codes": [306], "region_lga": "Livingstone Shire", "region_sed": "KEPPEL", "region_sa4": "Central Queensland", "address": "2745 Yeppoon Road", "web_link": null, "category": "other"}}, {"type": "Feature", "geometry": {"type": "Point", "coordinates": [153.0195565, -27.5191602]}, "properties": {"project_id": 45763, "name": "Yeronga Child and Youth Community Health Hub", "description": "for the establishment of a new integrated Child and Youth Community Health Hub in Yeronga to provide appropriate integrated child, youth and family services.", "agency": "Queensland Health", "type": "Health services when you need them", "status": 2, "qld_funding": 7835000, "fed_funding": 0, "local_funding": 0, "own_funding": 0, "private_funding": 0, "total_funding": 7835000, "region_codes": [304], "region_lga": "Brisbane City", "region_sed": "MILLER", "region_sa4": "Brisbane - South", "address": "Park Rd, Yeronga QLD 4104", "web_link": null, "category": "other"}}, {"type": "Feature", "geometry": {"type": "Point", "coordinates": [145.716097, -16.802703]}, "properties": {"project_id": 45764, "name": "Yorkeys Knob Rock Groyne", "description": "Building a rock groyne at Yorkeys Knob to reduce sediment flow from the Half Moon River, protecting the Bluewater and Yorkeys Knob marinas.", "agency": "Department of Transport and Main Roads", "type": "A plan for Queensland\u2019s future", "status": 2, "qld_funding": 0, "fed_funding": 0, "local_funding": 0, "own_funding": 0, "private_funding": 0, "total_funding": 0, "region_codes": [308], "region_lga": "Cairns Regional", "region_sed": "BARRON RIVER", "region_sa4": null, "address": "", "web_link": null, "category": "other"}}, {"type": "Feature", "geometry": {"type": "Point", "coordinates": [153.01863, -27.47252]}, "properties": {"project_id": 90000001, "name": "Queensland Cultural Centre critical infrastructure works - Stage 2", "description": "Stage 2 of urgent and unavoidable critical infrastructure renewal works at the Queensland Cultural Centre.", "agency": "Arts Queensland", "type": "Recreation & Culture", "status": null, "qld_funding": 0, "fed_funding": 0, "local_funding": 0, "own_funding": 0, "private_funding": 0, "total_funding": 16200000, "region_codes": [305], "region_lga": null, "region_sed": null, "region_sa4": null, "address": null, "web_link": null, "category": "capital"}}, {"type": "Feature", "geometry": {"type": "Point", "coordinates": [153.01863, -27.47252]}, "properties": {"project_id": 90000002, "name": "Arts Infrastructure Investment Fund - Stage 2", "description": "Delivery of priority infrastructure projects across state-owned arts and cultural facilities.", "agency": "Arts Queensland", "type": "Recreation & Culture", "status": null, "qld_funding": 0, "fed_funding": 0, "local_funding": 0, "own_funding": 0, "private_funding": 0, "total_funding": 850000, "region_codes": [305], "region_lga": null, "region_sed": null, "region_sa4": null, "address": null, "web_link": null, "category": "capital"}}, {"type": "Feature", "geometry": {"type": "Point", "coordinates": [153.01963, -27.47531]}, "properties": {"project_id": 90000003, "name": "New Performing Arts Venue at QPAC", "description": "State commitment towards the delivery of a new $184 million state-of-the-art theatre at the Queensland Performing Arts Centre.", "agency": "Arts Queensland", "type": "Recreation & Culture", "status": null, "qld_funding": 0, "fed_funding": 0, "local_funding": 0, "own_funding": 0, "private_funding": 0, "total_funding": 7463000, "region_codes": [305], "region_lga": null, "region_sed": null, "region_sa4": null, "address": null, "web_link": null, "category": "capital"}}, {"type": "Feature", "geometry": {"type": "Point", "coordinates": [153.01863, -27.47252]}, "properties": {"project_id": 90000004, "name": "Queensland Cultural Centre \u2013 Capital works, asset upgrades and refurbishment projects", "description": "For capital asset renewal works, compliance and safety improvements and amenities upgrades across the Queensland Cultural Centre.", "agency": "Arts Queensland", "type": "Recreation & Culture", "status": null, "qld_funding": 0, "fed_funding": 0, "local_funding": 0, "own_funding": 0, "private_funding": 0, "total_funding": 26871000, "region_codes": [305], "region_lga": null, "region_sed": null, "region_sa4": null, "address": null, "web_link": null, "category": "capital"}}, {"type": "Feature", "geometry": {"type": "Point", "coordinates": [153.01863, -27.47252]}, "properties": {"project_id": 90000005, "name": "Queensland Cultural Centre \u2013 Security upgrades", "description": "Delivery of security enhancement measures across the Queensland Cultural Centre.", "agency": "Arts Queensland", "type": "Recreation & Culture", "status": null, "qld_funding": 0, "fed_funding": 0, "local_funding": 0, "own_funding": 0, "private_funding": 0, "total_funding": 2000000, "region_codes": [305], "region_lga": null, "region_sed": null, "region_sa4": null, "address": null, "web_link": null, "category": "capital"}}, {"type": "Feature", "geometry": {"type": "Point", "coordinates": [153.01722, -27.4714]}, "properties": {"project_id": 90000006, "name": "Information technology equipment", "description": "Information technology equipment replacements at the State Library of Queensland.", "agency": "Library Board of Queensland", "type": "Recreation & Culture", "status": null, "qld_funding": 0, "fed_funding": 0, "local_funding": 0, "own_funding": 0, "private_funding": 0, "total_funding": 638000, "region_codes": [305], "region_lga": null, "region_sed": null, "region_sa4": null, "address": null, "web_link": null, "category": "capital"}}, {"type": "Feature", "geometry": {"type": "Point", "coordinates": [153.01722, -27.4714]}, "properties": {"project_id": 90000007, "name": "Information collection", "description": "Information collection additions at the State Library of Queensland.", "agency": "Library Board of Queensland", "type": "Recreation & Culture", "status": null, "qld_funding": 0, "fed_funding": 0, "local_funding": 0, "own_funding": 0, "private_funding": 0, "total_funding": 349000, "region_codes": [305], "region_lga": null, "region_sed": null, "region_sa4": null, "address": null, "web_link": null, "category": "capital"}}, {"type": "Feature", "geometry": {"type": "Point", "coordinates": [153.01722, -27.4714]}, "properties": {"project_id": 90000008, "name": "Heritage collection ", "description": "Heritage collection additions at the State Library of Queensland.", "agency": "Library Board of Queensland", "type": "Recreation & Culture", "status": null, "qld_funding": 0, "fed_funding": 0, "local_funding": 0, "own_funding": 0, "private_funding": 0, "total_funding": 465000, "region_codes": [305], "region_lga": null, "region_sed": null, "region_sa4": null, "address": null, "web_link": null, "category": "capital"}}, {"type": "Feature", "geometry": {"type": "Point", "coordinates": [153.01722, -27.4714]}, "properties": {"project_id": 90000009, "name": "Digital collection", "description": "Digital collection additions at the State Library of Queensland.", "agency": "Library Board of Queensland", "type": "Recreation & Culture", "status": null, "qld_funding": 0, "fed_funding": 0, "local_funding": 0, "own_funding": 0, "private_funding": 0, "total_funding": 795000, "region_codes": [305], "region_lga": null, "region_sed": null, "region_sa4": null, "address": null, "web_link": null, "category": "capital"}}, {"type": "Feature", "geometry": {"type": "Point", "coordinates": [153.018375, -27.47252]}, "properties": {"project_id": 90000010, "name": "Acquisitions for the Queensland Art Gallery's collection", "description": "Acquisition of artworks for the Queensland Art Gallery's collection.", "agency": "Queensland Art Gallery", "type": "Recreation & Culture", "status": null, "qld_funding": 0, "fed_funding": 0, "local_funding": 0, "own_funding": 0, "private_funding": 0, "total_funding": 2500000, "region_codes": [305], "region_lga": null, "region_sed": null, "region_sa4": null, "address": null, "web_link": null, "category": "capital"}}, {"type": "Feature", "geometry": {"type": "Point", "coordinates": [153.018375, -27.47252]}, "properties": {"project_id": 90000011, "name": "Ongoing replacement of plant and equipment", "description": "Ongoing replacement of plant and equipment at the Queensland Art Gallery.", "agency": "Queensland Art Gallery", "type": "Recreation & Culture", "status": null, "qld_funding": 0, "fed_funding": 0, "local_funding": 0, "own_funding": 0, "private_funding": 0, "total_funding": 300000, "region_codes": [305], "region_lga": null, "region_sed": null, "region_sa4": null, "address": null, "web_link": null, "category": "capital"}}, {"type": "Feature", "geometry": {"type": "Point", "coordinates": [153.0194, -27.4744]}, "properties": {"project_id": 90000012, "name": "Lifecycle replacement of operational property, plant and equipment", "description": "Capital upgrades at the Queensland Performing Arts Centre.", "agency": "Queensland Performing Arts Trust", "type": "Recreation & Culture", "status": null, "qld_funding": 0, "fed_funding": 0, "local_funding": 0, "own_funding": 0, "private_funding": 0, "total_funding": 1000000, "region_codes": [305], "region_lga": null, "region_sed": null, "region_sa4": null, "address": null, "web_link": null, "category": "capital"}}, {"type": "Feature", "geometry": {"type": "Point", "coordinates": [153.0194, -27.4744]}, "properties": {"project_id": 90000013, "name": "Strategic capability specialised technical equipment", "description": "Capital upgrades at the Queensland Performing Arts Centre.", "agency": "Queensland Performing Arts Trust", "type": "Recreation & Culture", "status": null, "qld_funding": 0, "fed_funding": 0, "local_funding": 0, "own_funding": 0, "private_funding": 0, "total_funding": 7000000, "region_codes": [305], "region_lga": null, "region_sed": null, "region_sa4": null, "address": null, "web_link": null, "category": "capital"}}, {"type": "Feature", "geometry": {"type": "Point", "coordinates": [153.01863, -27.47252]}, "properties": {"project_id": 90000014, "name": "Queensland Cultural Centre - End of life asset replacement and building fabric renewal works", "description": "End of life asset replacement and building fabric renewal works at the Queensland Cultural Centre.", "agency": "Arts Queensland", "type": "Recreation & Culture", "status": null, "qld_funding": 0, "fed_funding": 0, "local_funding": 0, "own_funding": 0, "private_funding": 0, "total_funding": 7900000, "region_codes": [305], "region_lga": null, "region_sed": null, "region_sa4": null, "address": null, "web_link": null, "category": "capital"}}, {"type": "Feature", "geometry": {"type": "Point", "coordinates": [153.01851597, -27.47229794]}, "properties": {"project_id": 90000015, "name": "Lifecycle replacement of operational property, plant and equipment", "description": "Lifecycle replacement of operational property, plant and equipment.", "agency": "Queensland Museum", "type": "Recreation & Culture", "status": null, "qld_funding": 0, "fed_funding": 0, "local_funding": 0, "own_funding": 0, "private_funding": 0, "total_funding": 1650000, "region_codes": [305], "region_lga": null, "region_sed": null, "region_sa4": null, "address": null, "web_link": null, "category": "capital"}}, {"type": "Feature", "geometry": {"type": "Point", "coordinates": [153.01863, -27.47252]}, "properties": {"project_id": 90000016, "name": "Hostile Vehicle Mitigation and Roadworks around the Queensland Cultural Centre", "description": "Delivery of hostile vehicle mitigation and roadworks around the Queensland Cultural Centre.", "agency": "Arts Queensland", "type": "Recreation & Culture", "status": null, "qld_funding": 0, "fed_funding": 0, "local_funding": 0, "own_funding": 0, "private_funding": 0, "total_funding": 3390000, "region_codes": [305], "region_lga": null, "region_sed": null, "region_sa4": null, "address": null, "web_link": null, "category": "capital"}}, {"type": "Feature", "geometry": {"type": "Point", "coordinates": [153.01863, -27.47252]}, "properties": {"project_id": 90000017, "name": "Flexible Performance Space", "description": "Delivery of a flexible performance space within the Queensland Performing Arts Centre.", "agency": "Arts Queensland", "type": "Recreation & Culture", "status": null, "qld_funding": 0, "fed_funding": 0, "local_funding": 0, "own_funding": 0, "private_funding": 0, "total_funding": 2000000, "region_codes": [305], "region_lga": null, "region_sed": null, "region_sa4": null, "address": null, "web_link": null, "category": "capital"}}, {"type": "Feature", "geometry": {"type": "Point", "coordinates": [152.965494, -27.500369]}, "properties": {"project_id": 90000050, "name": "Indooroopilly State School - Administration upgrades", "description": "Additional 12 learning and staff spaces to address increasing enrolment growth.", "agency": "Department of Education", "type": "Education", "status": null, "qld_funding": 0, "fed_funding": 0, "local_funding": 0, "own_funding": 0, "private_funding": 0, "total_funding": 9564000, "region_codes": [304], "region_lga": null, "region_sed": null, "region_sa4": null, "address": null, "web_link": null, "category": "capital"}}, {"type": "Feature", "geometry": {"type": "Point", "coordinates": [142.385802, -10.895205]}, "properties": {"project_id": 90000051, "name": "Northern Peninsula Area State College - Senior Campus - Site renewal and amenities upgrade", "description": "Refurbishment of existing amenities facilities and site rectification works across the Senior Campus.", "agency": "Department of Education", "type": "Education", "status": null, "qld_funding": 0, "fed_funding": 0, "local_funding": 0, "own_funding": 0, "private_funding": 0, "total_funding": 1005000, "region_codes": [315], "region_lga": null, "region_sed": null, "region_sa4": null, "address": null, "web_link": null, "category": "capital"}}, {"type": "Feature", "geometry": {"type": "Point", "coordinates": [146.782657, -19.288734]}, "properties": {"project_id": 90000052, "name": "Pimlico State High School - Refurbishment of specialist classrooms and water reticulation upgrade", "description": "Refurbishment of Science block and water reticulation upgrades", "agency": "Department of Education", "type": "Education", "status": null, "qld_funding": 0, "fed_funding": 0, "local_funding": 0, "own_funding": 0, "private_funding": 0, "total_funding": 1190000, "region_codes": [318], "region_lga": null, "region_sed": null, "region_sa4": null, "address": null, "web_link": null, "category": "capital"}}, {"type": "Feature", "geometry": {"type": "Point", "coordinates": [153.07089, -26.73947]}, "properties": {"project_id": 90000053, "name": "Palmview State Secondary College - New secondary school", "description": "Establishment of Palmview State Secondary College.", "agency": "Department of Education", "type": "Education", "status": null, "qld_funding": 0, "fed_funding": 0, "local_funding": 0, "own_funding": 0, "private_funding": 0, "total_funding": 17097000, "region_codes": [316], "region_lga": null, "region_sed": null, "region_sa4": null, "address": null, "web_link": null, "category": "capital"}}, {"type": "Feature", "geometry": {"type": "Point", "coordinates": [152.77879, -27.67236]}, "properties": {"project_id": 90000054, "name": "Ripley Central State School - New primary school", "description": "Establishment of Ripley Central State School.", "agency": "Department of Education", "type": "Education", "status": null, "qld_funding": 0, "fed_funding": 0, "local_funding": 0, "own_funding": 0, "private_funding": 0, "total_funding": 16181000, "region_codes": [310], "region_lga": null, "region_sed": null, "region_sa4": null, "address": null, "web_link": null, "category": "capital"}}, {"type": "Feature", "geometry": {"type": "Point", "coordinates": [145.7524, -16.9238]}, "properties": {"project_id": 90000055, "name": "Trinity Bay State High School - New Performing Arts Centre", "description": "New Performing Arts Centre", "agency": "Department of Education", "type": "Education", "status": null, "qld_funding": 0, "fed_funding": 0, "local_funding": 0, "own_funding": 0, "private_funding": 0, "total_funding": 1899000, "region_codes": [306], "region_lga": null, "region_sed": null, "region_sa4": null, "address": null, "web_link": null, "category": "capital"}}, {"type": "Feature", "geometry": {"type": "Point", "coordinates": [152.675322, -26.19931]}, "properties": {"project_id": 90000056, "name": "One Mile State School - Amenities upgrades", "description": "Upgrade of existing amenities facilities.", "agency": "Department of Education", "type": "Education", "status": null, "qld_funding": 0, "fed_funding": 0, "local_funding": 0, "own_funding": 0, "private_funding": 0, "total_funding": 1200000, "region_codes": [319], "region_lga": null, "region_sed": null, "region_sa4": null, "address": null, "web_link": null, "category": "capital"}}, {"type": "Feature", "geometry": {"type": "Point", "coordinates": [152.833396, -25.27938]}, "properties": {"project_id": 90000057, "name": "Pialba State School - Amenities upgrades", "description": "Upgrade of existing amenities facilities.", "agency": "Department of Education", "type": "Education", "status": null, "qld_funding": 0, "fed_funding": 0, "local_funding": 0, "own_funding": 0, "private_funding": 0, "total_funding": 320000, "region_codes": [319], "region_lga": null, "region_sed": null, "region_sa4": null, "address": null, "web_link": null, "category": "capital"}}, {"type": "Feature", "geometry": {"type": "Point", "coordinates": [145.874633, -16.928849]}, "properties": {"project_id": 90000058, "name": "Yarrabah State School - Secondary Campus - Amenities upgrades", "description": "Upgrade of existing amenities facilities.", "agency": "Department of Education", "type": "Education", "status": null, "qld_funding": 0, "fed_funding": 0, "local_funding": 0, "own_funding": 0, "private_funding": 0, "total_funding": 640000, "region_codes": [306], "region_lga": null, "region_sed": null, "region_sa4": null, "address": null, "web_link": null, "category": "capital"}}, {"type": "Feature", "geometry": {"type": "Point", "coordinates": [148.88274, -23.57248]}, "properties": {"project_id": 90000059, "name": "Blackwater State High School - Amenities upgrades", "description": "Upgrade of existing amenities facilities.", "agency": "Department of Education", "type": "Education", "status": null, "qld_funding": 0, "fed_funding": 0, "local_funding": 0, "own_funding": 0, "private_funding": 0, "total_funding": 720000, "region_codes": [308], "region_lga": null, "region_sed": null, "region_sa4": null, "address": null, "web_link": null, "category": "capital"}}, {"type": "Feature", "geometry": {"type": "Point", "coordinates": [152.860509, -28.215634]}, "properties": {"project_id": 90000060, "name": "Rathdowney State School - Amenities upgrades", "description": "Upgrade of existing amenities facilities.", "agency": "Department of Education", "type": "Education", "status": null, "qld_funding": 0, "fed_funding": 0, "local_funding": 0, "own_funding": 0, "private_funding": 0, "total_funding": 256000, "region_codes": [311], "region_lga": null, "region_sed": null, "region_sa4": null, "address": null, "web_link": null, "category": "capital"}}, {"type": "Feature", "geometry": {"type": "Point", "coordinates": [146.263198, -20.080199]}, "properties": {"project_id": 90000061, "name": "Charters Towers Central State School - Refurbish learning space", "description": "Relocate Prep Classroom to Block D including upgrade works.", "agency": "Department of Education", "type": "Education", "status": null, "qld_funding": 0, "fed_funding": 0, "local_funding": 0, "own_funding": 0, "private_funding": 0, "total_funding": 396000, "region_codes": [318], "region_lga": null, "region_sed": null, "region_sa4": null, "address": null, "web_link": null, "category": "capital"}}, {"type": "Feature", "geometry": {"type": "Point", "coordinates": [146.753855, -19.3092]}, "properties": {"project_id": 90000062, "name": "Cranbrook State School - Refurbish learning space", "description": "Refurbishment of two Prep learning spaces in Block PS.", "agency": "Department of Education", "type": "Education", "status": null, "qld_funding": 0, "fed_funding": 0, "local_funding": 0, "own_funding": 0, "private_funding": 0, "total_funding": 291000, "region_codes": [318], "region_lga": null, "region_sed": null, "region_sa4": null, "address": null, "web_link": null, "category": "capital"}}, {"type": "Feature", "geometry": {"type": "Point", "coordinates": [146.82664, -19.262946]}, "properties": {"project_id": 90000063, "name": "Townsville South State School - Refurbish learning space", "description": "Refurbishment of one Prep learning space in Block P.", "agency": "Department of Education", "type": "Education", "status": null, "qld_funding": 0, "fed_funding": 0, "local_funding": 0, "own_funding": 0, "private_funding": 0, "total_funding": 276000, "region_codes": [318], "region_lga": null, "region_sed": null, "region_sa4": null, "address": null, "web_link": null, "category": "capital"}}, {"type": "Feature", "geometry": {"type": "Point", "coordinates": [139.491988, -20.723255]}, "properties": {"project_id": 90000064, "name": "Mount Isa Central State School - Refurbish Block C", "description": "Refurbishment of two Prep spaces Block C.", "agency": "Department of Education", "type": "Education", "status": null, "qld_funding": 0, "fed_funding": 0, "local_funding": 0, "own_funding": 0, "private_funding": 0, "total_funding": 442000, "region_codes": [315], "region_lga": null, "region_sed": null, "region_sa4": null, "address": null, "web_link": null, "category": "capital"}}, {"type": "Feature", "geometry": {"type": "Point", "coordinates": [146.789636, -19.294541]}, "properties": {"project_id": 90000065, "name": "Mundingburra State School - Refurbish Block I", "description": "Refurbishment of existing amenities Block I.", "agency": "Department of Education", "type": "Education", "status": null, "qld_funding": 0, "fed_funding": 0, "local_funding": 0, "own_funding": 0, "private_funding": 0, "total_funding": 315000, "region_codes": [318], "region_lga": null, "region_sed": null, "region_sa4": null, "address": null, "web_link": null, "category": "capital"}}, {"type": "Feature", "geometry": {"type": "Point", "coordinates": [143.143081, -20.734145]}, "properties": {"project_id": 90000066, "name": "Richmond State School - Refurbish Block A", "description": "Refurbishment of Block A.", "agency": "Department of Education", "type": "Education", "status": null, "qld_funding": 0, "fed_funding": 0, "local_funding": 0, "own_funding": 0, "private_funding": 0, "total_funding": 372000, "region_codes": [315], "region_lga": null, "region_sed": null, "region_sa4": null, "address": null, "web_link": null, "category": "capital"}}, {"type": "Feature", "geometry": {"type": "Point", "coordinates": [153.135518, -26.777613]}, "properties": {"project_id": 90000067, "name": "Currimundi State School - Refurbish Block B", "description": "Internal refurbishment of four learning spaces in Block B.", "agency": "Department of Education", "type": "Education", "status": null, "qld_funding": 0, "fed_funding": 0, "local_funding": 0, "own_funding": 0, "private_funding": 0, "total_funding": 866000, "region_codes": [316], "region_lga": null, "region_sed": null, "region_sa4": null, "address": null, "web_link": null, "category": "capital"}}, {"type": "Feature", "geometry": {"type": "Point", "coordinates": [153.06059, -27.494004]}, "properties": {"project_id": 90000068, "name": "Coorparoo State School - Refurbish learning space", "description": "Refurbishment of learning spaces in Block C.", "agency": "Department of Education", "type": "Education", "status": null, "qld_funding": 0, "fed_funding": 0, "local_funding": 0, "own_funding": 0, "private_funding": 0, "total_funding": 638000, "region_codes": [303], "region_lga": null, "region_sed": null, "region_sa4": null, "address": null, "web_link": null, "category": "capital"}}, {"type": "Feature", "geometry": {"type": "Point", "coordinates": [152.918473, -27.657283]}, "properties": {"project_id": 90000069, "name": "Woodcrest State College - Security fence", "description": "Installation of security fencing.", "agency": "Department of Education", "type": "Education", "status": null, "qld_funding": 0, "fed_funding": 0, "local_funding": 0, "own_funding": 0, "private_funding": 0, "total_funding": 465000, "region_codes": [310], "region_lga": null, "region_sed": null, "region_sa4": null, "address": null, "web_link": null, "category": "capital"}}, {"type": "Feature", "geometry": {"type": "Point", "coordinates": [142.213832, -10.577461]}, "properties": {"project_id": 90000070, "name": "Tagai State College - Thursday Island Secondary - Amenities upgrades", "description": "Refurbishment of existing Block H amenities.", "agency": "Department of Education", "type": "Education", "status": null, "qld_funding": 0, "fed_funding": 0, "local_funding": 0, "own_funding": 0, "private_funding": 0, "total_funding": 346000, "region_codes": [315], "region_lga": null, "region_sed": null, "region_sa4": null, "address": null, "web_link": null, "category": "capital"}}, {"type": "Feature", "geometry": {"type": "Point", "coordinates": [153.072861, -27.525584]}, "properties": {"project_id": 90000071, "name": "Seville Road State School - Refurbish Block A", "description": "Refurbishment of Administration Block A.", "agency": "Department of Education", "type": "Education", "status": null, "qld_funding": 0, "fed_funding": 0, "local_funding": 0, "own_funding": 0, "private_funding": 0, "total_funding": 370000, "region_codes": [303], "region_lga": null, "region_sed": null, "region_sa4": null, "address": null, "web_link": null, "category": "capital"}}, {"type": "Feature", "geometry": {"type": "Point", "coordinates": [145.108091, -15.295258]}, "properties": {"project_id": 90000072, "name": "Hopevale Campus of Cape York Aboriginal Australian Academy - Refurbish learning space", "description": "Refurbishment of Block A and Block D.", "agency": "Department of Education", "type": "Education", "status": null, "qld_funding": 0, "fed_funding": 0, "local_funding": 0, "own_funding": 0, "private_funding": 0, "total_funding": 1039000, "region_codes": [315], "region_lga": null, "region_sed": null, "region_sa4": null, "address": null, "web_link": null, "category": "capital"}}, {"type": "Feature", "geometry": {"type": "Point", "coordinates": [150.754215, -23.154601]}, "properties": {"project_id": 90000073, "name": "Taranganba State School - Refurbish learning space", "description": "Refurbishment of Block A.", "agency": "Department of Education", "type": "Education", "status": null, "qld_funding": 0, "fed_funding": 0, "local_funding": 0, "own_funding": 0, "private_funding": 0, "total_funding": 423000, "region_codes": [308], "region_lga": null, "region_sed": null, "region_sa4": null, "address": null, "web_link": null, "category": "capital"}}, {"type": "Feature", "geometry": {"type": "Point", "coordinates": [147.409618, -19.577045]}, "properties": {"project_id": 90000080, "name": "Ayr State High School - Refurbish Block D", "description": "Refurbishment of Block D Science learning spaces.", "agency": "Department of Education", "type": "Education", "status": null, "qld_funding": 0, "fed_funding": 0, "local_funding": 0, "own_funding": 0, "private_funding": 0, "total_funding": 942000, "region_codes": [318], "region_lga": null, "region_sed": null, "region_sa4": null, "address": null, "web_link": null, "category": "capital"}}, {"type": "Feature", "geometry": {"type": "Point", "coordinates": [153.094536, -27.549592]}, "properties": {"project_id": 90000081, "name": "Wishart State School - Multipurpose Court and ramp to oval", "description": "Construction of multipurpose court, ramp and stairs to oval.", "agency": "Department of Education", "type": "Education", "status": null, "qld_funding": 0, "fed_funding": 0, "local_funding": 0, "own_funding": 0, "private_funding": 0, "total_funding": 1987000, "region_codes": [303], "region_lga": null, "region_sed": null, "region_sa4": null, "address": null, "web_link": null, "category": "capital"}}, {"type": "Feature", "geometry": {"type": "Point", "coordinates": [152.893908, -27.615256]}, "properties": {"project_id": 90000082, "name": "Goodna Special School - new learning spaces", "description": "Construction of 15 new learning spaces.", "agency": "Department of Education", "type": "Education", "status": null, "qld_funding": 0, "fed_funding": 0, "local_funding": 0, "own_funding": 0, "private_funding": 0, "total_funding": 9459000, "region_codes": [310], "region_lga": null, "region_sed": null, "region_sa4": null, "address": null, "web_link": null, "category": "capital"}}, {"type": "Feature", "geometry": {"type": "Point", "coordinates": [148.778149, -26.565539]}, "properties": {"project_id": 90000083, "name": "Roma State College - Senior Campus - Refurbish Block J", "description": "Refurbishment of four learning spaces and two office spaces in Block J.", "agency": "Department of Education", "type": "Education", "status": null, "qld_funding": 0, "fed_funding": 0, "local_funding": 0, "own_funding": 0, "private_funding": 0, "total_funding": 570000, "region_codes": [307], "region_lga": null, "region_sed": null, "region_sa4": null, "address": null, "web_link": null, "category": "capital"}}, {"type": "Feature", "geometry": {"type": "Point", "coordinates": [152.544156, -27.554762]}, "properties": {"project_id": 90000084, "name": "Minden State School - Upgrade amenities block", "description": "Replace existing amenities Block T.", "agency": "Department of Education", "type": "Education", "status": null, "qld_funding": 0, "fed_funding": 0, "local_funding": 0, "own_funding": 0, "private_funding": 0, "total_funding": 302000, "region_codes": [310], "region_lga": null, "region_sed": null, "region_sa4": null, "address": null, "web_link": null, "category": "capital"}}, {"type": "Feature", "geometry": {"type": "Point", "coordinates": [153.158732, -27.464146]}, "properties": {"project_id": 90000085, "name": "Wondall Heights State School - Outdoor learning area", "description": "Construction of new outdoor learning area.", "agency": "Department of Education", "type": "Education", "status": null, "qld_funding": 0, "fed_funding": 0, "local_funding": 0, "own_funding": 0, "private_funding": 0, "total_funding": 476000, "region_codes": [301], "region_lga": null, "region_sed": null, "region_sa4": null, "address": null, "web_link": null, "category": "capital"}}, {"type": "Feature", "geometry": {"type": "Point", "coordinates": [146.796543, -19.280047]}, "properties": {"project_id": 90000086, "name": "Hermit Park State School - Grounds enhancements", "description": "School grounds enhancements.", "agency": "Department of Education", "type": "Education", "status": null, "qld_funding": 0, "fed_funding": 0, "local_funding": 0, "own_funding": 0, "private_funding": 0, "total_funding": 494000, "region_codes": [318], "region_lga": null, "region_sed": null, "region_sa4": null, "address": null, "web_link": null, "category": "capital"}}, {"type": "Feature", "geometry": {"type": "Point", "coordinates": [152.766603, -27.613986]}, "properties": {"project_id": 90000087, "name": "Ipswich Special School - site renewals", "description": "Site retaining walls and drainage improvements.", "agency": "Department of Education", "type": "Education", "status": null, "qld_funding": 0, "fed_funding": 0, "local_funding": 0, "own_funding": 0, "private_funding": 0, "total_funding": 365000, "region_codes": [310], "region_lga": null, "region_sed": null, "region_sa4": null, "address": null, "web_link": null, "category": "capital"}}, {"type": "Feature", "geometry": {"type": "Point", "coordinates": [151.812085, -26.40912]}, "properties": {"project_id": 90000088, "name": "Wooroolin State School - Upgrade amenities block", "description": "Upgrade of amenities block.", "agency": "Department of Education", "type": "Education", "status": null, "qld_funding": 0, "fed_funding": 0, "local_funding": 0, "own_funding": 0, "private_funding": 0, "total_funding": 395000, "region_codes": [319], "region_lga": null, "region_sed": null, "region_sa4": null, "address": null, "web_link": null, "category": "capital"}}, {"type": "Feature", "geometry": {"type": "Point", "coordinates": [153.037896, -27.39007]}, "properties": {"project_id": 90000090, "name": "Wavell Heights State School - fencing and security upgrades", "description": "Fencing upgrades and security cameras to improve security and safety at the school.", "agency": "Department of Education", "type": "Education", "status": null, "qld_funding": 0, "fed_funding": 0, "local_funding": 0, "own_funding": 0, "private_funding": 0, "total_funding": 979000, "region_codes": [302], "region_lga": null, "region_sed": null, "region_sa4": null, "address": null, "web_link": null, "category": "capital"}}, {"type": "Feature", "geometry": {"type": "Point", "coordinates": [151.25087, -23.851617]}, "properties": {"project_id": 90000091, "name": "Gladstone State High School - increase specialist spaces", "description": "New Industrial Technology and Design Building.", "agency": "Department of Education", "type": "Education", "status": null, "qld_funding": 0, "fed_funding": 0, "local_funding": 0, "own_funding": 0, "private_funding": 0, "total_funding": 1845000, "region_codes": [308], "region_lga": null, "region_sed": null, "region_sa4": null, "address": null, "web_link": null, "category": "capital"}}, {"type": "Feature", "geometry": {"type": "Point", "coordinates": [151.812085, -26.40912]}, "properties": {"project_id": 90000092, "name": "Wooroolin State School - Water and sewerage upgrade", "description": "Upgrades to water and sewerage services.", "agency": "Department of Education", "type": "Education", "status": null, "qld_funding": 0, "fed_funding": 0, "local_funding": 0, "own_funding": 0, "private_funding": 0, "total_funding": 283000, "region_codes": [319], "region_lga": null, "region_sed": null, "region_sa4": null, "address": null, "web_link": null, "category": "capital"}}, {"type": "Feature", "geometry": {"type": "Point", "coordinates": [141.079046, -17.672072]}, "properties": {"project_id": 90000093, "name": "Normanton State School - Water and sewerage upgrade", "description": "Upgrades to water and sewerage services.", "agency": "Department of Education", "type": "Education", "status": null, "qld_funding": 0, "fed_funding": 0, "local_funding": 0, "own_funding": 0, "private_funding": 0, "total_funding": 440000, "region_codes": [315], "region_lga": null, "region_sed": null, "region_sa4": null, "address": null, "web_link": null, "category": "capital"}}, {"type": "Feature", "geometry": {"type": "Point", "coordinates": [145.695815, -16.909266]}, "properties": {"project_id": 90000094, "name": "Redlynch State College - nature-based playground", "description": "Installation of nature-based playground.", "agency": "Department of Education", "type": "Education", "status": null, "qld_funding": 0, "fed_funding": 0, "local_funding": 0, "own_funding": 0, "private_funding": 0, "total_funding": 338000, "region_codes": [306], "region_lga": null, "region_sed": null, "region_sa4": null, "address": null, "web_link": null, "category": "capital"}}, {"type": "Feature", "geometry": {"type": "Point", "coordinates": [152.985892, -27.436517]}, "properties": {"project_id": 90000095, "name": "Oakleigh State School - Prep Outdoor Learning Area", "description": "Installation of Prep outdoor learning area.", "agency": "Department of Education", "type": "Education", "status": null, "qld_funding": 0, "fed_funding": 0, "local_funding": 0, "own_funding": 0, "private_funding": 0, "total_funding": 281000, "region_codes": [305], "region_lga": null, "region_sed": null, "region_sa4": null, "address": null, "web_link": null, "category": "capital"}}, {"type": "Feature", "geometry": {"type": "Point", "coordinates": [153.000651, -27.450749]}, "properties": {"project_id": 90000096, "name": "Red Hill Special School - Ithaca Campus - Site renewal", "description": "Ithaca campus renewal works to facilitate consolidation of school to single campus (Ithaca). Renewal of Blocks E, A and C. Demolition of Block B.", "agency": "Department of Education", "type": "Education", "status": null, "qld_funding": 0, "fed_funding": 0, "local_funding": 0, "own_funding": 0, "private_funding": 0, "total_funding": 23920000, "region_codes": [305], "region_lga": null, "region_sed": null, "region_sa4": null, "address": null, "web_link": null, "category": "capital"}}, {"type": "Feature", "geometry": {"type": "Point", "coordinates": [151.955152, -26.292991]}, "properties": {"project_id": 90000097, "name": "Cherbourg State School - Well-being hub and site upgrades", "description": "Convert tuckshop to student well-being hub, enhance dining hall kitchen, build archive storage, replace playground & shade structure.", "agency": "Department of Education", "type": "Education", "status": null, "qld_funding": 0, "fed_funding": 0, "local_funding": 0, "own_funding": 0, "private_funding": 0, "total_funding": 440000, "region_codes": [319], "region_lga": null, "region_sed": null, "region_sa4": null, "address": null, "web_link": null, "category": "capital"}}, {"type": "Feature", "geometry": {"type": "Point", "coordinates": [152.585622, -27.635897]}, "properties": {"project_id": 90000098, "name": "Rosewood State High School - Site improvements", "description": "New access ramps and walkways to Blocks A, B, E, F, H, J, D, Tuckshop, Administration and Farm.", "agency": "Department of Education", "type": "Education", "status": null, "qld_funding": 0, "fed_funding": 0, "local_funding": 0, "own_funding": 0, "private_funding": 0, "total_funding": 270000, "region_codes": [310], "region_lga": null, "region_sed": null, "region_sa4": null, "address": null, "web_link": null, "category": "capital"}}, {"type": "Feature", "geometry": {"type": "Point", "coordinates": [146.036966, -17.515998]}, "properties": {"project_id": 90000099, "name": "Innisfail State College - additional accommodation", "description": "Installation of four space, double storey building to provide additional capacity.", "agency": "Department of Education", "type": "Education", "status": null, "qld_funding": 0, "fed_funding": 0, "local_funding": 0, "own_funding": 0, "private_funding": 0, "total_funding": 1235000, "region_codes": [306], "region_lga": null, "region_sed": null, "region_sa4": null, "address": null, "web_link": null, "category": "capital"}}, {"type": "Feature", "geometry": {"type": "Point", "coordinates": [153.20115, -27.724668]}, "properties": {"project_id": 90000100, "name": "Beenleigh Special School - Refurbish amenities block", "description": "Refurbishment to amenities block.", "agency": "Department of Education", "type": "Education", "status": null, "qld_funding": 0, "fed_funding": 0, "local_funding": 0, "own_funding": 0, "private_funding": 0, "total_funding": 925000, "region_codes": [311], "region_lga": null, "region_sed": null, "region_sa4": null, "address": null, "web_link": null, "category": "capital"}}, {"type": "Feature", "geometry": {"type": "Point", "coordinates": [149.180635, -21.095848]}, "properties": {"project_id": 90000101, "name": "Pioneer State High School - Home Economics upgrade", "description": "Upgrades to existing Home Economics rooms to meet hospitality standards.", "agency": "Department of Education", "type": "Education", "status": null, "qld_funding": 0, "fed_funding": 0, "local_funding": 0, "own_funding": 0, "private_funding": 0, "total_funding": 1644000, "region_codes": [312], "region_lga": null, "region_sed": null, "region_sa4": null, "address": null, "web_link": null, "category": "capital"}}, {"type": "Feature", "geometry": {"type": "Point", "coordinates": [151.955152, -26.292991]}, "properties": {"project_id": 90000102, "name": "Cherbourg State School - New Building for Buwu Program", "description": "New Building (Buwu Program).", "agency": "Department of Education", "type": "Education", "status": null, "qld_funding": 0, "fed_funding": 0, "local_funding": 0, "own_funding": 0, "private_funding": 0, "total_funding": 2000000, "region_codes": [319], "region_lga": null, "region_sed": null, "region_sa4": null, "address": null, "web_link": null, "category": "capital"}}, {"type": "Feature", "geometry": {"type": "Point", "coordinates": [145.62877, -17.27885]}, "properties": {"project_id": 90000104, "name": "Crater Lakes National Park visitor facilities upgrade", "description": "Upgrades to support increased carrying capacity of the Lake Eacham day use area including visitor facilities and walking tracks.", "agency": "Department of Environment, Tourism, Science and Innovation", "type": "Recreation & Culture", "status": null, "qld_funding": 0, "fed_funding": 0, "local_funding": 0, "own_funding": 0, "private_funding": 0, "total_funding": 1100000, "region_codes": [306], "region_lga": null, "region_sed": null, "region_sa4": null, "address": null, "web_link": null, "category": "capital"}}, {"type": "Feature", "geometry": {"type": "Point", "coordinates": [153.2792, -28.17599]}, "properties": {"project_id": 90000106, "name": "Springbrook National Park visitor facilities upgrade", "description": "Upgrades to multiple visitor facilities throughout Springbrook National Park including visitor amenities, parking facilities, management infrastructure, walking tracks and lookouts.", "agency": "Department of Environment, Tourism, Science and Innovation", "type": "Recreation & Culture", "status": null, "qld_funding": 0, "fed_funding": 0, "local_funding": 0, "own_funding": 0, "private_funding": 0, "total_funding": 1262000, "region_codes": [309], "region_lga": null, "region_sed": null, "region_sa4": null, "address": null, "web_link": null, "category": "capital"}}, {"type": "Feature", "geometry": {"type": "Point", "coordinates": [145.462, -16.089]}, "properties": {"project_id": 90000108, "name": "Daintree National Park (Cape York Peninsula Aboriginal Land) - Culture and Tourism Hub", "description": "Construct the Eastern Kuku Yalanji Bamanga Muruku Tourism Hub at Daintree National Park (CYPAL).", "agency": "Department of Environment, Tourism, Science and Innovation", "type": "Recreation & Culture", "status": null, "qld_funding": 0, "fed_funding": 0, "local_funding": 0, "own_funding": 0, "private_funding": 0, "total_funding": 2740000, "region_codes": [306], "region_lga": null, "region_sed": null, "region_sa4": null, "address": null, "web_link": null, "category": "capital"}}, {"type": "Feature", "geometry": {"type": "Point", "coordinates": [153.055275, -25.473724]}, "properties": {"project_id": 90000110, "name": "K'gari - Central Station area upgrade", "description": "A major capital upgrade to the Central Station area on K'gari (Fraser Island) including improved visitor amenities and parking, recognising the importance of the area as a central tourism hub for visitors to K'gari.", "agency": "Department of Environment, Tourism, Science and Innovation", "type": "Recreation & Culture", "status": null, "qld_funding": 0, "fed_funding": 0, "local_funding": 0, "own_funding": 0, "private_funding": 0, "total_funding": 1803000, "region_codes": [319], "region_lga": null, "region_sed": null, "region_sa4": null, "address": null, "web_link": null, "category": "capital"}}, {"type": "Feature", "geometry": {"type": "Point", "coordinates": [145.4285452, -16.2378169]}, "properties": {"project_id": 90000111, "name": "Daintree National Park (Cape York Peninsula Aboriginal Land) - Jindalba boardwalk", "description": "Redevelopment of the Jindalba Boardwalk and associated infrastructure including carparking and day use area, in Daintree National Park (CYPAL).", "agency": "Department of Environment, Tourism, Science and Innovation", "type": "Recreation & Culture", "status": null, "qld_funding": 0, "fed_funding": 0, "local_funding": 0, "own_funding": 0, "private_funding": 0, "total_funding": 2289000, "region_codes": [306], "region_lga": null, "region_sed": null, "region_sa4": null, "address": null, "web_link": null, "category": "capital"}}, {"type": "Feature", "geometry": {"type": "Point", "coordinates": [145.804333, -18.597734]}, "properties": {"project_id": 90000113, "name": "Girringun National Park - Wallaman Falls visitor facilities upgrade", "description": "Upgrade to visitor facilities at Wallaman Falls in Girringun National Park.", "agency": "Department of Environment, Tourism, Science and Innovation", "type": "Recreation & Culture", "status": null, "qld_funding": 0, "fed_funding": 0, "local_funding": 0, "own_funding": 0, "private_funding": 0, "total_funding": 1475000, "region_codes": [318], "region_lga": null, "region_sed": null, "region_sa4": null, "address": null, "web_link": null, "category": "capital"}}, {"type": "Feature", "geometry": {"type": "Point", "coordinates": [151.598462, -26.878122]}, "properties": {"project_id": 90000118, "name": "Bunya Mountains National Park - Dandabah visitor facilities upgrade", "description": "Upgrade the Dandabah day use area and campground at Bunya Mountains National Park including a new interpretive precinct and improved infrastructure for universal access.", "agency": "Department of Environment, Tourism, Science and Innovation", "type": "Recreation & Culture", "status": null, "qld_funding": 0, "fed_funding": 0, "local_funding": 0, "own_funding": 0, "private_funding": 0, "total_funding": 4845000, "region_codes": [319], "region_lga": null, "region_sed": null, "region_sa4": null, "address": null, "web_link": null, "category": "capital"}}, {"type": "Feature", "geometry": {"type": "Point", "coordinates": [153.186, -27.626]}, "properties": {"project_id": 90000119, "name": "Daily Hill Conservation Park Redevelopment (Shailer Section)", "description": "Convert the Shailer private property into a publicly accessible Conservation Park including trail infrastructure complementary to conservation.", "agency": "Department of Environment, Tourism, Science and Innovation", "type": "Recreation & Culture", "status": null, "qld_funding": 0, "fed_funding": 0, "local_funding": 0, "own_funding": 0, "private_funding": 0, "total_funding": 550000, "region_codes": [301], "region_lga": null, "region_sed": null, "region_sa4": null, "address": null, "web_link": null, "category": "capital"}}, {"type": "Feature", "geometry": {"type": "Point", "coordinates": [151.888802, -24.157364]}, "properties": {"project_id": 90000120, "name": "Joseph Banks Conservation Park headland visitor upgrade", "description": "Upgrade the Joseph Banks Conservation Park headland precinct with viewing nodes, feature rock walls, a cultural interpretive trail and a yarning circle. Project has been co-designed with First Nations partners.", "agency": "Department of Environment, Tourism, Science and Innovation", "type": "Recreation & Culture", "status": null, "qld_funding": 0, "fed_funding": 0, "local_funding": 0, "own_funding": 0, "private_funding": 0, "total_funding": 1913000, "region_codes": [308], "region_lga": null, "region_sed": null, "region_sa4": null, "address": null, "web_link": null, "category": "capital"}}, {"type": "Feature", "geometry": {"type": "Point", "coordinates": [152.439, -24.795]}, "properties": {"project_id": 90000121, "name": "Mon Repos Turtle Centre carpark and trails upgrade", "description": "Design and construct a permanent visitor carpark including pedestrian connections to the Mon Repos Turtle Centre, turtle trail diversion and external lighting.", "agency": "Department of Environment, Tourism, Science and Innovation", "type": "Recreation & Culture", "status": null, "qld_funding": 0, "fed_funding": 0, "local_funding": 0, "own_funding": 0, "private_funding": 0, "total_funding": 2028000, "region_codes": [319], "region_lga": null, "region_sed": null, "region_sa4": null, "address": null, "web_link": null, "category": "capital"}}, {"type": "Feature", "geometry": {"type": "Point", "coordinates": [145.68347, -16.819525]}, "properties": {"project_id": 90000122, "name": "Smithfield Mountain Bike Trail Network", "description": "Extension to the Smithfield Mountain Bike Park trails network.", "agency": "Department of Environment, Tourism, Science and Innovation", "type": "Recreation & Culture", "status": null, "qld_funding": 0, "fed_funding": 0, "local_funding": 0, "own_funding": 0, "private_funding": 0, "total_funding": 1760000, "region_codes": [306], "region_lga": null, "region_sed": null, "region_sa4": null, "address": null, "web_link": null, "category": "capital"}}, {"type": "Feature", "geometry": {"type": "Point", "coordinates": [144.205, -19.537]}, "properties": {"project_id": 90000123, "name": "Blackbraes National Park - Ranger accommodation and workbases", "description": "Upgrade Blackbraes National Park base accommodation and services to meet future requirements of permanently based staff.", "agency": "Department of Environment, Tourism, Science and Innovation", "type": "Recreation & Culture", "status": null, "qld_funding": 0, "fed_funding": 0, "local_funding": 0, "own_funding": 0, "private_funding": 0, "total_funding": 1391000, "region_codes": [315], "region_lga": null, "region_sed": null, "region_sa4": null, "address": null, "web_link": null, "category": "capital"}}, {"type": "Feature", "geometry": {"type": "Point", "coordinates": [149.226, -23.554]}, "properties": {"project_id": 90000124, "name": "Taunton National Park - Ranger accommodation", "description": "Upgrade Taunton National Park base accommodation and services to meet future requirements of permanently based staff.", "agency": "Department of Environment, Tourism, Science and Innovation", "type": "Recreation & Culture", "status": null, "qld_funding": 0, "fed_funding": 0, "local_funding": 0, "own_funding": 0, "private_funding": 0, "total_funding": 513000, "region_codes": [308], "region_lga": null, "region_sed": null, "region_sa4": null, "address": null, "web_link": null, "category": "capital"}}, {"type": "Feature", "geometry": {"type": "Point", "coordinates": [145.671, -16.739]}, "properties": {"project_id": 90000125, "name": "Wangetti Trail", "description": "Continue development of the Wangetti Trail, a leading adventure-based ecotourism experience.", "agency": "Department of Environment, Tourism, Science and Innovation", "type": "Recreation & Culture", "status": null, "qld_funding": 0, "fed_funding": 0, "local_funding": 0, "own_funding": 0, "private_funding": 0, "total_funding": 18285000, "region_codes": [306], "region_lga": null, "region_sed": null, "region_sa4": null, "address": null, "web_link": "https://www.dtis.qld.gov.au/tourism/qld-ecotourism-trails/wangetti-trail", "category": "capital"}}, {"type": "Feature", "geometry": {"type": "Point", "coordinates": [150.95708, -23.17339]}, "properties": {"project_id": 90000135, "name": "Great Keppel Island Infrastructure Program", "description": "A joint partnership to redevelop Great Keppel Island (Woppa) with a focus on unlocking the iconic island's full tourism potential, generating jobs, and celebrating the island's rich history, cultural heritage, and natural environment.", "agency": "Department of Environment, Tourism, Science and Innovation", "type": "Recreation & Culture", "status": null, "qld_funding": 0, "fed_funding": 0, "local_funding": 0, "own_funding": 0, "private_funding": 0, "total_funding": 6930000, "region_codes": [308], "region_lga": null, "region_sed": null, "region_sa4": null, "address": null, "web_link": null, "category": "capital"}}, {"type": "Feature", "geometry": {"type": "Point", "coordinates": [153.09932, -26.6203]}, "properties": {"project_id": 90000137, "name": "Mudjimba Island reef protection moorings", "description": "To install moorings to improve protection of Mudjimba Island reef. ", "agency": "Department of Environment, Tourism, Science and Innovation", "type": "Recreation & Culture", "status": null, "qld_funding": 0, "fed_funding": 0, "local_funding": 0, "own_funding": 0, "private_funding": 0, "total_funding": 460000, "region_codes": [316], "region_lga": null, "region_sed": null, "region_sa4": null, "address": null, "web_link": null, "category": "capital"}}, {"type": "Feature", "geometry": {"type": "Point", "coordinates": [146.587053, -18.742489]}, "properties": {"project_id": 90000139, "name": "Palm Island tourism infrastructure projects", "description": "Contribute to deliver a Palm Island Tourism Development Plan to build new infrastructure.", "agency": "Department of Environment, Tourism, Science and Innovation", "type": "Recreation & Culture", "status": null, "qld_funding": 0, "fed_funding": 0, "local_funding": 0, "own_funding": 0, "private_funding": 0, "total_funding": 1000000, "region_codes": [318], "region_lga": null, "region_sed": null, "region_sa4": null, "address": null, "web_link": null, "category": "capital"}}, {"type": "Feature", "geometry": {"type": "Point", "coordinates": [145.973087, -16.759742]}, "properties": {"project_id": 90000141, "name": "Wildlife Hospital - Cairns Turtle Rehabilitation Centre", "description": "For the Cairns Turtle Rehabilitation Centre on Green Island.", "agency": "Department of Environment, Tourism, Science and Innovation", "type": "Recreation & Culture", "status": null, "qld_funding": 0, "fed_funding": 0, "local_funding": 0, "own_funding": 0, "private_funding": 0, "total_funding": 150000, "region_codes": [306], "region_lga": null, "region_sed": null, "region_sa4": null, "address": null, "web_link": null, "category": "capital"}}, {"type": "Feature", "geometry": {"type": "Point", "coordinates": [153.33702, -24.9669]}, "properties": {"project_id": 90000142, "name": "K'gari - Waddy Point visitor facilities upgrade", "description": "This project will replace failing components of the sewage treatment plant at Waddy Point Base in Great Sandy National Park. The works will ensure continued compliance with environmental standards and support the safe operation of essential infrastructure in this high-use area on K\u2019gari.", "agency": "Department of Environment, Tourism, Science and Innovation", "type": "Recreation & Culture", "status": null, "qld_funding": 0, "fed_funding": 0, "local_funding": 0, "own_funding": 0, "private_funding": 0, "total_funding": 2894000, "region_codes": [319], "region_lga": null, "region_sed": null, "region_sa4": null, "address": null, "web_link": null, "category": "capital"}}, {"type": "Feature", "geometry": {"type": "Point", "coordinates": [153.124519, -25.513859]}, "properties": {"project_id": 90000143, "name": "K'gari - Eurong Base - Ranger accommodation", "description": "Upgrade K'gari Eurong base accommodation and services to meet future requirements of permanently based staff.", "agency": "Department of Environment, Tourism, Science and Innovation", "type": "Recreation & Culture", "status": null, "qld_funding": 0, "fed_funding": 0, "local_funding": 0, "own_funding": 0, "private_funding": 0, "total_funding": 676000, "region_codes": [319], "region_lga": null, "region_sed": null, "region_sa4": null, "address": null, "web_link": null, "category": "capital"}}, {"type": "Feature", "geometry": {"type": "Point", "coordinates": [148.235, -25.060527]}, "properties": {"project_id": 90000144, "name": "Carnarvon National Park - Ranger accommodation", "description": "Upgrade Carnarvon National Park base accommodation and services to meet future requirements of permanently based staff.", "agency": "Department of Environment, Tourism, Science and Innovation", "type": "Recreation & Culture", "status": null, "qld_funding": 0, "fed_funding": 0, "local_funding": 0, "own_funding": 0, "private_funding": 0, "total_funding": 521000, "region_codes": [308], "region_lga": null, "region_sed": null, "region_sa4": null, "address": null, "web_link": null, "category": "capital"}}, {"type": "Feature", "geometry": {"type": "Point", "coordinates": [153.485, -28.1398]}, "properties": {"project_id": 90000145, "name": "Wildlife Hospital - Currumbin Wildlife Hospital Research and Training Precinct", "description": "For the Currumbin Wildlife Hospital Research and Training Precinct.", "agency": "Department of Environment, Tourism, Science and Innovation", "type": "Recreation & Culture", "status": null, "qld_funding": 0, "fed_funding": 0, "local_funding": 0, "own_funding": 0, "private_funding": 0, "total_funding": 2000000, "region_codes": [309], "region_lga": null, "region_sed": null, "region_sa4": null, "address": null, "web_link": null, "category": "capital"}}, {"type": "Feature", "geometry": {"type": "Point", "coordinates": [153.42435, -27.960469]}, "properties": {"project_id": 90000146, "name": "Wildlife Hospital - Marine Hospital at Sea World", "description": "For the Marine Hospital at Sea World on the Gold Coast.", "agency": "Department of Environment, Tourism, Science and Innovation", "type": "Recreation & Culture", "status": null, "qld_funding": 0, "fed_funding": 0, "local_funding": 0, "own_funding": 0, "private_funding": 0, "total_funding": 6000000, "region_codes": [309], "region_lga": null, "region_sed": null, "region_sa4": null, "address": null, "web_link": null, "category": "capital"}}, {"type": "Feature", "geometry": {"type": "Point", "coordinates": [152.989361, -27.215311]}, "properties": {"project_id": 90000147, "name": "Wildlife Hospital - Moreton Bay Wildlife Hospital and Education Hub", "description": "For the Moreton Bay Wildlife Hospital and Education Hub in Dakabin.", "agency": "Department of Environment, Tourism, Science and Innovation", "type": "Recreation & Culture", "status": null, "qld_funding": 0, "fed_funding": 0, "local_funding": 0, "own_funding": 0, "private_funding": 0, "total_funding": 7000000, "region_codes": [314], "region_lga": null, "region_sed": null, "region_sa4": null, "address": null, "web_link": null, "category": "capital"}}, {"type": "Feature", "geometry": {"type": "Point", "coordinates": [153.220389, -27.54759]}, "properties": {"project_id": 90000148, "name": "Wildlife Hospital - RSPCA Wildlife Hospital", "description": "For the RSPCA Wildlife Hospital, Redlands IndigiScapes Centre Precinct in Capalaba.", "agency": "Department of Environment, Tourism, Science and Innovation", "type": "Recreation & Culture", "status": null, "qld_funding": 0, "fed_funding": 0, "local_funding": 0, "own_funding": 0, "private_funding": 0, "total_funding": 6000000, "region_codes": [301], "region_lga": null, "region_sed": null, "region_sa4": null, "address": null, "web_link": null, "category": "capital"}}, {"type": "Feature", "geometry": {"type": "Point", "coordinates": [150.520796, -23.372425]}, "properties": {"project_id": 90000155, "name": "Rockhampton Neighbourhood Centre", "description": "$4.3 million to complete the construction of a new neighbourhood centre in Rockhampton.", "agency": "Department of Families, Seniors, Disability Services and Child Safety", "type": "Community Wellbeing", "status": null, "qld_funding": 0, "fed_funding": 0, "local_funding": 0, "own_funding": 0, "private_funding": 0, "total_funding": 4300000, "region_codes": [308], "region_lga": null, "region_sed": null, "region_sa4": null, "address": null, "web_link": null, "category": "capital"}}, {"type": "Feature", "geometry": {"type": "Point", "coordinates": [153.1481081, -27.0606382]}, "properties": {"project_id": 90000157, "name": "Bribie Island Neighbourhood Centre ", "description": "$750,000 to complete the redevelopment of the Bribie Island Neighbourhood Centre.", "agency": "Department of Families, Seniors, Disability Services and Child Safety", "type": "Community Wellbeing", "status": null, "qld_funding": 0, "fed_funding": 0, "local_funding": 0, "own_funding": 0, "private_funding": 0, "total_funding": 750000, "region_codes": [313], "region_lga": null, "region_sed": null, "region_sa4": null, "address": null, "web_link": null, "category": "capital"}}, {"type": "Feature", "geometry": {"type": "Point", "coordinates": [153.03239, -27.61279]}, "properties": {"project_id": 90000178, "name": "Resilient Homes Fund", "description": "Providing funding to eligible homeowners to raise, repair or retrofit their homes to incorporate flood resilient design and materials to reduce the impacts of future flood events.", "agency": "Department of Housing and Public Works", "type": "Community Wellbeing", "status": null, "qld_funding": 0, "fed_funding": 0, "local_funding": 0, "own_funding": 0, "private_funding": 0, "total_funding": 60471000, "region_codes": [303], "region_lga": null, "region_sed": null, "region_sa4": null, "address": null, "web_link": null, "category": "capital"}}, {"type": "Feature", "geometry": {"type": "Point", "coordinates": [151.950275, -27.553663]}, "properties": {"project_id": 90000181, "name": "Regional Infrastructure upgrades", "description": "Regional infrastructure upgrades in Queensland.", "agency": "QBuild", "type": "Government Services", "status": null, "qld_funding": 0, "fed_funding": 0, "local_funding": 0, "own_funding": 0, "private_funding": 0, "total_funding": 1920000, "region_codes": [317], "region_lga": null, "region_sed": null, "region_sa4": null, "address": null, "web_link": null, "category": "capital"}}, {"type": "Feature", "geometry": {"type": "Point", "coordinates": [153.08955, -27.46664]}, "properties": {"project_id": 90000253, "name": "Other property, plant and equipment", "description": "Motor vehicle replacements and Furniture and fittings including fitout for South East, South West and Central Queensland and the Wide Bay Burnett region.", "agency": "QBuild", "type": "Government Services", "status": null, "qld_funding": 0, "fed_funding": 0, "local_funding": 0, "own_funding": 0, "private_funding": 0, "total_funding": 598000, "region_codes": [303], "region_lga": null, "region_sed": null, "region_sa4": null, "address": null, "web_link": null, "category": "capital"}}, {"type": "Feature", "geometry": {"type": "Point", "coordinates": [152.998337, -27.989992]}, "properties": {"project_id": 90000265, "name": "Beaudesert courthouse replacement", "description": "Beaudesert courthouse replacement.", "agency": "Department of Justice", "type": "Justice & Safety", "status": null, "qld_funding": 0, "fed_funding": 0, "local_funding": 0, "own_funding": 0, "private_funding": 0, "total_funding": 1519000, "region_codes": [311], "region_lga": null, "region_sed": null, "region_sa4": null, "address": null, "web_link": null, "category": "capital"}}, {"type": "Feature", "geometry": {"type": "Point", "coordinates": [146.81524199, -19.25702464]}, "properties": {"project_id": 90000270, "name": "Townsville courthouse - courtroom expansion", "description": "Townsville courthouse - courtroom expansion.", "agency": "Department of Justice", "type": "Justice & Safety", "status": null, "qld_funding": 0, "fed_funding": 0, "local_funding": 0, "own_funding": 0, "private_funding": 0, "total_funding": 2850000, "region_codes": [318], "region_lga": null, "region_sed": null, "region_sa4": null, "address": null, "web_link": null, "category": "capital"}}, {"type": "Feature", "geometry": {"type": "Point", "coordinates": [153.02814921, -27.47218535]}, "properties": {"project_id": 90000271, "name": "Accommodation fit out", "description": "Accommodation fit out.", "agency": "Office of the Queensland Ombudsman", "type": "Government Services", "status": null, "qld_funding": 0, "fed_funding": 0, "local_funding": 0, "own_funding": 0, "private_funding": 0, "total_funding": 2022000, "region_codes": [305], "region_lga": null, "region_sed": null, "region_sa4": null, "address": null, "web_link": null, "category": "capital"}}, {"type": "Feature", "geometry": {"type": "Point", "coordinates": [153.02814921, -27.47218535]}, "properties": {"project_id": 90000272, "name": "Information technology plant and equipment purchases", "description": "Information technology plant and equipment purchases.", "agency": "Office of the Queensland Ombudsman", "type": "Government Services", "status": null, "qld_funding": 0, "fed_funding": 0, "local_funding": 0, "own_funding": 0, "private_funding": 0, "total_funding": 50000, "region_codes": [305], "region_lga": null, "region_sed": null, "region_sa4": null, "address": null, "web_link": null, "category": "capital"}}, {"type": "Feature", "geometry": {"type": "Point", "coordinates": [153.020556, -27.467]}, "properties": {"project_id": 90000273, "name": "Brisbane Supreme and District Court - courtroom expansion", "description": "Brisbane Supreme and District Court - courtroom expansion.", "agency": "Department of Justice", "type": "Justice & Safety", "status": null, "qld_funding": 0, "fed_funding": 0, "local_funding": 0, "own_funding": 0, "private_funding": 0, "total_funding": 12311000, "region_codes": [305], "region_lga": null, "region_sed": null, "region_sa4": null, "address": null, "web_link": null, "category": "capital"}}, {"type": "Feature", "geometry": {"type": "Point", "coordinates": [153.07298, -27.6112]}, "properties": {"project_id": 90000274, "name": "Queensland State Archives - Office accommodation, fixtures and fittings", "description": "Office accommodation furniture, fittings, plant and equipment (former BP3 project and ongoing funding ref #DCSSDS2193)", "agency": "Department of Justice", "type": "Justice & Safety", "status": null, "qld_funding": 0, "fed_funding": 0, "local_funding": 0, "own_funding": 0, "private_funding": 0, "total_funding": 305000, "region_codes": [303], "region_lga": null, "region_sed": null, "region_sa4": null, "address": null, "web_link": null, "category": "capital"}}, {"type": "Feature", "geometry": {"type": "Point", "coordinates": [153.40968647, -27.96438568]}, "properties": {"project_id": 90000275, "name": "Gold Coast Community Legal Centre", "description": "Gold Coast Community Legal Centre.", "agency": "Department of Justice", "type": "Justice & Safety", "status": null, "qld_funding": 0, "fed_funding": 0, "local_funding": 0, "own_funding": 0, "private_funding": 0, "total_funding": 1000000, "region_codes": [309], "region_lga": null, "region_sed": null, "region_sa4": null, "address": null, "web_link": null, "category": "capital"}}, {"type": "Feature", "geometry": {"type": "Point", "coordinates": [153.04364397, -27.55908292]}, "properties": {"project_id": 90000276, "name": "Forensic Science Queensland laboratory facilities upgrade", "description": "Forensic Science Queensland laboratory facilities upgrade.", "agency": "Department of Justice", "type": "Justice & Safety", "status": null, "qld_funding": 0, "fed_funding": 0, "local_funding": 0, "own_funding": 0, "private_funding": 0, "total_funding": 2000000, "region_codes": [303], "region_lga": null, "region_sed": null, "region_sa4": null, "address": null, "web_link": null, "category": "capital"}}, {"type": "Feature", "geometry": {"type": "Point", "coordinates": [146.81510055, -19.25754952]}, "properties": {"project_id": 90000277, "name": "Land acquisition -  Townsville and Beenleigh", "description": "Land acquisition - Townsville and Beenleigh.", "agency": "Department of Justice", "type": "Justice & Safety", "status": null, "qld_funding": 0, "fed_funding": 0, "local_funding": 0, "own_funding": 0, "private_funding": 0, "total_funding": 5200000, "region_codes": [318], "region_lga": null, "region_sed": null, "region_sa4": null, "address": null, "web_link": null, "category": "capital"}}, {"type": "Feature", "geometry": {"type": "Point", "coordinates": [148.24709782, -20.01267373]}, "properties": {"project_id": 90000278, "name": "Bowen and Maryborough Courthouses - heritage remediation works", "description": "Bowen and Maryborough courthouses - heritage remediation works", "agency": "Department of Justice", "type": "Justice & Safety", "status": null, "qld_funding": 0, "fed_funding": 0, "local_funding": 0, "own_funding": 0, "private_funding": 0, "total_funding": 5000000, "region_codes": [312], "region_lga": null, "region_sed": null, "region_sa4": null, "address": null, "web_link": null, "category": "capital"}}, {"type": "Feature", "geometry": {"type": "Point", "coordinates": [153.0273, -27.4754]}, "properties": {"project_id": 90000279, "name": "AV broadcast systems", "description": "Replacing ageing AV broadcast system infrastructure in the Parliamentary precinct.", "agency": "Legislative Assembly of Queensland", "type": "Government Services", "status": null, "qld_funding": 0, "fed_funding": 0, "local_funding": 0, "own_funding": 0, "private_funding": 0, "total_funding": 1648000, "region_codes": [305], "region_lga": null, "region_sed": null, "region_sa4": null, "address": null, "web_link": null, "category": "capital"}}, {"type": "Feature", "geometry": {"type": "Point", "coordinates": [153.0273, -27.4754]}, "properties": {"project_id": 90000282, "name": "Parliamentary Annexe Refurbishment Program", "description": "Delivery of the remaining stages of the Parliamentary Annexe Refurbishment Program following completion of the refurbishment of levels 9-24 in 2024. Works will focus on levels 3, 5 and 6 to address remaining building compliance issues, improve security management across the precinct, and deliver more modern and flexible workspaces.", "agency": "Legislative Assembly of Queensland", "type": "Government Services", "status": null, "qld_funding": 0, "fed_funding": 0, "local_funding": 0, "own_funding": 0, "private_funding": 0, "total_funding": 3727000, "region_codes": [305], "region_lga": null, "region_sed": null, "region_sa4": null, "address": null, "web_link": null, "category": "capital"}}, {"type": "Feature", "geometry": {"type": "Point", "coordinates": [152.55479, -27.11601]}, "properties": {"project_id": 90000285, "name": "Somerset Dam improvement project - planning and early enabling works", "description": "$113.1 million in 2025-26 out of a $514.9 million total spend to continue planning and deliver early and enabling works to improve dam safety and support future construction works which will improve the safety of Somerset Dam during extreme weather events.", "agency": "Seqwater", "type": "Utilities", "status": null, "qld_funding": 0, "fed_funding": 0, "local_funding": 0, "own_funding": 0, "private_funding": 0, "total_funding": 113050000, "region_codes": [310], "region_lga": null, "region_sed": null, "region_sa4": null, "address": null, "web_link": null, "category": "capital"}}, {"type": "Feature", "geometry": {"type": "Point", "coordinates": [152.9299, -26.3812]}, "properties": {"project_id": 90000287, "name": "Lake Macdonald Dam improvement project", "description": "$62.6 million in 2025-26 out of a $427.7 million total spend to continue construction on the Lake Macdonald Dam improvement project. The project involves strengthening the dam\u2019s foundation, building a new concrete spillway and reconstructing the existing earth embankments. Once complete, the project will ensure the dam meets modern engineering standards and continues to operate safely during extreme weather events. The project is expected to support 150 local jobs during construction and will enhance water security for the Noosa and Sunshine Coast regions.", "agency": "Seqwater", "type": "Utilities", "status": null, "qld_funding": 0, "fed_funding": 0, "local_funding": 0, "own_funding": 0, "private_funding": 0, "total_funding": 62637000, "region_codes": [316], "region_lga": null, "region_sed": null, "region_sa4": null, "address": null, "web_link": null, "category": "capital"}}, {"type": "Feature", "geometry": {"type": "Point", "coordinates": [152.79977, -27.53807]}, "properties": {"project_id": 90000289, "name": "Mount Crosby East Bank substation and enabling works", "description": "$2.6 million in 2025-26 out of a $34.7 million total spend to improve flood resilience through the provision of a new substation, civil enabling works, a financial contribution to Energex for the substation construction and the refurbishment of the community hall that would have been in close proximity to the new substation.", "agency": "Seqwater", "type": "Utilities", "status": null, "qld_funding": 0, "fed_funding": 0, "local_funding": 0, "own_funding": 0, "private_funding": 0, "total_funding": 2555000, "region_codes": [310], "region_lga": null, "region_sed": null, "region_sa4": null, "address": null, "web_link": null, "category": "capital"}}, {"type": "Feature", "geometry": {"type": "Point", "coordinates": [152.79977, -27.53807]}, "properties": {"project_id": 90000290, "name": "Mount Crosby East Bank critical electrical infrastructure upgrade", "description": "$11.7 million in 2025-26 out of a $59.3 million total spend to improve the flood resilience of critical bulk water infrastructure at Mount Crosby through upgrade of substation at Mount Crosby East Bank Water Treatment Plant.", "agency": "Seqwater", "type": "Utilities", "status": null, "qld_funding": 0, "fed_funding": 0, "local_funding": 0, "own_funding": 0, "private_funding": 0, "total_funding": 11659000, "region_codes": [310], "region_lga": null, "region_sed": null, "region_sa4": null, "address": null, "web_link": null, "category": "capital"}}, {"type": "Feature", "geometry": {"type": "Point", "coordinates": [151.91084, -27.49754]}, "properties": {"project_id": 90000291, "name": "Toowoomba to Warwick Pipeline", "description": "$142.7 million in 2025-26 out of a $273.1 million total spend to finalise preconstruction activities and commence construction of the 109 kilometre Toowoomba to Warwick Pipeline. The pipeline will provide a permanent water supply to 3,400 residents in Toowoomba\u2019s growing communities of Greenmount, Cambooya, Nobby and Clifton and drought contingency supply to 24,000 residents in Warwick and surrounding communities. The project will deliver an average of 400 jobs during construction and provide ongoing water security which is critical to the jobs, economic growth, and liveability of Queensland communities. ", "agency": "Seqwater", "type": "Utilities", "status": null, "qld_funding": 0, "fed_funding": 0, "local_funding": 0, "own_funding": 0, "private_funding": 0, "total_funding": 142744000, "region_codes": [317], "region_lga": null, "region_sed": null, "region_sa4": null, "address": null, "web_link": null, "category": "capital"}}, {"type": "Feature", "geometry": {"type": "Point", "coordinates": [152.9383558, -27.2639828]}, "properties": {"project_id": 90000292, "name": "North Pine Dam staged strengthening project ", "description": "$29.2 million in 2025-26 out of a $69.8 million total spend to deliver a staged strengthening project to reduce dam safety risk.", "agency": "Seqwater", "type": "Utilities", "status": null, "qld_funding": 0, "fed_funding": 0, "local_funding": 0, "own_funding": 0, "private_funding": 0, "total_funding": 29211000, "region_codes": [314], "region_lga": null, "region_sed": null, "region_sa4": null, "address": null, "web_link": null, "category": "capital"}}, {"type": "Feature", "geometry": {"type": "Point", "coordinates": [153.49703, -28.15663]}, "properties": {"project_id": 90000293, "name": "Gold Coast Desalination Plant augmentation and associated infrastructure - planning and early and enabling works", "description": "$22.6 million in 2025-26 out of a $108.9 million total spend to deliver early and enabling works for the Gold Coast Desalination Plant augmentation which will increase water supply and improve the drought resilience of South East Queensland's water supply. ", "agency": "Seqwater", "type": "Utilities", "status": null, "qld_funding": 0, "fed_funding": 0, "local_funding": 0, "own_funding": 0, "private_funding": 0, "total_funding": 22559000, "region_codes": [309], "region_lga": null, "region_sed": null, "region_sa4": null, "address": null, "web_link": null, "category": "capital"}}, {"type": "Feature", "geometry": {"type": "Point", "coordinates": [152.88364, -27.91344]}, "properties": {"project_id": 90000294, "name": "Wyaralong Water Treatment Plant and associated Infrastructure - planning and early enabling works", "description": "$17.8 million in 2025-26 out of a $61.9 million total spend to continue procurement and commence early and enabling works for the construction of Wyaralong Water Treatment Plant, which will connect Wyaralong Dam to the South East Queensland Water Grid and increase water supply security. ", "agency": "Seqwater", "type": "Utilities", "status": null, "qld_funding": 0, "fed_funding": 0, "local_funding": 0, "own_funding": 0, "private_funding": 0, "total_funding": 17818000, "region_codes": [311], "region_lga": null, "region_sed": null, "region_sa4": null, "address": null, "web_link": null, "category": "capital"}}, {"type": "Feature", "geometry": {"type": "Point", "coordinates": [152.7998, -27.5381]}, "properties": {"project_id": 90000296, "name": "Mount Crosby sedimentation basin package 1", "description": "$4.4 million in 2025-26 out of a $25.0 million total spend to refurbish sludge basins throughout the Mount Crosby Precinct.", "agency": "Seqwater", "type": "Utilities", "status": null, "qld_funding": 0, "fed_funding": 0, "local_funding": 0, "own_funding": 0, "private_funding": 0, "total_funding": 4419000, "region_codes": [310], "region_lga": null, "region_sed": null, "region_sa4": null, "address": null, "web_link": null, "category": "capital"}}, {"type": "Feature", "geometry": {"type": "Point", "coordinates": [152.79977, -27.53807]}, "properties": {"project_id": 90000297, "name": "Mount Crosby Holts Hill and North Pine Water Treatment Plant pH dosing package", "description": "$10.9 million in 2025-26 out of a $20.6 million total spend to deliver pH correction dosing upgrades at Mount Crosby Holts Hill and North Pine Water Treatment Plant to improve water treatment outcomes.", "agency": "Seqwater", "type": "Utilities", "status": null, "qld_funding": 0, "fed_funding": 0, "local_funding": 0, "own_funding": 0, "private_funding": 0, "total_funding": 10906000, "region_codes": [310], "region_lga": null, "region_sed": null, "region_sa4": null, "address": null, "web_link": null, "category": "capital"}}, {"type": "Feature", "geometry": {"type": "Point", "coordinates": [152.57098, -26.95044]}, "properties": {"project_id": 90000298, "name": "Kilcoy Water Treatment Plant package 1", "description": "$6.4 million in 2025-26 out of a $13.5 million total spend to upgrade Kilcoy Water Treatment Plant to improve off-grid community water supply and security.", "agency": "Seqwater", "type": "Utilities", "status": null, "qld_funding": 0, "fed_funding": 0, "local_funding": 0, "own_funding": 0, "private_funding": 0, "total_funding": 6351000, "region_codes": [313], "region_lga": null, "region_sed": null, "region_sa4": null, "address": null, "web_link": null, "category": "capital"}}, {"type": "Feature", "geometry": {"type": "Point", "coordinates": [151.30827, -24.06549]}, "properties": {"project_id": 90000304, "name": "Aquaculture Gladstone Interpretive Centre", "description": "Developing Aquaculture Gladstone interpretive displays.", "agency": "Gladstone Area Water Board", "type": "Utilities", "status": null, "qld_funding": 0, "fed_funding": 0, "local_funding": 0, "own_funding": 0, "private_funding": 0, "total_funding": 1000000, "region_codes": [308], "region_lga": null, "region_sed": null, "region_sa4": null, "address": null, "web_link": null, "category": "capital"}}, {"type": "Feature", "geometry": {"type": "Point", "coordinates": [151.91703, -25.34765]}, "properties": {"project_id": 90000305, "name": "Paradise Dam improvement project", "description": "To continue planning and enabling works at Paradise Dam for a new dam wall to meet dam safety standards and maintain regional water security.", "agency": "SunWater Limited", "type": "Utilities", "status": null, "qld_funding": 0, "fed_funding": 0, "local_funding": 0, "own_funding": 0, "private_funding": 0, "total_funding": 96893000, "region_codes": [319], "region_lga": null, "region_sed": null, "region_sa4": null, "address": null, "web_link": null, "category": "capital"}}, {"type": "Feature", "geometry": {"type": "Point", "coordinates": [151.30887, -24.068244]}, "properties": {"project_id": 90000310, "name": "Awoonga Dam improvement project - planning", "description": "Planning and assessment for the Awoonga Dam improvement project.", "agency": "Gladstone Area Water Board", "type": "Utilities", "status": null, "qld_funding": 0, "fed_funding": 0, "local_funding": 0, "own_funding": 0, "private_funding": 0, "total_funding": 325000, "region_codes": [308], "region_lga": null, "region_sed": null, "region_sa4": null, "address": null, "web_link": null, "category": "capital"}}, {"type": "Feature", "geometry": {"type": "Point", "coordinates": [151.31967, -24.045575]}, "properties": {"project_id": 90000312, "name": "Golegumma pipeline replacement ", "description": "End-of-life replacement of high-risk pipeline with new pipeline to meet the requirement for supplying treated water to Benaraby Booster Pump Station, Wurdong Reservoir and Golegumma Reservoir.", "agency": "Gladstone Area Water Board", "type": "Utilities", "status": null, "qld_funding": 0, "fed_funding": 0, "local_funding": 0, "own_funding": 0, "private_funding": 0, "total_funding": 2248000, "region_codes": [308], "region_lga": null, "region_sed": null, "region_sa4": null, "address": null, "web_link": null, "category": "capital"}}, {"type": "Feature", "geometry": {"type": "Point", "coordinates": [151.292164, -23.871184]}, "properties": {"project_id": 90000313, "name": "Queensland Alumina Limited raw water pipeline replacement", "description": "End-of-life replacement of pipe that supplies raw water to Queensland Alumina Limited.", "agency": "Gladstone Area Water Board", "type": "Utilities", "status": null, "qld_funding": 0, "fed_funding": 0, "local_funding": 0, "own_funding": 0, "private_funding": 0, "total_funding": 4800000, "region_codes": [308], "region_lga": null, "region_sed": null, "region_sa4": null, "address": null, "web_link": null, "category": "capital"}}, {"type": "Feature", "geometry": {"type": "Point", "coordinates": [151.322497, -23.927161]}, "properties": {"project_id": 90000314, "name": "Boyne Island raw and potable water pipeline replacements", "description": "End-of-life replacement of the raw water pipe that supplies Boyne Smelters Limited and the treated water pipe that supplies the Boyne Island Reservoir from Toolooa Booster Pump Station.", "agency": "Gladstone Area Water Board", "type": "Utilities", "status": null, "qld_funding": 0, "fed_funding": 0, "local_funding": 0, "own_funding": 0, "private_funding": 0, "total_funding": 2325000, "region_codes": [308], "region_lga": null, "region_sed": null, "region_sa4": null, "address": null, "web_link": null, "category": "capital"}}, {"type": "Feature", "geometry": {"type": "Point", "coordinates": [151.256840542773, -23.8444347919093]}, "properties": {"project_id": 90000315, "name": "Gladstone Office capital replacements", "description": "End-of-life replacement of air conditioning and roof replacement for Gladstone Head Office building.", "agency": "Gladstone Area Water Board", "type": "Utilities", "status": null, "qld_funding": 0, "fed_funding": 0, "local_funding": 0, "own_funding": 0, "private_funding": 0, "total_funding": 1584000, "region_codes": [308], "region_lga": null, "region_sed": null, "region_sa4": null, "address": null, "web_link": null, "category": "capital"}}, {"type": "Feature", "geometry": {"type": "Point", "coordinates": [151.87356, -26.20759]}, "properties": {"project_id": 90000317, "name": "Barlil Weir - planning", "description": "Planning work for the Barlil Weir project, as part of the Queensland Government\u2019s commitment to improve reliability of supply in the South Burnett.", "agency": "SunWater Limited", "type": "Utilities", "status": null, "qld_funding": 0, "fed_funding": 0, "local_funding": 0, "own_funding": 0, "private_funding": 0, "total_funding": 11110000, "region_codes": [319], "region_lga": null, "region_sed": null, "region_sa4": null, "address": null, "web_link": null, "category": "capital"}}, {"type": "Feature", "geometry": {"type": "Point", "coordinates": [151.3349, -25.80606]}, "properties": {"project_id": 90000318, "name": "Cooranga Weir - planning", "description": "Planning work for the Cooranga Weir project, as part of the Queensland Government\u2019s commitment to improve reliability of supply in the North Burnett.", "agency": "SunWater Limited", "type": "Utilities", "status": null, "qld_funding": 0, "fed_funding": 0, "local_funding": 0, "own_funding": 0, "private_funding": 0, "total_funding": 18608000, "region_codes": [319], "region_lga": null, "region_sed": null, "region_sa4": null, "address": null, "web_link": null, "category": "capital"}}, {"type": "Feature", "geometry": {"type": "Point", "coordinates": [152.60911, -27.39456]}, "properties": {"project_id": 90000319, "name": "Wivenhoe Dam improvement project - planning", "description": "$15.8 million in 2025-25 out of a $32.0 million total spend to continue planning work for the Wivenhoe Dam Improvement Project, which will improve dam safety and operations during extreme weather events.", "agency": "Seqwater", "type": "Utilities", "status": null, "qld_funding": 0, "fed_funding": 0, "local_funding": 0, "own_funding": 0, "private_funding": 0, "total_funding": 15840000, "region_codes": [310], "region_lga": null, "region_sed": null, "region_sa4": null, "address": null, "web_link": null, "category": "capital"}}, {"type": "Feature", "geometry": {"type": "Point", "coordinates": [152.9383558, -27.2639828]}, "properties": {"project_id": 90000320, "name": "North Pine Dam improvement project - planning", "description": "$14.2 million in 2025-26 out of a $39.8 million total spend to continue planning and investigatory works for North Pine Dam improvements to comply with dam safety standards and ensure a safe and secure water supply.", "agency": "Seqwater", "type": "Utilities", "status": null, "qld_funding": 0, "fed_funding": 0, "local_funding": 0, "own_funding": 0, "private_funding": 0, "total_funding": 14217000, "region_codes": [314], "region_lga": null, "region_sed": null, "region_sa4": null, "address": null, "web_link": null, "category": "capital"}}, {"type": "Feature", "geometry": {"type": "Point", "coordinates": [152.90846, -26.71756]}, "properties": {"project_id": 90000321, "name": "Landers Shute Water Treatment Plant pre ozone alternative", "description": "$4.5 million in 2025-26 out of a $16.2 million total spend to deliver the Landers Shute pre ozone alternative project, which aims to optimise the treatment process to maintain current performance and improve operational control of biological activity.", "agency": "Seqwater", "type": "Utilities", "status": null, "qld_funding": 0, "fed_funding": 0, "local_funding": 0, "own_funding": 0, "private_funding": 0, "total_funding": 4500000, "region_codes": [316], "region_lga": null, "region_sed": null, "region_sa4": null, "address": null, "web_link": null, "category": "capital"}}, {"type": "Feature", "geometry": {"type": "Point", "coordinates": [152.93107, -26.38061]}, "properties": {"project_id": 90000322, "name": "Northern Pipeline Interconnector stage 3 upgrade - planning", "description": "$17.9 million in 2025-26 out of a $23.6 million total spend to continue planning for the construction of a 17-kilometre water transfer pipeline from North Pine Water Treatment Plant to Morayfield, two new pump stations and a balancing storage facility enabling the transfer of up to 164 ML/day. ", "agency": "Seqwater", "type": "Utilities", "status": null, "qld_funding": 0, "fed_funding": 0, "local_funding": 0, "own_funding": 0, "private_funding": 0, "total_funding": 17913000, "region_codes": [316], "region_lga": null, "region_sed": null, "region_sa4": null, "address": null, "web_link": null, "category": "capital"}}, {"type": "Feature", "geometry": {"type": "Point", "coordinates": [139.48255, -20.69911]}, "properties": {"project_id": 90000324, "name": "Other asset enhancements", "description": "Various small asset enhancement projects, including laboratory backup and C4 filling station.", "agency": "Mount Isa Water Board", "type": "Utilities", "status": null, "qld_funding": 0, "fed_funding": 0, "local_funding": 0, "own_funding": 0, "private_funding": 0, "total_funding": 404000, "region_codes": [315], "region_lga": null, "region_sed": null, "region_sa4": null, "address": null, "web_link": null, "category": "capital"}}, {"type": "Feature", "geometry": {"type": "Point", "coordinates": [139.71386, -20.20232]}, "properties": {"project_id": 90000325, "name": "Lake Julius power pole replacement", "description": "Replacement of aged timber poles and cross-arms of the Lake Julius 66kV power line with bushfire-resistant materials (concrete and steel).", "agency": "Mount Isa Water Board", "type": "Utilities", "status": null, "qld_funding": 0, "fed_funding": 0, "local_funding": 0, "own_funding": 0, "private_funding": 0, "total_funding": 1026000, "region_codes": [315], "region_lga": null, "region_sed": null, "region_sa4": null, "address": null, "web_link": null, "category": "capital"}}, {"type": "Feature", "geometry": {"type": "Point", "coordinates": [139.71386, -20.69901]}, "properties": {"project_id": 90000326, "name": "Pipeline instrumentation and automation enhancements", "description": "Pipeline instrumentation and automation enhancements.", "agency": "Mount Isa Water Board", "type": "Utilities", "status": null, "qld_funding": 0, "fed_funding": 0, "local_funding": 0, "own_funding": 0, "private_funding": 0, "total_funding": 450000, "region_codes": [315], "region_lga": null, "region_sed": null, "region_sa4": null, "address": null, "web_link": null, "category": "capital"}}, {"type": "Feature", "geometry": {"type": "Point", "coordinates": [139.71386, -20.69901]}, "properties": {"project_id": 90000327, "name": "Supervisory Control and Data Acquisition system upgrade", "description": "Upgrade of Mount Isa Water Board's Supervisory Control and Data Acquisition system.", "agency": "Mount Isa Water Board", "type": "Utilities", "status": null, "qld_funding": 0, "fed_funding": 0, "local_funding": 0, "own_funding": 0, "private_funding": 0, "total_funding": 330000, "region_codes": [315], "region_lga": null, "region_sed": null, "region_sa4": null, "address": null, "web_link": null, "category": "capital"}}, {"type": "Feature", "geometry": {"type": "Point", "coordinates": [139.48221, -20.60457]}, "properties": {"project_id": 90000328, "name": "Col Popple Pump Station equipment renewals", "description": "Improve reliability of Col Popple Pump Station through pumps renewal and refurbishment.", "agency": "Mount Isa Water Board", "type": "Utilities", "status": null, "qld_funding": 0, "fed_funding": 0, "local_funding": 0, "own_funding": 0, "private_funding": 0, "total_funding": 1410000, "region_codes": [315], "region_lga": null, "region_sed": null, "region_sa4": null, "address": null, "web_link": null, "category": "capital"}}, {"type": "Feature", "geometry": {"type": "Point", "coordinates": [139.48328, -20.69953]}, "properties": {"project_id": 90000329, "name": "Mount Isa Terminal Reservoir water treatment upgrade", "description": "Improving Mount Isa Terminal Reservoir treatment system, including new chlorination and acid dosing, gas chlorine pipes upgrade, and new centralised filtration chemical storage system.", "agency": "Mount Isa Water Board", "type": "Utilities", "status": null, "qld_funding": 0, "fed_funding": 0, "local_funding": 0, "own_funding": 0, "private_funding": 0, "total_funding": 450000, "region_codes": [315], "region_lga": null, "region_sed": null, "region_sa4": null, "address": null, "web_link": null, "category": "capital"}}, {"type": "Feature", "geometry": {"type": "Point", "coordinates": [139.48343, -20.6984]}, "properties": {"project_id": 90000330, "name": "Mount Isa Terminal Reservoir overnight accommodation", "description": "Establishing overnight accommodation facilities at Mount Isa Terminal Reservoir for staff and contractors.", "agency": "Mount Isa Water Board", "type": "Utilities", "status": null, "qld_funding": 0, "fed_funding": 0, "local_funding": 0, "own_funding": 0, "private_funding": 0, "total_funding": 1000000, "region_codes": [315], "region_lga": null, "region_sed": null, "region_sa4": null, "address": null, "web_link": null, "category": "capital"}}, {"type": "Feature", "geometry": {"type": "Point", "coordinates": [139.48221, -20.60457]}, "properties": {"project_id": 90000331, "name": "Col Popple Pump Station switchgear renewals", "description": "Improving reliability of Col Popple Pump Station through high-voltage electrical equipment renewal and refurbishment.", "agency": "Mount Isa Water Board", "type": "Utilities", "status": null, "qld_funding": 0, "fed_funding": 0, "local_funding": 0, "own_funding": 0, "private_funding": 0, "total_funding": 100000, "region_codes": [315], "region_lga": null, "region_sed": null, "region_sa4": null, "address": null, "web_link": null, "category": "capital"}}, {"type": "Feature", "geometry": {"type": "Point", "coordinates": [139.48343, -20.6984]}, "properties": {"project_id": 90000332, "name": "Main office and Mount Isa Terminal Reservoir office accommodation refurbishment", "description": "Refurbishing work offices at Mount Isa Terminal Reservoir and the main office.", "agency": "Mount Isa Water Board", "type": "Utilities", "status": null, "qld_funding": 0, "fed_funding": 0, "local_funding": 0, "own_funding": 0, "private_funding": 0, "total_funding": 1500000, "region_codes": [315], "region_lga": null, "region_sed": null, "region_sa4": null, "address": null, "web_link": null, "category": "capital"}}, {"type": "Feature", "geometry": {"type": "Point", "coordinates": [139.48255, -20.69911]}, "properties": {"project_id": 90000333, "name": "Critical spares procurement", "description": "Procurement of spare parts for critical water infrastructure, including critical pipelines and treatment plants.", "agency": "Mount Isa Water Board", "type": "Utilities", "status": null, "qld_funding": 0, "fed_funding": 0, "local_funding": 0, "own_funding": 0, "private_funding": 0, "total_funding": 454000, "region_codes": [315], "region_lga": null, "region_sed": null, "region_sa4": null, "address": null, "web_link": null, "category": "capital"}}, {"type": "Feature", "geometry": {"type": "Point", "coordinates": [139.48255, -20.69911]}, "properties": {"project_id": 90000334, "name": "Mobile plant equipment renewals", "description": "Procurement to renew ageing mobile plants and vehicle fleet.", "agency": "Mount Isa Water Board", "type": "Utilities", "status": null, "qld_funding": 0, "fed_funding": 0, "local_funding": 0, "own_funding": 0, "private_funding": 0, "total_funding": 888000, "region_codes": [315], "region_lga": null, "region_sed": null, "region_sa4": null, "address": null, "web_link": null, "category": "capital"}}, {"type": "Feature", "geometry": {"type": "Point", "coordinates": [139.54357, -20.60242]}, "properties": {"project_id": 90000335, "name": "Flow meter replacement - stage 2", "description": "Continuing to replace aged and deteriorated revenue and distribution flow meters with compliant, pattern-approved models.", "agency": "Mount Isa Water Board", "type": "Utilities", "status": null, "qld_funding": 0, "fed_funding": 0, "local_funding": 0, "own_funding": 0, "private_funding": 0, "total_funding": 339000, "region_codes": [315], "region_lga": null, "region_sed": null, "region_sa4": null, "address": null, "web_link": null, "category": "capital"}}, {"type": "Feature", "geometry": {"type": "Point", "coordinates": [139.54252, -20.60171]}, "properties": {"project_id": 90000336, "name": "Pontoon access for Lake Moondarra transfer pumps", "description": "Improving personnel safety at Lake Moondarra transfer pumps through the installation of access pontoons.", "agency": "Mount Isa Water Board", "type": "Utilities", "status": null, "qld_funding": 0, "fed_funding": 0, "local_funding": 0, "own_funding": 0, "private_funding": 0, "total_funding": 640000, "region_codes": [315], "region_lga": null, "region_sed": null, "region_sa4": null, "address": null, "web_link": null, "category": "capital"}}, {"type": "Feature", "geometry": {"type": "Point", "coordinates": [139.54182, -20.60599]}, "properties": {"project_id": 90000337, "name": "Clear Water Lagoon diesel pump upgrades", "description": "Renewing the discharge pipes of the Clear Water Lagoon diesel pump and implementing bushfire safety upgrades.", "agency": "Mount Isa Water Board", "type": "Utilities", "status": null, "qld_funding": 0, "fed_funding": 0, "local_funding": 0, "own_funding": 0, "private_funding": 0, "total_funding": 300000, "region_codes": [315], "region_lga": null, "region_sed": null, "region_sa4": null, "address": null, "web_link": null, "category": "capital"}}, {"type": "Feature", "geometry": {"type": "Point", "coordinates": [145.638712, -16.818372]}, "properties": {"project_id": 90000341, "name": "Kuranda infrastructure levy", "description": "Under the Kuranda Infrastructure Agreement, the Queensland Government provides for a contribution of levy monies from the Kuranda Scenic Railway to Mareeba Shire Council to support investment in new infrastructure and capital maintenance in Kuranda.", "agency": "Department of Local Government, Water and Volunteers", "type": "Government Services", "status": null, "qld_funding": 0, "fed_funding": 0, "local_funding": 0, "own_funding": 0, "private_funding": 0, "total_funding": 444000, "region_codes": [306], "region_lga": null, "region_sed": null, "region_sa4": null, "address": null, "web_link": null, "category": "capital"}}, {"type": "Feature", "geometry": {"type": "Point", "coordinates": [150.51406978, -23.38240401]}, "properties": {"project_id": 90000342, "name": "Mount Morgan Pipeline", "description": "Constructing a drinking water pipeline from Gracemere to Mount Morgan and necessary water infrastructure upgrades in Gracemere, in partnership with the Australian Government.", "agency": "Department of Local Government, Water and Volunteers", "type": "Government Services", "status": null, "qld_funding": 0, "fed_funding": 0, "local_funding": 0, "own_funding": 0, "private_funding": 0, "total_funding": 2500000, "region_codes": [308], "region_lga": null, "region_sed": null, "region_sa4": null, "address": null, "web_link": null, "category": "capital"}}, {"type": "Feature", "geometry": {"type": "Point", "coordinates": [151.6384, -27.8711]}, "properties": {"project_id": 90000343, "name": "Fish-friendly water extraction project: Condamine-Balonne and Border Rivers", "description": "Screening pumps and diversion infrastructure to ensure fish are not removed from northern Basin rivers and to increase uptake of screen technology by irrigator.", "agency": "Department of Local Government, Water and Volunteers", "type": "Government Services", "status": null, "qld_funding": 0, "fed_funding": 0, "local_funding": 0, "own_funding": 0, "private_funding": 0, "total_funding": 1325000, "region_codes": [307], "region_lga": null, "region_sed": null, "region_sa4": null, "address": null, "web_link": null, "category": "capital"}}, {"type": "Feature", "geometry": {"type": "Point", "coordinates": [152.0344970397122, -28.21452086635102]}, "properties": {"project_id": 90000344, "name": "Southern Downs smart reticulation and network monitoring", "description": "Install water monitoring across Southern Downs Regional Council reticulation network to identify where water is being lost or taken.", "agency": "Department of Local Government, Water and Volunteers", "type": "Government Services", "status": null, "qld_funding": 0, "fed_funding": 0, "local_funding": 0, "own_funding": 0, "private_funding": 0, "total_funding": 1700000, "region_codes": [307], "region_lga": null, "region_sed": null, "region_sa4": null, "address": null, "web_link": null, "category": "capital"}}, {"type": "Feature", "geometry": {"type": "Point", "coordinates": [151.86526229586053, -27.706871900712937]}, "properties": {"project_id": 90000345, "name": "Toowoomba water treatment to 4 communities", "description": "Construction of water treatment and supply works to its 4 satellite communities of Cambooya, Greenmount, Nobby and Clifton.", "agency": "Department of Local Government, Water and Volunteers", "type": "Government Services", "status": null, "qld_funding": 0, "fed_funding": 0, "local_funding": 0, "own_funding": 0, "private_funding": 0, "total_funding": 3000000, "region_codes": [317], "region_lga": null, "region_sed": null, "region_sa4": null, "address": null, "web_link": null, "category": "capital"}}, {"type": "Feature", "geometry": {"type": "Point", "coordinates": [147.3915, -19.5817]}, "properties": {"project_id": 90000347, "name": "Ayr Water Treatment Plant Stage 1", "description": "Construction of a Water Treatment Plant Stage 1 and borefield upgrades in Ayr.", "agency": "Department of Local Government, Water and Volunteers", "type": "Government Services", "status": null, "qld_funding": 0, "fed_funding": 0, "local_funding": 0, "own_funding": 0, "private_funding": 0, "total_funding": 6123000, "region_codes": [318], "region_lga": null, "region_sed": null, "region_sa4": null, "address": null, "web_link": null, "category": "capital"}}, {"type": "Feature", "geometry": {"type": "Point", "coordinates": [146.80815, -19.27384]}, "properties": {"project_id": 90000348, "name": "Lansdown Eco-Industrial Estate Precinct", "description": "Construction of a 13-kilometre raw water pipeline and pumping station connecting the Lansdown Eco-Industrial Precinct to the Haughton Pipeline, and a water reservoir.", "agency": "Department of Local Government, Water and Volunteers", "type": "Government Services", "status": null, "qld_funding": 0, "fed_funding": 0, "local_funding": 0, "own_funding": 0, "private_funding": 0, "total_funding": 15250000, "region_codes": [318], "region_lga": null, "region_sed": null, "region_sa4": null, "address": null, "web_link": null, "category": "capital"}}, {"type": "Feature", "geometry": {"type": "Point", "coordinates": [139.51372, -21.694544]}, "properties": {"project_id": 90000356, "name": "Dajarra water security", "description": "Improving water quality and reliability for the Dajarra community through new bores, upgraded water mains, and supporting infrastructure, in partnership with the Australian Government.", "agency": "Department of Local Government, Water and Volunteers", "type": "Government Services", "status": null, "qld_funding": 0, "fed_funding": 0, "local_funding": 0, "own_funding": 0, "private_funding": 0, "total_funding": 169000, "region_codes": [315], "region_lga": null, "region_sed": null, "region_sa4": null, "address": null, "web_link": null, "category": "capital"}}, {"type": "Feature", "geometry": {"type": "Point", "coordinates": [139.3499, -25.89168]}, "properties": {"project_id": 90000357, "name": "Birdsville water security", "description": "In partnership with the Australian Government, the project will improve the town\u2019s water supply by upgrading cooling infrastructure and installing a temporary heat exchanger to ensure safe and reliable access to water.", "agency": "Department of Local Government, Water and Volunteers", "type": "Government Services", "status": null, "qld_funding": 0, "fed_funding": 0, "local_funding": 0, "own_funding": 0, "private_funding": 0, "total_funding": 500000, "region_codes": [315], "region_lga": null, "region_sed": null, "region_sa4": null, "address": null, "web_link": null, "category": "capital"}}, {"type": "Feature", "geometry": {"type": "Point", "coordinates": [145.318036, -15.943242]}, "properties": {"project_id": 90000358, "name": "Wujal Wujal water infrastructure upgrades", "description": "In partnership with the Australian Government, the project will deliver a new water treatment plant to improve water quality and reliability for the Wujal Wujal community.", "agency": "Department of Local Government, Water and Volunteers", "type": "Government Services", "status": null, "qld_funding": 0, "fed_funding": 0, "local_funding": 0, "own_funding": 0, "private_funding": 0, "total_funding": 2100000, "region_codes": [315], "region_lga": null, "region_sed": null, "region_sa4": null, "address": null, "web_link": null, "category": "capital"}}, {"type": "Feature", "geometry": {"type": "Point", "coordinates": [151.996, -26.296]}, "properties": {"project_id": 90000359, "name": "Cherbourg water quality", "description": "This project, in partnership with the Australian Government, aims to deliver safe and reliable drinking water to the Cherbourg community by upgrading its ageing treatment and distribution infrastructure.", "agency": "Department of Local Government, Water and Volunteers", "type": "Government Services", "status": null, "qld_funding": 0, "fed_funding": 0, "local_funding": 0, "own_funding": 0, "private_funding": 0, "total_funding": 8000000, "region_codes": [319], "region_lga": null, "region_sed": null, "region_sa4": null, "address": null, "web_link": null, "category": "capital"}}, {"type": "Feature", "geometry": {"type": "Point", "coordinates": [138.83126, -17.94102]}, "properties": {"project_id": 90000361, "name": "Doomadgee water supply", "description": "Improving drinking water quality and reliability for the Doomadgee community through upgrades to treatment, storage, and distribution, in partnership with the Australian Government.", "agency": "Department of Local Government, Water and Volunteers", "type": "Government Services", "status": null, "qld_funding": 0, "fed_funding": 0, "local_funding": 0, "own_funding": 0, "private_funding": 0, "total_funding": 1800000, "region_codes": [315], "region_lga": null, "region_sed": null, "region_sa4": null, "address": null, "web_link": null, "category": "capital"}}, {"type": "Feature", "geometry": {"type": "Point", "coordinates": [142.38, -10.9]}, "properties": {"project_id": 90000362, "name": "Northern Peninsula Area water supply", "description": "Partnering with the Australian Government to deliver safe, reliable drinking water to 5 Indigenous communities in Far North Queensland by upgrading the Bamaga Water Treatment Plant and regional distribution network.", "agency": "Department of Local Government, Water and Volunteers", "type": "Government Services", "status": null, "qld_funding": 0, "fed_funding": 0, "local_funding": 0, "own_funding": 0, "private_funding": 0, "total_funding": 500000, "region_codes": [315], "region_lga": null, "region_sed": null, "region_sa4": null, "address": null, "web_link": null, "category": "capital"}}, {"type": "Feature", "geometry": {"type": "Point", "coordinates": [153.008318, -27.321337]}, "properties": {"project_id": 90000363, "name": "Bald Hills Memorial Hall", "description": "Upgrade the Bald Hills Memorial Hall amenities block to improve accessibility.", "agency": "Department of Local Government, Water and Volunteers", "type": "Government Services", "status": null, "qld_funding": 0, "fed_funding": 0, "local_funding": 0, "own_funding": 0, "private_funding": 0, "total_funding": 300000, "region_codes": [302], "region_lga": null, "region_sed": null, "region_sa4": null, "address": null, "web_link": null, "category": "capital"}}, {"type": "Feature", "geometry": {"type": "Point", "coordinates": [153.14833, -27.60056]}, "properties": {"project_id": 90000364, "name": "Underwood Park, Logan", "description": "Upgrades to carpark at Underwood Park, Logan.", "agency": "Department of Local Government, Water and Volunteers", "type": "Government Services", "status": null, "qld_funding": 0, "fed_funding": 0, "local_funding": 0, "own_funding": 0, "private_funding": 0, "total_funding": 1000000, "region_codes": [311], "region_lga": null, "region_sed": null, "region_sa4": null, "address": null, "web_link": null, "category": "capital"}}, {"type": "Feature", "geometry": {"type": "Point", "coordinates": [153.0621, -26.3981]}, "properties": {"project_id": 90000365, "name": "Gympie Terrace, Noosa foreshore", "description": "Construction of new public toilets at Gympie Terrace, Noosa.", "agency": "Department of Local Government, Water and Volunteers", "type": "Government Services", "status": null, "qld_funding": 0, "fed_funding": 0, "local_funding": 0, "own_funding": 0, "private_funding": 0, "total_funding": 1000000, "region_codes": [316], "region_lga": null, "region_sed": null, "region_sa4": null, "address": null, "web_link": null, "category": "capital"}}, {"type": "Feature", "geometry": {"type": "Point", "coordinates": [153.0527, -27.1304]}, "properties": {"project_id": 90000367, "name": "Clayton Park playground, Beachmere", "description": "Upgrade playground at Clayton Park, Beachmere.", "agency": "Department of Local Government, Water and Volunteers", "type": "Government Services", "status": null, "qld_funding": 0, "fed_funding": 0, "local_funding": 0, "own_funding": 0, "private_funding": 0, "total_funding": 500000, "region_codes": [313], "region_lga": null, "region_sed": null, "region_sa4": null, "address": null, "web_link": null, "category": "capital"}}, {"type": "Feature", "geometry": {"type": "Point", "coordinates": [146.7799, -19.3034]}, "properties": {"project_id": 90000368, "name": "Aplins Weir Park, Townsville", "description": "Install a new public toilet at Aplins Weir Park, Townsville including power, water and wastewater to site.", "agency": "Department of Local Government, Water and Volunteers", "type": "Government Services", "status": null, "qld_funding": 0, "fed_funding": 0, "local_funding": 0, "own_funding": 0, "private_funding": 0, "total_funding": 750000, "region_codes": [318], "region_lga": null, "region_sed": null, "region_sa4": null, "address": null, "web_link": null, "category": "capital"}}, {"type": "Feature", "geometry": {"type": "Point", "coordinates": [152.3833, -27.6333]}, "properties": {"project_id": 90000369, "name": "Community playground facilities in Laidley, Gatton, Lowood and Fernvale", "description": "Upgrade of community playground facilities in Laidley, Gatton, Lowood and Fernvale.", "agency": "Department of Local Government, Water and Volunteers", "type": "Government Services", "status": null, "qld_funding": 0, "fed_funding": 0, "local_funding": 0, "own_funding": 0, "private_funding": 0, "total_funding": 333000, "region_codes": [310], "region_lga": null, "region_sed": null, "region_sa4": null, "address": null, "web_link": null, "category": "capital"}}, {"type": "Feature", "geometry": {"type": "Point", "coordinates": [145.7379, -16.9605]}, "properties": {"project_id": 90000370, "name": "Jeff Pezzuti Park Youth Activities Centre, Cairns", "description": "The Jeff Pezzutti Park Youth Activities Centre upgrade in Cairns features a new youth space with a skate park, multi-use court, playground, and pump track.", "agency": "Department of Local Government, Water and Volunteers", "type": "Government Services", "status": null, "qld_funding": 0, "fed_funding": 0, "local_funding": 0, "own_funding": 0, "private_funding": 0, "total_funding": 500000, "region_codes": [306], "region_lga": null, "region_sed": null, "region_sa4": null, "address": null, "web_link": null, "category": "capital"}}, {"type": "Feature", "geometry": {"type": "Point", "coordinates": [141.72486, -13.35628]}, "properties": {"project_id": 90000374, "name": "Aurukun drinking water security", "description": "The project will deliver essential upgrades to improve drinking water supply infrastructure for the remote First Nations community of Aurukun.", "agency": "Department of Local Government, Water and Volunteers", "type": "Government Services", "status": null, "qld_funding": 0, "fed_funding": 0, "local_funding": 0, "own_funding": 0, "private_funding": 0, "total_funding": 3000000, "region_codes": [315], "region_lga": null, "region_sed": null, "region_sa4": null, "address": null, "web_link": null, "category": "capital"}}, {"type": "Feature", "geometry": {"type": "Point", "coordinates": [145.77, -20.33]}, "properties": {"project_id": 90000391, "name": "Abandoned Mine Lands Program", "description": "To manage significant public health and safety, property and environmental risks at high-risk abandoned mine sites. This project forms part of the Queensland Government\u2019s Abandoned Mine Lands Program.", "agency": "Department of Natural Resources and Mines, Manufacturing and Regional and Rural Development", "type": "Government Services", "status": null, "qld_funding": 0, "fed_funding": 0, "local_funding": 0, "own_funding": 0, "private_funding": 0, "total_funding": 880000, "region_codes": [318], "region_lga": null, "region_sed": null, "region_sa4": null, "address": null, "web_link": null, "category": "capital"}}, {"type": "Feature", "geometry": {"type": "Point", "coordinates": [153.407, -27.5041]}, "properties": {"project_id": 90000392, "name": "Other Capital Grants", "description": "Capital grants to support the restoration of facilities in local areas.", "agency": "Department of Natural Resources and Mines, Manufacturing and Regional and Rural Development", "type": "Government Services", "status": null, "qld_funding": 0, "fed_funding": 0, "local_funding": 0, "own_funding": 0, "private_funding": 0, "total_funding": 500000, "region_codes": [301], "region_lga": null, "region_sed": null, "region_sa4": null, "address": null, "web_link": null, "category": "capital"}}, {"type": "Feature", "geometry": {"type": "Point", "coordinates": [146.84239224, -19.31456109]}, "properties": {"project_id": 90000398, "name": "Queensland Resources Common User Facility Preparation for Operation", "description": "To support preparations for operation of the Queensland Resources Common User Facility (QRCUF).", "agency": "Department of Natural Resources and Mines, Manufacturing and Regional and Rural Development", "type": "Government Services", "status": null, "qld_funding": 0, "fed_funding": 0, "local_funding": 0, "own_funding": 0, "private_funding": 0, "total_funding": 2369000, "region_codes": [318], "region_lga": null, "region_sed": null, "region_sa4": null, "address": null, "web_link": null, "category": "capital"}}, {"type": "Feature", "geometry": {"type": "Point", "coordinates": [153.025851, -27.47519]}, "properties": {"project_id": 90000401, "name": "Departmental ICT systems and other minor works", "description": "$374,000 for ongoing upgrades of the departmental ICT systems and other minor works.", "agency": "Department of the Premier and Cabinet", "type": "Government Services", "status": null, "qld_funding": 0, "fed_funding": 0, "local_funding": 0, "own_funding": 0, "private_funding": 0, "total_funding": 374000, "region_codes": [305], "region_lga": null, "region_sed": null, "region_sa4": null, "address": null, "web_link": null, "category": "capital"}}, {"type": "Feature", "geometry": {"type": "Point", "coordinates": [153.025851, -27.47519]}, "properties": {"project_id": 90000403, "name": "Ministerial Offices and Office of the Leader of the Opposition - ICT systems and other minor works", "description": "$185,000 for ongoing upgrades of existing Ministerial Services ICT systems and other minor works.", "agency": "Department of the Premier and Cabinet", "type": "Government Services", "status": null, "qld_funding": 0, "fed_funding": 0, "local_funding": 0, "own_funding": 0, "private_funding": 0, "total_funding": 185000, "region_codes": [305], "region_lga": null, "region_sed": null, "region_sa4": null, "address": null, "web_link": null, "category": "capital"}}, {"type": "Feature", "geometry": {"type": "Point", "coordinates": [148.1843, -23.52284]}, "properties": {"project_id": 90000404, "name": "Master Plan and AgTech Infrastructure Development at Emerald", "description": "Upgrades to infrastructure and equipment to support horticulture productivity and profitability at Emerald.", "agency": "Department of Primary Industries", "type": "Government Services", "status": null, "qld_funding": 0, "fed_funding": 0, "local_funding": 0, "own_funding": 0, "private_funding": 0, "total_funding": 3445000, "region_codes": [308], "region_lga": null, "region_sed": null, "region_sa4": null, "address": null, "web_link": null, "category": "capital"}}, {"type": "Feature", "geometry": {"type": "Point", "coordinates": [152.33115, -27.54435]}, "properties": {"project_id": 90000405, "name": "Master Plan and AgTech Infrastructure Development at Gatton", "description": "Upgrades to infrastructure and equipment to support horticulture productivity and profitability at Gatton.", "agency": "Department of Primary Industries", "type": "Government Services", "status": null, "qld_funding": 0, "fed_funding": 0, "local_funding": 0, "own_funding": 0, "private_funding": 0, "total_funding": 284000, "region_codes": [317], "region_lga": null, "region_sed": null, "region_sa4": null, "address": null, "web_link": null, "category": "capital"}}, {"type": "Feature", "geometry": {"type": "Point", "coordinates": [150.51832, -23.313]}, "properties": {"project_id": 90000406, "name": "Minor works", "description": "New and replacement infrastructure for Department of Primary Industries buildings.", "agency": "Department of Primary Industries", "type": "Government Services", "status": null, "qld_funding": 0, "fed_funding": 0, "local_funding": 0, "own_funding": 0, "private_funding": 0, "total_funding": 430000, "region_codes": [308], "region_lga": null, "region_sed": null, "region_sa4": null, "address": null, "web_link": null, "category": "capital"}}, {"type": "Feature", "geometry": {"type": "Point", "coordinates": [151.9333483, -27.5329971]}, "properties": {"project_id": 90000407, "name": "Heavy plant and equipment", "description": "New and replacement heavy plant and equipment including trucks, tractors, irrigators, all-terrain vehicles and other machinery.", "agency": "Department of Primary Industries", "type": "Government Services", "status": null, "qld_funding": 0, "fed_funding": 0, "local_funding": 0, "own_funding": 0, "private_funding": 0, "total_funding": 1000000, "region_codes": [317], "region_lga": null, "region_sed": null, "region_sa4": null, "address": null, "web_link": null, "category": "capital"}}, {"type": "Feature", "geometry": {"type": "Point", "coordinates": [152.5617, -26.3828]}, "properties": {"project_id": 90000409, "name": "Vessels and marine equipment", "description": "Continued replacement of vessels and marine equipment for fisheries research and regulatory functions.", "agency": "Department of Primary Industries", "type": "Government Services", "status": null, "qld_funding": 0, "fed_funding": 0, "local_funding": 0, "own_funding": 0, "private_funding": 0, "total_funding": 100000, "region_codes": [319], "region_lga": null, "region_sed": null, "region_sa4": null, "address": null, "web_link": null, "category": "capital"}}, {"type": "Feature", "geometry": {"type": "Point", "coordinates": [153.0425145, -27.5589292]}, "properties": {"project_id": 90000410, "name": "Scientific equipment ", "description": "Provides funding for the purchase and replacement of scientific equipment items that relate to core service delivery needs.", "agency": "Department of Primary Industries", "type": "Government Services", "status": null, "qld_funding": 0, "fed_funding": 0, "local_funding": 0, "own_funding": 0, "private_funding": 0, "total_funding": 799000, "region_codes": [303], "region_lga": null, "region_sed": null, "region_sa4": null, "address": null, "web_link": null, "category": "capital"}}, {"type": "Feature", "geometry": {"type": "Point", "coordinates": [153.25185, -27.52788]}, "properties": {"project_id": 90000411, "name": "Research facilities development", "description": "New and upgrades to existing departmental research facilities in rural and regional Queensland.", "agency": "Department of Primary Industries", "type": "Government Services", "status": null, "qld_funding": 0, "fed_funding": 0, "local_funding": 0, "own_funding": 0, "private_funding": 0, "total_funding": 327000, "region_codes": [301], "region_lga": null, "region_sed": null, "region_sa4": null, "address": null, "web_link": null, "category": "capital"}}, {"type": "Feature", "geometry": {"type": "Point", "coordinates": [148.76404, -26.57837]}, "properties": {"project_id": 90000412, "name": "Wild Dog Barrier Fence", "description": "Replacement and minor upgrades to infrastructure, buildings and associated plant and equipment.", "agency": "Department of Primary Industries", "type": "Government Services", "status": null, "qld_funding": 0, "fed_funding": 0, "local_funding": 0, "own_funding": 0, "private_funding": 0, "total_funding": 1675000, "region_codes": [307], "region_lga": null, "region_sed": null, "region_sa4": null, "address": null, "web_link": null, "category": "capital"}}, {"type": "Feature", "geometry": {"type": "Point", "coordinates": [153.19594, -27.05519]}, "properties": {"project_id": 90000413, "name": "Aquaculture Transformation at Bribie Island", "description": "Contributing to industry development, regulatory reform, research and extension to support aquaculture transformation and a diverse aquaculture industry.", "agency": "Department of Primary Industries", "type": "Government Services", "status": null, "qld_funding": 0, "fed_funding": 0, "local_funding": 0, "own_funding": 0, "private_funding": 0, "total_funding": 840000, "region_codes": [313], "region_lga": null, "region_sed": null, "region_sa4": null, "address": null, "web_link": null, "category": "capital"}}, {"type": "Feature", "geometry": {"type": "Point", "coordinates": [153.047491, -27.436377]}, "properties": {"project_id": 90000414, "name": "Racing Science Centre laboratory technology upgrades", "description": "Ongoing capital program for the Racing Science Centre as part of the QRIC's Compliance Enforcement Framework. This will enable the upgrade of core drug testing technology and investment in new technology to provide high quality testing services.", "agency": "Queensland Racing Integrity Commission", "type": "Recreation & Culture", "status": null, "qld_funding": 0, "fed_funding": 0, "local_funding": 0, "own_funding": 0, "private_funding": 0, "total_funding": 2700000, "region_codes": [305], "region_lga": null, "region_sed": null, "region_sa4": null, "address": null, "web_link": null, "category": "capital"}}, {"type": "Feature", "geometry": {"type": "Point", "coordinates": [145.78652, -16.94726]}, "properties": {"project_id": 90000417, "name": "Patrol Vessel Flinders half life refit", "description": "Half life refit for the Flinders to ensure ongoing compliance and operational requirements.", "agency": "Department of Primary Industries", "type": "Government Services", "status": null, "qld_funding": 0, "fed_funding": 0, "local_funding": 0, "own_funding": 0, "private_funding": 0, "total_funding": 700000, "region_codes": [306], "region_lga": null, "region_sed": null, "region_sa4": null, "address": null, "web_link": null, "category": "capital"}}, {"type": "Feature", "geometry": {"type": "Point", "coordinates": [153.2473306, -27.5271444]}, "properties": {"project_id": 90000419, "name": "Infrastructure for the Building Resilience to Manage Fruit Fly Project at Redlands", "description": "Infrastructure and buildings to support the Building Resilience to Manage Fruit Fly Project.", "agency": "Department of Primary Industries", "type": "Government Services", "status": null, "qld_funding": 0, "fed_funding": 0, "local_funding": 0, "own_funding": 0, "private_funding": 0, "total_funding": 1200000, "region_codes": [301], "region_lga": null, "region_sed": null, "region_sa4": null, "address": null, "web_link": null, "category": "capital"}}, {"type": "Feature", "geometry": {"type": "Point", "coordinates": [152.914461, -27.580877]}, "properties": {"project_id": 90000420, "name": "Air handling units upgrade at Tick Fever Centre Wacol", "description": "To upgrade the Tick Fever Centre air handling units to support the ongoing manufacture of the tick fever vaccine.", "agency": "Department of Primary Industries", "type": "Government Services", "status": null, "qld_funding": 0, "fed_funding": 0, "local_funding": 0, "own_funding": 0, "private_funding": 0, "total_funding": 500000, "region_codes": [310], "region_lga": null, "region_sed": null, "region_sa4": null, "address": null, "web_link": null, "category": "capital"}}, {"type": "Feature", "geometry": {"type": "Point", "coordinates": [152.33115, -27.54435]}, "properties": {"project_id": 90000421, "name": "Gatton Research Facility Glasshouse", "description": "Construction of a 6 bay glasshouse to support ongoing research activities.", "agency": "Department of Primary Industries", "type": "Government Services", "status": null, "qld_funding": 0, "fed_funding": 0, "local_funding": 0, "own_funding": 0, "private_funding": 0, "total_funding": 1818000, "region_codes": [317], "region_lga": null, "region_sed": null, "region_sa4": null, "address": null, "web_link": null, "category": "capital"}}, {"type": "Feature", "geometry": {"type": "Point", "coordinates": [148.711201, -20.268773]}, "properties": {"project_id": 90000422, "name": "North Queensland 18m Offshore Vessel", "description": "New vessel to ensure ongoing compliance and operational requirements in North Queensland.", "agency": "Department of Primary Industries", "type": "Government Services", "status": null, "qld_funding": 0, "fed_funding": 0, "local_funding": 0, "own_funding": 0, "private_funding": 0, "total_funding": 2000000, "region_codes": [312], "region_lga": null, "region_sed": null, "region_sa4": null, "address": null, "web_link": null, "category": "capital"}}, {"type": "Feature", "geometry": {"type": "Point", "coordinates": [153.247564, -27.525988]}, "properties": {"project_id": 90000423, "name": "Patrol Vessel AJ Thwaites half life refit", "description": "Half life refit for the AJ Thwaites to ensure ongoing compliance and operational requirements.", "agency": "Department of Primary Industries", "type": "Government Services", "status": null, "qld_funding": 0, "fed_funding": 0, "local_funding": 0, "own_funding": 0, "private_funding": 0, "total_funding": 250000, "region_codes": [301], "region_lga": null, "region_sed": null, "region_sa4": null, "address": null, "web_link": null, "category": "capital"}}, {"type": "Feature", "geometry": {"type": "Point", "coordinates": [153.374306, -27.869751]}, "properties": {"project_id": 90000424, "name": "Hope Harbour Marina Precinct refurbishment", "description": "The Hope Harbour Marina Precinct refurbishment to meet the Department of Primary Industries' ongoing business requirements.", "agency": "Department of Primary Industries", "type": "Government Services", "status": null, "qld_funding": 0, "fed_funding": 0, "local_funding": 0, "own_funding": 0, "private_funding": 0, "total_funding": 900000, "region_codes": [309], "region_lga": null, "region_sed": null, "region_sa4": null, "address": null, "web_link": null, "category": "capital"}}, {"type": "Feature", "geometry": {"type": "Point", "coordinates": [148.727066, -20.2826]}, "properties": {"project_id": 90000425, "name": "Airlie Beach Rigid Hull Inflatable Boat (RHIB)", "description": "Upgrade to the current inflatable boat to maintain operational efficiencies.", "agency": "Department of Primary Industries", "type": "Government Services", "status": null, "qld_funding": 0, "fed_funding": 0, "local_funding": 0, "own_funding": 0, "private_funding": 0, "total_funding": 200000, "region_codes": [312], "region_lga": null, "region_sed": null, "region_sa4": null, "address": null, "web_link": null, "category": "capital"}}, {"type": "Feature", "geometry": {"type": "Point", "coordinates": [152.76955953711072, -28.32595970984456]}, "properties": {"project_id": 90000428, "name": "Low Custody Uplift - Palen Creek Correctional Centre", "description": "To increase low custody capacity, fencing and infrastructure at the Palen Creek correctional centre.", "agency": "Queensland Corrective Services", "type": "Justice & Safety", "status": null, "qld_funding": 0, "fed_funding": 0, "local_funding": 0, "own_funding": 0, "private_funding": 0, "total_funding": 10000000, "region_codes": [311], "region_lga": null, "region_sed": null, "region_sa4": null, "address": null, "web_link": null, "category": "capital"}}, {"type": "Feature", "geometry": {"type": "Point", "coordinates": [146.841352, -19.3503748]}, "properties": {"project_id": 90000429, "name": "Low Custody Uplift - Townsville Correctional Centre", "description": "To increase low custody capacity, fencing and infrastructure at the Townsville correctional centre.", "agency": "Queensland Corrective Services", "type": "Justice & Safety", "status": null, "qld_funding": 0, "fed_funding": 0, "local_funding": 0, "own_funding": 0, "private_funding": 0, "total_funding": 8000000, "region_codes": [318], "region_lga": null, "region_sed": null, "region_sa4": null, "address": null, "web_link": null, "category": "capital"}}, {"type": "Feature", "geometry": {"type": "Point", "coordinates": [153.2106428, -28.1641526]}, "properties": {"project_id": 90000430, "name": "Low Custody Uplift - Numinbah Correctional Centre", "description": "To increase low custody capacity, fencing and infrastructure at the Numinbah correctional centre.", "agency": "Queensland Corrective Services", "type": "Justice & Safety", "status": null, "qld_funding": 0, "fed_funding": 0, "local_funding": 0, "own_funding": 0, "private_funding": 0, "total_funding": 8000000, "region_codes": [309], "region_lga": null, "region_sed": null, "region_sa4": null, "address": null, "web_link": null, "category": "capital"}}, {"type": "Feature", "geometry": {"type": "Point", "coordinates": [145.3615182972142, -17.112250960270277]}, "properties": {"project_id": 90000431, "name": "Low Custody Uplift - Lotus Glen Correctional Centre", "description": "To increase low custody capacity, fencing and infrastructure at the Lotus Glen correctional centre.", "agency": "Queensland Corrective Services", "type": "Justice & Safety", "status": null, "qld_funding": 0, "fed_funding": 0, "local_funding": 0, "own_funding": 0, "private_funding": 0, "total_funding": 4000000, "region_codes": [315], "region_lga": null, "region_sed": null, "region_sa4": null, "address": null, "web_link": null, "category": "capital"}}, {"type": "Feature", "geometry": {"type": "Point", "coordinates": [152.9019338, -27.5834787]}, "properties": {"project_id": 90000434, "name": "Offenders managed under Dangerous Prisoners (Sexual Offenders) Act", "description": "To construct additional capacity and support the management of the Dangerous Prisoners (Sexual Offenders) Act 2003 offenders.", "agency": "Queensland Corrective Services", "type": "Justice & Safety", "status": null, "qld_funding": 0, "fed_funding": 0, "local_funding": 0, "own_funding": 0, "private_funding": 0, "total_funding": 10000000, "region_codes": [310], "region_lga": null, "region_sed": null, "region_sa4": null, "address": null, "web_link": null, "category": "capital"}}, {"type": "Feature", "geometry": {"type": "Point", "coordinates": [152.9324927, -27.5809631]}, "properties": {"project_id": 90000435, "name": "Prison Bed Capacity Uplift - Arthur Gorrie Correctional Centre", "description": "The Queensland Government is investing $1.313 billion over 6 years from 2024-25 to increase prison bed capacity at the Arthur Gorrie correctional centre to meet projected demand and ensure a safer environment for correctional staff, prisoners and the community.", "agency": "Queensland Corrective Services", "type": "Justice & Safety", "status": null, "qld_funding": 0, "fed_funding": 0, "local_funding": 0, "own_funding": 0, "private_funding": 0, "total_funding": 140000000, "region_codes": [310], "region_lga": null, "region_sed": null, "region_sa4": null, "address": null, "web_link": null, "category": "capital"}}, {"type": "Feature", "geometry": {"type": "Point", "coordinates": [146.8413466, -19.3503697]}, "properties": {"project_id": 90000436, "name": "Prison Bed Capacity Uplift - Townsville Correctional Centre", "description": "The Queensland Government is investing $1.073 billion over 6 years from 2024-25 to increase prison bed capacity at the Townsville correctional centre to meet projected demand and ensure a safer environment for correctional staff, prisoners and the community.", "agency": "Queensland Corrective Services", "type": "Justice & Safety", "status": null, "qld_funding": 0, "fed_funding": 0, "local_funding": 0, "own_funding": 0, "private_funding": 0, "total_funding": 140000000, "region_codes": [318], "region_lga": null, "region_sed": null, "region_sa4": null, "address": null, "web_link": null, "category": "capital"}}, {"type": "Feature", "geometry": {"type": "Point", "coordinates": [152.96757, -26.8640785]}, "properties": {"project_id": 90000437, "name": "Beerwah replacement fire and rescue station", "description": "$7.9 million to continue the delivery of the replacement permanent fire and rescue station at Beerwah.", "agency": "Queensland Fire Department", "type": "Justice & Safety", "status": null, "qld_funding": 0, "fed_funding": 0, "local_funding": 0, "own_funding": 0, "private_funding": 0, "total_funding": 7900000, "region_codes": [316], "region_lga": null, "region_sed": null, "region_sa4": null, "address": null, "web_link": null, "category": "capital"}}, {"type": "Feature", "geometry": {"type": "Point", "coordinates": [152.68561119685077, -26.218781283897062]}, "properties": {"project_id": 90000438, "name": "Gympie South replacement permanent fire and rescue station", "description": "$5.3 million to continue the delivery of the replacement permanent and auxiliary fire and rescue station at Gympie South.", "agency": "Queensland Fire Department", "type": "Justice & Safety", "status": null, "qld_funding": 0, "fed_funding": 0, "local_funding": 0, "own_funding": 0, "private_funding": 0, "total_funding": 5250000, "region_codes": [319], "region_lga": null, "region_sed": null, "region_sa4": null, "address": null, "web_link": null, "category": "capital"}}, {"type": "Feature", "geometry": {"type": "Point", "coordinates": [152.89153, -27.66966]}, "properties": {"project_id": 90000439, "name": "Greater Springfield new permanent fire and rescue station", "description": "$7.0 million to continue the delivery of the new permanent fire and rescue station at Greater Springfield.", "agency": "Queensland Fire Department", "type": "Justice & Safety", "status": null, "qld_funding": 0, "fed_funding": 0, "local_funding": 0, "own_funding": 0, "private_funding": 0, "total_funding": 7000000, "region_codes": [310], "region_lga": null, "region_sed": null, "region_sa4": null, "address": null, "web_link": null, "category": "capital"}}, {"type": "Feature", "geometry": {"type": "Point", "coordinates": [153.1184285, -26.795595448412385]}, "properties": {"project_id": 90000440, "name": "Caloundra replacement fire and rescue station", "description": "$5 million to continue the replacement of the permanent fire and rescue station at Caloundra.", "agency": "Queensland Fire Department", "type": "Justice & Safety", "status": null, "qld_funding": 0, "fed_funding": 0, "local_funding": 0, "own_funding": 0, "private_funding": 0, "total_funding": 5000000, "region_codes": [316], "region_lga": null, "region_sed": null, "region_sa4": null, "address": null, "web_link": null, "category": "capital"}}, {"type": "Feature", "geometry": {"type": "Point", "coordinates": [142.39174, -10.89336]}, "properties": {"project_id": 90000442, "name": "Bamaga fire and emergency services complex", "description": "$1.7 million to complete the delivery of the new permanent fire and emergency services complex at Bamaga.", "agency": "Queensland Fire Department", "type": "Justice & Safety", "status": null, "qld_funding": 0, "fed_funding": 0, "local_funding": 0, "own_funding": 0, "private_funding": 0, "total_funding": 1700000, "region_codes": [315], "region_lga": null, "region_sed": null, "region_sa4": null, "address": null, "web_link": null, "category": "capital"}}, {"type": "Feature", "geometry": {"type": "Point", "coordinates": [152.6555463, -25.50527066]}, "properties": {"project_id": 90000443, "name": "Maryborough area brigade headquarters", "description": "$3.2 million to continue the delivery of Maryborough area brigade headquarters.", "agency": "Queensland Fire Department", "type": "Justice & Safety", "status": null, "qld_funding": 0, "fed_funding": 0, "local_funding": 0, "own_funding": 0, "private_funding": 0, "total_funding": 3150000, "region_codes": [319], "region_lga": null, "region_sed": null, "region_sa4": null, "address": null, "web_link": null, "category": "capital"}}, {"type": "Feature", "geometry": {"type": "Point", "coordinates": [152.28981, -26.8949]}, "properties": {"project_id": 90000444, "name": "Moore Linville rural fire brigade station", "description": "$1.2 million to complete delivery of the rural fire brigade station at Moore Linville.", "agency": "Queensland Fire Department", "type": "Justice & Safety", "status": null, "qld_funding": 0, "fed_funding": 0, "local_funding": 0, "own_funding": 0, "private_funding": 0, "total_funding": 1235000, "region_codes": [313], "region_lga": null, "region_sed": null, "region_sa4": null, "address": null, "web_link": null, "category": "capital"}}, {"type": "Feature", "geometry": {"type": "Point", "coordinates": [152.5904, -28.072]}, "properties": {"project_id": 90000445, "name": "Mount Alford rural fire brigade station", "description": "$1.2 million to complete delivery of the rural fire brigade station at Mount Alford.", "agency": "Queensland Fire Department", "type": "Justice & Safety", "status": null, "qld_funding": 0, "fed_funding": 0, "local_funding": 0, "own_funding": 0, "private_funding": 0, "total_funding": 1171000, "region_codes": [310], "region_lga": null, "region_sed": null, "region_sa4": null, "address": null, "web_link": null, "category": "capital"}}, {"type": "Feature", "geometry": {"type": "Point", "coordinates": [148.168517, -20.014524]}, "properties": {"project_id": 90000446, "name": "Abbot Point rural fire brigade station", "description": "$500,000 to commence work on upgrading the rural fire brigade station at Abbot Point.", "agency": "Queensland Fire Department", "type": "Justice & Safety", "status": null, "qld_funding": 0, "fed_funding": 0, "local_funding": 0, "own_funding": 0, "private_funding": 0, "total_funding": 500000, "region_codes": [312], "region_lga": null, "region_sed": null, "region_sa4": null, "address": null, "web_link": null, "category": "capital"}}, {"type": "Feature", "geometry": {"type": "Point", "coordinates": [153.108765, -27.939952]}, "properties": {"project_id": 90000447, "name": "Biddaddaba rural fire brigade station", "description": "$600,000 to complete the delivery of a new rural fire brigade station at Biddaddaba.", "agency": "Queensland Fire Department", "type": "Justice & Safety", "status": null, "qld_funding": 0, "fed_funding": 0, "local_funding": 0, "own_funding": 0, "private_funding": 0, "total_funding": 600000, "region_codes": [309], "region_lga": null, "region_sed": null, "region_sa4": null, "address": null, "web_link": null, "category": "capital"}}, {"type": "Feature", "geometry": {"type": "Point", "coordinates": [151.4517449, -26.93389347]}, "properties": {"project_id": 90000448, "name": "Bell Town rural fire brigade station", "description": "$300,000 to commence work on upgrading the rural fire brigade station at Bell Town.", "agency": "Queensland Fire Department", "type": "Justice & Safety", "status": null, "qld_funding": 0, "fed_funding": 0, "local_funding": 0, "own_funding": 0, "private_funding": 0, "total_funding": 300000, "region_codes": [307], "region_lga": null, "region_sed": null, "region_sa4": null, "address": null, "web_link": null, "category": "capital"}}, {"type": "Feature", "geometry": {"type": "Point", "coordinates": [152.2466712, -28.28996165]}, "properties": {"project_id": 90000449, "name": "Swan and Emu Creek rural fire brigade station", "description": "$300,000 to continue the delivery of the Swan and Emu Creek rural fire brigade station.", "agency": "Queensland Fire Department", "type": "Justice & Safety", "status": null, "qld_funding": 0, "fed_funding": 0, "local_funding": 0, "own_funding": 0, "private_funding": 0, "total_funding": 300000, "region_codes": [307], "region_lga": null, "region_sed": null, "region_sa4": null, "address": null, "web_link": null, "category": "capital"}}, {"type": "Feature", "geometry": {"type": "Point", "coordinates": [152.0440929, -25.51366248]}, "properties": {"project_id": 90000450, "name": "Biggenden rural fire brigade station", "description": "$700,000 to complete delivery of upgrading the rural fire brigade station at Biggenden.", "agency": "Queensland Fire Department", "type": "Justice & Safety", "status": null, "qld_funding": 0, "fed_funding": 0, "local_funding": 0, "own_funding": 0, "private_funding": 0, "total_funding": 700000, "region_codes": [319], "region_lga": null, "region_sed": null, "region_sa4": null, "address": null, "web_link": null, "category": "capital"}}, {"type": "Feature", "geometry": {"type": "Point", "coordinates": [152.787941, -27.00257]}, "properties": {"project_id": 90000451, "name": "Delaneys Creek rural fire brigade station", "description": "$1.4 million to upgrade and refurbish the rural fire brigade station at Delaneys Creek.", "agency": "Queensland Fire Department", "type": "Justice & Safety", "status": null, "qld_funding": 0, "fed_funding": 0, "local_funding": 0, "own_funding": 0, "private_funding": 0, "total_funding": 1400000, "region_codes": [313], "region_lga": null, "region_sed": null, "region_sa4": null, "address": null, "web_link": null, "category": "capital"}}, {"type": "Feature", "geometry": {"type": "Point", "coordinates": [145.751, -16.91317]}, "properties": {"project_id": 90000453, "name": "Cairns Fire Communications Centre replacement", "description": "$5.3 million to continue the delivery of the replacement Fire Communications Centre at Cairns.", "agency": "Queensland Fire Department", "type": "Justice & Safety", "status": null, "qld_funding": 0, "fed_funding": 0, "local_funding": 0, "own_funding": 0, "private_funding": 0, "total_funding": 5300000, "region_codes": [306], "region_lga": null, "region_sed": null, "region_sa4": null, "address": null, "web_link": null, "category": "capital"}}, {"type": "Feature", "geometry": {"type": "Point", "coordinates": [153.04142, -27.43129]}, "properties": {"project_id": 90000454, "name": "Queensland Fire Department State Headquarters", "description": "$18.5 million to complete refurbishment of the new Queensland Fire Department State Headquarters project.", "agency": "Queensland Fire Department", "type": "Justice & Safety", "status": null, "qld_funding": 0, "fed_funding": 0, "local_funding": 0, "own_funding": 0, "private_funding": 0, "total_funding": 18500000, "region_codes": [305], "region_lga": null, "region_sed": null, "region_sa4": null, "address": null, "web_link": null, "category": "capital"}}, {"type": "Feature", "geometry": {"type": "Point", "coordinates": [151.04146, -28.42353]}, "properties": {"project_id": 90000463, "name": "Whetstone rural fire brigade station", "description": "$457,000 to complete the delivery of rural fire brigade station at Whetstone.", "agency": "Queensland Fire Department", "type": "Justice & Safety", "status": null, "qld_funding": 0, "fed_funding": 0, "local_funding": 0, "own_funding": 0, "private_funding": 0, "total_funding": 457000, "region_codes": [307], "region_lga": null, "region_sed": null, "region_sa4": null, "address": null, "web_link": null, "category": "capital"}}, {"type": "Feature", "geometry": {"type": "Point", "coordinates": [152.68097, -27.99639]}, "properties": {"project_id": 90000475, "name": "Boonah replacement auxiliary fire and rescue station", "description": "$200,000 to continue the delivery of the replacement auxiliary fire and rescue station at Boonah.", "agency": "Queensland Fire Department", "type": "Justice & Safety", "status": null, "qld_funding": 0, "fed_funding": 0, "local_funding": 0, "own_funding": 0, "private_funding": 0, "total_funding": 200000, "region_codes": [310], "region_lga": null, "region_sed": null, "region_sa4": null, "address": null, "web_link": null, "category": "capital"}}, {"type": "Feature", "geometry": {"type": "Point", "coordinates": [153.0273, -27.4496]}, "properties": {"project_id": 90000477, "name": "Other scientific equipment - QIMRB", "description": "Building renewal and institute scientific equipment.", "agency": "Council of the Queensland Institute of Medical Research", "type": "Health", "status": null, "qld_funding": 0, "fed_funding": 0, "local_funding": 0, "own_funding": 0, "private_funding": 0, "total_funding": 8691000, "region_codes": [305], "region_lga": null, "region_sed": null, "region_sa4": null, "address": null, "web_link": null, "category": "capital"}}, {"type": "Feature", "geometry": {"type": "Point", "coordinates": [142.2104917, -10.5884264]}, "properties": {"project_id": 90000479, "name": "Torres and Cape - Capital Projects ", "description": "Torres and Cape - Capital Projects.", "agency": "Queensland Health and Hospital and Health Services", "type": "Health", "status": null, "qld_funding": 0, "fed_funding": 0, "local_funding": 0, "own_funding": 0, "private_funding": 0, "total_funding": 1241000, "region_codes": [315], "region_lga": null, "region_sed": null, "region_sa4": null, "address": null, "web_link": null, "category": "capital"}}, {"type": "Feature", "geometry": {"type": "Point", "coordinates": [153.2013138, -27.71290874]}, "properties": {"project_id": 90000482, "name": "Beenleigh Central Ambulance Station", "description": "Construction of Beenleigh Central Ambulance Station.", "agency": "Queensland Ambulance Service", "type": "Health", "status": null, "qld_funding": 0, "fed_funding": 0, "local_funding": 0, "own_funding": 0, "private_funding": 0, "total_funding": 1000000, "region_codes": [311], "region_lga": null, "region_sed": null, "region_sa4": null, "address": null, "web_link": null, "category": "capital"}}, {"type": "Feature", "geometry": {"type": "Point", "coordinates": [145.750264, -16.9092198]}, "properties": {"project_id": 90000483, "name": "Cairns Operation Centre Redevelopment", "description": "Funding to redevelop Cairns Operational Centre and Regional Office providing support to communities through delivery of pre-hospital ambulance response services.", "agency": "Queensland Ambulance Service", "type": "Health", "status": null, "qld_funding": 0, "fed_funding": 0, "local_funding": 0, "own_funding": 0, "private_funding": 0, "total_funding": 2000000, "region_codes": [306], "region_lga": null, "region_sed": null, "region_sa4": null, "address": null, "web_link": null, "category": "capital"}}, {"type": "Feature", "geometry": {"type": "Point", "coordinates": [153.29145, -27.81443]}, "properties": {"project_id": 90000484, "name": "Pimpama Station Redevelopment", "description": "Redevelopment of the facility to provide fit for purpose, efficient and modern accommodation to support the delivery of pre-hospital ambulance services.", "agency": "Queensland Ambulance Service", "type": "Health", "status": null, "qld_funding": 0, "fed_funding": 0, "local_funding": 0, "own_funding": 0, "private_funding": 0, "total_funding": 50000, "region_codes": [309], "region_lga": null, "region_sed": null, "region_sa4": null, "address": null, "web_link": null, "category": "capital"}}, {"type": "Feature", "geometry": {"type": "Point", "coordinates": [153.4135963, -27.99266008]}, "properties": {"project_id": 90000485, "name": "Southport East Ambulance Station", "description": "Construction of a new Southport East Ambulance Station.", "agency": "Queensland Ambulance Service", "type": "Health", "status": null, "qld_funding": 0, "fed_funding": 0, "local_funding": 0, "own_funding": 0, "private_funding": 0, "total_funding": 3000000, "region_codes": [309], "region_lga": null, "region_sed": null, "region_sa4": null, "address": null, "web_link": null, "category": "capital"}}, {"type": "Feature", "geometry": {"type": "Point", "coordinates": [152.9637094, -27.0801444]}, "properties": {"project_id": 90000488, "name": "Caboolture Hospital Redevelopment (Stage 1)", "description": "Redevelopment of the Caboolture Hospital to support additional beds and refurbishment of critical clinical support services.", "agency": "Queensland Health and Hospital and Health Services", "type": "Health", "status": null, "qld_funding": 0, "fed_funding": 0, "local_funding": 0, "own_funding": 0, "private_funding": 0, "total_funding": 15000000, "region_codes": [313], "region_lga": null, "region_sed": null, "region_sa4": null, "address": null, "web_link": null, "category": "capital"}}, {"type": "Feature", "geometry": {"type": "Point", "coordinates": [153.1418031, -27.6700261]}, "properties": {"project_id": 90000490, "name": "Logan Hospital Expansion and Maternity Services Upgrade", "description": "Delivery of additional beds and targeted refurbishment of key locations.", "agency": "Queensland Health and Hospital and Health Services", "type": "Health", "status": null, "qld_funding": 0, "fed_funding": 0, "local_funding": 0, "own_funding": 0, "private_funding": 0, "total_funding": 8140000, "region_codes": [311], "region_lga": null, "region_sed": null, "region_sa4": null, "address": null, "web_link": null, "category": "capital"}}, {"type": "Feature", "geometry": {"type": "Point", "coordinates": [145.7673199, -16.9114952]}, "properties": {"project_id": 90000494, "name": "Cairns Adolescent Mental Health Inpatient Services", "description": "Delivery of adolescent and young adult mental health acute beds as part of the key strategies in Better Care Together.", "agency": "Queensland Health and Hospital and Health Services", "type": "Health", "status": null, "qld_funding": 0, "fed_funding": 0, "local_funding": 0, "own_funding": 0, "private_funding": 0, "total_funding": 14000000, "region_codes": [306], "region_lga": null, "region_sed": null, "region_sa4": null, "address": null, "web_link": null, "category": "capital"}}, {"type": "Feature", "geometry": {"type": "Point", "coordinates": [145.7673199, -16.9114952]}, "properties": {"project_id": 90000495, "name": "Cairns Health and Innovation Centre (Stage 1)", "description": "Funding to deliver extra capacity for clinical services and provide necessary health education, training and research facilities.", "agency": "Queensland Health and Hospital and Health Services", "type": "Health", "status": null, "qld_funding": 0, "fed_funding": 0, "local_funding": 0, "own_funding": 0, "private_funding": 0, "total_funding": 2000000, "region_codes": [306], "region_lga": null, "region_sed": null, "region_sa4": null, "address": null, "web_link": null, "category": "capital"}}, {"type": "Feature", "geometry": {"type": "Point", "coordinates": [145.7683647, -16.9124244]}, "properties": {"project_id": 90000496, "name": "Cairns Hospital Expansion Refurbishment Works", "description": "Funding to deliver a new surgical centre, refurbish selected areas within the existing hospital and utilise opportunities for futureproofing facilities.", "agency": "Queensland Health and Hospital and Health Services", "type": "Health", "status": null, "qld_funding": 0, "fed_funding": 0, "local_funding": 0, "own_funding": 0, "private_funding": 0, "total_funding": 67000000, "region_codes": [306], "region_lga": null, "region_sed": null, "region_sa4": null, "address": null, "web_link": null, "category": "capital"}}, {"type": "Feature", "geometry": {"type": "Point", "coordinates": [152.8221345, -25.2992353]}, "properties": {"project_id": 90000497, "name": "Hervey Bay Hospital Expansion", "description": "Funding for the expansion and refurbishment of the existing Hervey Bay Hospital Emergency Department building.", "agency": "Queensland Health and Hospital and Health Services", "type": "Health", "status": null, "qld_funding": 0, "fed_funding": 0, "local_funding": 0, "own_funding": 0, "private_funding": 0, "total_funding": 18511000, "region_codes": [319], "region_lga": null, "region_sed": null, "region_sa4": null, "address": null, "web_link": null, "category": "capital"}}, {"type": "Feature", "geometry": {"type": "Point", "coordinates": [153.1418031, -27.6700261]}, "properties": {"project_id": 90000498, "name": "Logan Hospital Expansion (Stage 2)", "description": "Funding to deliver a new clinical services building on the existing Logan Hospital site to deliver additional surgical capacity, acute beds and support services.", "agency": "Queensland Health and Hospital and Health Services", "type": "Health", "status": null, "qld_funding": 0, "fed_funding": 0, "local_funding": 0, "own_funding": 0, "private_funding": 0, "total_funding": 241769000, "region_codes": [311], "region_lga": null, "region_sed": null, "region_sa4": null, "address": null, "web_link": null, "category": "capital"}}, {"type": "Feature", "geometry": {"type": "Point", "coordinates": [153.0339603, -27.4991376]}, "properties": {"project_id": 90000499, "name": "Princess Alexandra Hospital Expansion", "description": "Construction of a new acute service building above the existing emergency department.", "agency": "Queensland Health and Hospital and Health Services", "type": "Health", "status": null, "qld_funding": 0, "fed_funding": 0, "local_funding": 0, "own_funding": 0, "private_funding": 0, "total_funding": 185000000, "region_codes": [303], "region_lga": null, "region_sed": null, "region_sa4": null, "address": null, "web_link": null, "category": "capital"}}, {"type": "Feature", "geometry": {"type": "Point", "coordinates": [153.0489899, -27.5591458]}, "properties": {"project_id": 90000500, "name": "Queen Elizabeth II Jubilee Hospital Expansion", "description": "Construction of a new clinical services building on the existing QEII Hospital site to deliver additional capacity, acute beds, and facility support services.", "agency": "Queensland Health and Hospital and Health Services", "type": "Health", "status": null, "qld_funding": 0, "fed_funding": 0, "local_funding": 0, "own_funding": 0, "private_funding": 0, "total_funding": 200000000, "region_codes": [303], "region_lga": null, "region_sed": null, "region_sa4": null, "address": null, "web_link": null, "category": "capital"}}, {"type": "Feature", "geometry": {"type": "Point", "coordinates": [145.2504154, -15.47774699]}, "properties": {"project_id": 90000501, "name": "Cooktown Multipurpose Health Service Facility", "description": "Redevelopment of the Cooktown Multipurpose Health Service facility which services the local Cook Shire catchment in Far North Queensland.", "agency": "Queensland Health and Hospital and Health Services", "type": "Health", "status": null, "qld_funding": 0, "fed_funding": 0, "local_funding": 0, "own_funding": 0, "private_funding": 0, "total_funding": 9000000, "region_codes": [315], "region_lga": null, "region_sed": null, "region_sa4": null, "address": null, "web_link": null, "category": "capital"}}, {"type": "Feature", "geometry": {"type": "Point", "coordinates": [146.7332248, -19.3041828]}, "properties": {"project_id": 90000502, "name": "Kirwan Health Campus", "description": "Funding to expand the existing centre, delivering midwifery community clinics, dental services, refurbishment to the existing facility and an additional carpark.", "agency": "Queensland Health and Hospital and Health Services", "type": "Health", "status": null, "qld_funding": 0, "fed_funding": 0, "local_funding": 0, "own_funding": 0, "private_funding": 0, "total_funding": 17237000, "region_codes": [318], "region_lga": null, "region_sed": null, "region_sa4": null, "address": null, "web_link": null, "category": "capital"}}, {"type": "Feature", "geometry": {"type": "Point", "coordinates": [149.1533094, -21.1463997]}, "properties": {"project_id": 90000503, "name": "Mackay Community Mental Health Refurbishment", "description": "Delivering the refurbishment of Mackay Community Mental Health to provide purpose designed clinical spaces and therapy rooms.", "agency": "Queensland Health and Hospital and Health Services", "type": "Health", "status": null, "qld_funding": 0, "fed_funding": 0, "local_funding": 0, "own_funding": 0, "private_funding": 0, "total_funding": 6256000, "region_codes": [312], "region_lga": null, "region_sed": null, "region_sa4": null, "address": null, "web_link": null, "category": "capital"}}, {"type": "Feature", "geometry": {"type": "Point", "coordinates": [149.9764897, -24.5757447]}, "properties": {"project_id": 90000504, "name": "Moura Multipurpose Healthcare Service", "description": "Expansion of the existing facility, including the construction of residential aged care beds.", "agency": "Queensland Health and Hospital and Health Services", "type": "Health", "status": null, "qld_funding": 0, "fed_funding": 0, "local_funding": 0, "own_funding": 0, "private_funding": 0, "total_funding": 13800000, "region_codes": [308], "region_lga": null, "region_sed": null, "region_sa4": null, "address": null, "web_link": null, "category": "capital"}}, {"type": "Feature", "geometry": {"type": "Point", "coordinates": [153.0489899, -27.5591458]}, "properties": {"project_id": 90000505, "name": "Queen Elizabeth II Jubilee Hospital Car Park", "description": "Construction of a multi-storey carpark at the QEII Hospital.", "agency": "Queensland Health and Hospital and Health Services", "type": "Health", "status": null, "qld_funding": 0, "fed_funding": 0, "local_funding": 0, "own_funding": 0, "private_funding": 0, "total_funding": 57073000, "region_codes": [303], "region_lga": null, "region_sed": null, "region_sa4": null, "address": null, "web_link": null, "category": "capital"}}, {"type": "Feature", "geometry": {"type": "Point", "coordinates": [153.251235, -27.5415365]}, "properties": {"project_id": 90000506, "name": "Redland Hospital Expansion (Stage 2)", "description": "Construction of a new 3 level, 43-bed Mental Health and Allied Health Building at Redland Hospital site, and relocation of services from Yugaipa site.", "agency": "Queensland Health and Hospital and Health Services", "type": "Health", "status": null, "qld_funding": 0, "fed_funding": 0, "local_funding": 0, "own_funding": 0, "private_funding": 0, "total_funding": 9400000, "region_codes": [301], "region_lga": null, "region_sed": null, "region_sa4": null, "address": null, "web_link": null, "category": "capital"}}, {"type": "Feature", "geometry": {"type": "Point", "coordinates": [150.4923087, -23.3796131]}, "properties": {"project_id": 90000507, "name": "Rockhampton Hospital Cardiac Hybrid Theatre", "description": "Deliver a cardiac hybrid theatre to establish diagnostic and interventional cardiac services to support a wide range of cardiovascular procedures.", "agency": "Queensland Health and Hospital and Health Services", "type": "Health", "status": null, "qld_funding": 0, "fed_funding": 0, "local_funding": 0, "own_funding": 0, "private_funding": 0, "total_funding": 9666000, "region_codes": [308], "region_lga": null, "region_sed": null, "region_sa4": null, "address": null, "web_link": null, "category": "capital"}}, {"type": "Feature", "geometry": {"type": "Point", "coordinates": [150.4923087, -23.3796131]}, "properties": {"project_id": 90000508, "name": "Rockhampton Hospital Mental Health Ward Expansion", "description": "Refurbish and deliver an expansion to the Rockhampton Hospital mental health ward.", "agency": "Queensland Health and Hospital and Health Services", "type": "Health", "status": null, "qld_funding": 0, "fed_funding": 0, "local_funding": 0, "own_funding": 0, "private_funding": 0, "total_funding": 64390000, "region_codes": [308], "region_lga": null, "region_sed": null, "region_sa4": null, "address": null, "web_link": null, "category": "capital"}}, {"type": "Feature", "geometry": {"type": "Point", "coordinates": [149.4528298, -24.1329413]}, "properties": {"project_id": 90000511, "name": "Woorabinda Multipurpose Health Service", "description": "Increase the number of residential aged care beds in a new facility, including upgraded/new laundry facilities and kitchen.", "agency": "Queensland Health and Hospital and Health Services", "type": "Health", "status": null, "qld_funding": 0, "fed_funding": 0, "local_funding": 0, "own_funding": 0, "private_funding": 0, "total_funding": 9038000, "region_codes": [308], "region_lga": null, "region_sed": null, "region_sa4": null, "address": null, "web_link": null, "category": "capital"}}, {"type": "Feature", "geometry": {"type": "Point", "coordinates": [153.0195565, -27.5191602]}, "properties": {"project_id": 90000513, "name": "Yeronga Child and Youth Community Health Hub", "description": "Establish a new integrated Child and Youth Community Health Hub in Yeronga to provide appropriate integrated child, youth and family services.", "agency": "Queensland Health and Hospital and Health Services", "type": "Health", "status": null, "qld_funding": 0, "fed_funding": 0, "local_funding": 0, "own_funding": 0, "private_funding": 0, "total_funding": 3149000, "region_codes": [303], "region_lga": null, "region_sed": null, "region_sa4": null, "address": null, "web_link": null, "category": "capital"}}, {"type": "Feature", "geometry": {"type": "Point", "coordinates": [150.5242896, -23.36956851]}, "properties": {"project_id": 90000517, "name": "Caboolture Hospital - Paediatric Outpatients area build", "description": "Construction of a dedicated Paediatric Outpatients area at Caboolture Hospital.", "agency": "Queensland Health and Hospital and Health Services", "type": "Health", "status": null, "qld_funding": 0, "fed_funding": 0, "local_funding": 0, "own_funding": 0, "private_funding": 0, "total_funding": 11265000, "region_codes": [308], "region_lga": null, "region_sed": null, "region_sa4": null, "address": null, "web_link": null, "category": "capital"}}, {"type": "Feature", "geometry": {"type": "Point", "coordinates": [152.7582612, -27.6190823]}, "properties": {"project_id": 90000518, "name": "Ipswich Hospital Expansion (Stage 2)", "description": "Construction of a new clinical services building on the existing Ipswich Hospital site, focused on core clinical services capacity.", "agency": "Queensland Health and Hospital and Health Services", "type": "Health", "status": null, "qld_funding": 0, "fed_funding": 0, "local_funding": 0, "own_funding": 0, "private_funding": 0, "total_funding": 150000000, "region_codes": [310], "region_lga": null, "region_sed": null, "region_sa4": null, "address": null, "web_link": null, "category": "capital"}}, {"type": "Feature", "geometry": {"type": "Point", "coordinates": [153.038116, -27.415288]}, "properties": {"project_id": 90000523, "name": "Kedron Park Clinical Hub", "description": "Kedron Park Clinical Hub.", "agency": "Queensland Ambulance Service", "type": "Health", "status": null, "qld_funding": 0, "fed_funding": 0, "local_funding": 0, "own_funding": 0, "private_funding": 0, "total_funding": 5955000, "region_codes": [305], "region_lga": null, "region_sed": null, "region_sa4": null, "address": null, "web_link": null, "category": "capital"}}, {"type": "Feature", "geometry": {"type": "Point", "coordinates": [146.712226, -19.315375]}, "properties": {"project_id": 90000526, "name": "Kirwan replacement police facility", "description": "$11.5 million in 2025-26 out of a $45 million total spend to complete the replacement of the police facility at Kirwan. This facility will support frontline policing services to deliver safe and secure communities and build a safer Queensland.", "agency": "Queensland Police Service", "type": "Justice & Safety", "status": null, "qld_funding": 0, "fed_funding": 0, "local_funding": 0, "own_funding": 0, "private_funding": 0, "total_funding": 11543000, "region_codes": [318], "region_lga": null, "region_sed": null, "region_sa4": null, "address": null, "web_link": null, "category": "capital"}}, {"type": "Feature", "geometry": {"type": "Point", "coordinates": [149.18719, -21.14199]}, "properties": {"project_id": 90000527, "name": "Mackay police facility upgrade", "description": "$8.4 million in 2025-26 out of a $9.3 million total spend to complete the upgrade of the police facility at Mackay. This facility will support frontline policing services to deliver safe and secure communities and build a safer Queensland.", "agency": "Queensland Police Service", "type": "Justice & Safety", "status": null, "qld_funding": 0, "fed_funding": 0, "local_funding": 0, "own_funding": 0, "private_funding": 0, "total_funding": 8369000, "region_codes": [312], "region_lga": null, "region_sed": null, "region_sa4": null, "address": null, "web_link": null, "category": "capital"}}, {"type": "Feature", "geometry": {"type": "Point", "coordinates": [152.7008304, -25.5376165]}, "properties": {"project_id": 90000528, "name": "Maryborough police facility upgrade", "description": "$4.9 million in 2025-26 out of a $7 million total spend to complete the upgrade of the police facility at Maryborough. This facility will support frontline policing services to deliver safe and secure communities and build a safer Queensland.", "agency": "Queensland Police Service", "type": "Justice & Safety", "status": null, "qld_funding": 0, "fed_funding": 0, "local_funding": 0, "own_funding": 0, "private_funding": 0, "total_funding": 4870000, "region_codes": [319], "region_lga": null, "region_sed": null, "region_sa4": null, "address": null, "web_link": null, "category": "capital"}}, {"type": "Feature", "geometry": {"type": "Point", "coordinates": [152.799726, -27.684515]}, "properties": {"project_id": 90000529, "name": "Ripley new police facility", "description": "$26.2 million in 2025-26 out of a $38 million total spend to complete the upgrade of the police facility at Ripley. This facility will support frontline policing services to deliver safe and secure communities and build a safer Queensland.", "agency": "Queensland Police Service", "type": "Justice & Safety", "status": null, "qld_funding": 0, "fed_funding": 0, "local_funding": 0, "own_funding": 0, "private_funding": 0, "total_funding": 26171000, "region_codes": [310], "region_lga": null, "region_sed": null, "region_sa4": null, "address": null, "web_link": null, "category": "capital"}}, {"type": "Feature", "geometry": {"type": "Point", "coordinates": [152.03134055, -28.21427975]}, "properties": {"project_id": 90000530, "name": "Warwick police facility upgrade", "description": "$881,000 in 2025-26 out of a $21 million total spend to complete the upgrade of the police facility at Warwick. This facility will support frontline policing services to deliver safe and secure communities and build a safer Queensland.", "agency": "Queensland Police Service", "type": "Justice & Safety", "status": null, "qld_funding": 0, "fed_funding": 0, "local_funding": 0, "own_funding": 0, "private_funding": 0, "total_funding": 881000, "region_codes": [307], "region_lga": null, "region_sed": null, "region_sa4": null, "address": null, "web_link": null, "category": "capital"}}, {"type": "Feature", "geometry": {"type": "Point", "coordinates": [152.853918, -25.28621168]}, "properties": {"project_id": 90000531, "name": "Hervey Bay replacement police facility", "description": "$500,000 in 2025-26 out of a $28 million total spend to continue the replacement police facility at Hervey Bay. This facility will support frontline policing services to deliver safe and secure communities and build a safer Queensland.", "agency": "Queensland Police Service", "type": "Justice & Safety", "status": null, "qld_funding": 0, "fed_funding": 0, "local_funding": 0, "own_funding": 0, "private_funding": 0, "total_funding": 500000, "region_codes": [319], "region_lga": null, "region_sed": null, "region_sa4": null, "address": null, "web_link": null, "category": "capital"}}, {"type": "Feature", "geometry": {"type": "Point", "coordinates": [139.491367, -20.72926]}, "properties": {"project_id": 90000532, "name": "Mount Isa new residential accommodation", "description": "$3.3 million in 2025-26 out of a $6.8 million total spend to complete the new residential accommodation at Mount Isa. This facility will support frontline policing services to deliver safe and secure communities and build a safer Queensland.", "agency": "Queensland Police Service", "type": "Justice & Safety", "status": null, "qld_funding": 0, "fed_funding": 0, "local_funding": 0, "own_funding": 0, "private_funding": 0, "total_funding": 3289000, "region_codes": [315], "region_lga": null, "region_sed": null, "region_sa4": null, "address": null, "web_link": null, "category": "capital"}}, {"type": "Feature", "geometry": {"type": "Point", "coordinates": [146.577744, -18.734699]}, "properties": {"project_id": 90000533, "name": "Palm Island multi-agency community safety facility", "description": "$1 million in 2025-26 out of a $27 million total spend to continue the replacement of the multi-agency community safety facility at Palm Island.", "agency": "Queensland Police Service", "type": "Justice & Safety", "status": null, "qld_funding": 0, "fed_funding": 0, "local_funding": 0, "own_funding": 0, "private_funding": 0, "total_funding": 1000000, "region_codes": [318], "region_lga": null, "region_sed": null, "region_sa4": null, "address": null, "web_link": null, "category": "capital"}}, {"type": "Feature", "geometry": {"type": "Point", "coordinates": [148.58124, -20.401036]}, "properties": {"project_id": 90000534, "name": "Proserpine replacement police facility", "description": "$6.7 million in 2025-26 out of a $9.8 million total spend to continue the replacement of the police facility at Proserpine. This facility will support frontline policing services to deliver safe and secure communities and build a safer Queensland.", "agency": "Queensland Police Service", "type": "Justice & Safety", "status": null, "qld_funding": 0, "fed_funding": 0, "local_funding": 0, "own_funding": 0, "private_funding": 0, "total_funding": 6705000, "region_codes": [312], "region_lga": null, "region_sed": null, "region_sa4": null, "address": null, "web_link": null, "category": "capital"}}, {"type": "Feature", "geometry": {"type": "Point", "coordinates": [152.9141162007335, -27.59625123252941]}, "properties": {"project_id": 90000550, "name": "Oxley Relocation Business Case Project", "description": "$3.3 million in 2025-26 out of a $50 million total spend to upgrade and relocate functions of the Oxley Police Academy. The program will support the delivery of quality frontline services throughout Queensland.", "agency": "Queensland Police Service", "type": "Justice & Safety", "status": null, "qld_funding": 0, "fed_funding": 0, "local_funding": 0, "own_funding": 0, "private_funding": 0, "total_funding": 3256000, "region_codes": [310], "region_lga": null, "region_sed": null, "region_sa4": null, "address": null, "web_link": null, "category": "capital"}}, {"type": "Feature", "geometry": {"type": "Point", "coordinates": [153.10490368, -27.64584562]}, "properties": {"project_id": 90000552, "name": "Logan police facility upgrade", "description": "$1 million in 2025-26 out of a $76 million total spend to commence the upgrade of the police facility at Logan. This facility will support frontline policing services to deliver safe and secure communities and build a safer Queensland.", "agency": "Queensland Police Service", "type": "Justice & Safety", "status": null, "qld_funding": 0, "fed_funding": 0, "local_funding": 0, "own_funding": 0, "private_funding": 0, "total_funding": 1000000, "region_codes": [311], "region_lga": null, "region_sed": null, "region_sa4": null, "address": null, "web_link": null, "category": "capital"}}, {"type": "Feature", "geometry": {"type": "Point", "coordinates": [152.93958275, -27.4059956]}, "properties": {"project_id": 90000553, "name": "Ferny Grove police facility upgrade", "description": "$1 million in 2025-26 out of a $7 million total spend to commence the upgrade of the police facility at Ferny Grove. This facility will support frontline policing services to deliver safe and secure communities and build a safer Queensland.", "agency": "Queensland Police Service", "type": "Justice & Safety", "status": null, "qld_funding": 0, "fed_funding": 0, "local_funding": 0, "own_funding": 0, "private_funding": 0, "total_funding": 1000000, "region_codes": [304], "region_lga": null, "region_sed": null, "region_sa4": null, "address": null, "web_link": null, "category": "capital"}}, {"type": "Feature", "geometry": {"type": "Point", "coordinates": [145.74481857, -17.02105098]}, "properties": {"project_id": 90000554, "name": "Edmonton police facility upgrade", "description": "$1 million in 2025-26 out of a $35 million total spend to commence the upgrade of the police facility at Edmonton. This facility will support frontline policing services to deliver safe and secure communities and build a safer Queensland.", "agency": "Queensland Police Service", "type": "Justice & Safety", "status": null, "qld_funding": 0, "fed_funding": 0, "local_funding": 0, "own_funding": 0, "private_funding": 0, "total_funding": 1000000, "region_codes": [306], "region_lga": null, "region_sed": null, "region_sa4": null, "address": null, "web_link": null, "category": "capital"}}, {"type": "Feature", "geometry": {"type": "Point", "coordinates": [152.89934202, -27.61258912]}, "properties": {"project_id": 90000555, "name": "Goodna police facility upgrade", "description": "$1 million in 2025-26 out of a $15 million total spend to commence the upgrade of the police facility at Goodna. This facility will support frontline policing services to deliver safe and secure communities and build a safer Queensland", "agency": "Queensland Police Service", "type": "Justice & Safety", "status": null, "qld_funding": 0, "fed_funding": 0, "local_funding": 0, "own_funding": 0, "private_funding": 0, "total_funding": 1000000, "region_codes": [310], "region_lga": null, "region_sed": null, "region_sa4": null, "address": null, "web_link": null, "category": "capital"}}, {"type": "Feature", "geometry": {"type": "Point", "coordinates": [153.08425973, -27.56130054]}, "properties": {"project_id": 90000556, "name": "Mount Gravatt police facility upgrade", "description": "$1 million in 2025-26 out of a $30 million total spend to commence the upgrade of the police facility at Mount Gravatt. This facility will support frontline policing services to deliver safe and secure communities and build a safer Queensland.", "agency": "Queensland Police Service", "type": "Justice & Safety", "status": null, "qld_funding": 0, "fed_funding": 0, "local_funding": 0, "own_funding": 0, "private_funding": 0, "total_funding": 1000000, "region_codes": [303], "region_lga": null, "region_sed": null, "region_sa4": null, "address": null, "web_link": null, "category": "capital"}}, {"type": "Feature", "geometry": {"type": "Point", "coordinates": [153.0536443, -27.34993768]}, "properties": {"project_id": 90000557, "name": "Boondall police facility upgrade", "description": "$1 million in 2025-26 out of a $52 million total spend to commence the upgrade of the police facility at Boondall. This facility will support frontline policing services to deliver safe and secure communities and build a safer Queensland.", "agency": "Queensland Police Service", "type": "Justice & Safety", "status": null, "qld_funding": 0, "fed_funding": 0, "local_funding": 0, "own_funding": 0, "private_funding": 0, "total_funding": 1000000, "region_codes": [302], "region_lga": null, "region_sed": null, "region_sa4": null, "address": null, "web_link": null, "category": "capital"}}, {"type": "Feature", "geometry": {"type": "Point", "coordinates": [153.1139897, -27.22380717]}, "properties": {"project_id": 90000558, "name": "Redcliffe police facility upgrade", "description": "$1 million in 2025-26 out of a $44 million total spend to commence the upgrade of the police facility at Redcliffe. This facility will support frontline policing services to deliver safe and secure communities and build a safer Queensland.", "agency": "Queensland Police Service", "type": "Justice & Safety", "status": null, "qld_funding": 0, "fed_funding": 0, "local_funding": 0, "own_funding": 0, "private_funding": 0, "total_funding": 1000000, "region_codes": [313], "region_lga": null, "region_sed": null, "region_sa4": null, "address": null, "web_link": null, "category": "capital"}}, {"type": "Feature", "geometry": {"type": "Point", "coordinates": [152.46268658, -24.81586572]}, "properties": {"project_id": 90000559, "name": "Bargara replacement police facility", "description": "$5.5 million in 2025-26 out of a $17.5 million total spend to complete the upgrade of the police facility at Bargara. This facility will support frontline policing services to deliver safe and secure communities and build a safer Queensland.", "agency": "Queensland Police Service", "type": "Justice & Safety", "status": null, "qld_funding": 0, "fed_funding": 0, "local_funding": 0, "own_funding": 0, "private_funding": 0, "total_funding": 5500000, "region_codes": [319], "region_lga": null, "region_sed": null, "region_sa4": null, "address": null, "web_link": null, "category": "capital"}}, {"type": "Feature", "geometry": {"type": "Point", "coordinates": [153.45134266, -28.09044423]}, "properties": {"project_id": 90000560, "name": "Burleigh Heads Police Beat", "description": "$1.1 million in 2025-26 for a new permanent Police Beat at Burleigh Heads. This facility will support frontline policing services to deliver safe and secure communities and build a safer Queensland.", "agency": "Queensland Police Service", "type": "Justice & Safety", "status": null, "qld_funding": 0, "fed_funding": 0, "local_funding": 0, "own_funding": 0, "private_funding": 0, "total_funding": 1100000, "region_codes": [309], "region_lga": null, "region_sed": null, "region_sa4": null, "address": null, "web_link": null, "category": "capital"}}, {"type": "Feature", "geometry": {"type": "Point", "coordinates": [152.95945472, -26.62602264]}, "properties": {"project_id": 90000561, "name": "Nambour Police Beat", "description": "$1.1 million in 2025-26 for a new permanent Police Beat in Nambour CBD. This facility will support frontline policing services to deliver safe and secure communities and build a safer Queensland.", "agency": "Queensland Police Service", "type": "Justice & Safety", "status": null, "qld_funding": 0, "fed_funding": 0, "local_funding": 0, "own_funding": 0, "private_funding": 0, "total_funding": 1100000, "region_codes": [316], "region_lga": null, "region_sed": null, "region_sa4": null, "address": null, "web_link": null, "category": "capital"}}, {"type": "Feature", "geometry": {"type": "Point", "coordinates": [153.02765, -27.46616]}, "properties": {"project_id": 90000562, "name": "CleanCo Queensland Limited - other corporate projects", "description": "Maintenance and upgrades to CleanCo corporate and information systems.", "agency": "CleanCo Queensland Limited", "type": "Utilities", "status": null, "qld_funding": 0, "fed_funding": 0, "local_funding": 0, "own_funding": 0, "private_funding": 0, "total_funding": 6370000, "region_codes": [305], "region_lga": null, "region_sed": null, "region_sa4": null, "address": null, "web_link": null, "category": "capital"}}, {"type": "Feature", "geometry": {"type": "Point", "coordinates": [152.63194, -27.3722]}, "properties": {"project_id": 90000563, "name": "Wivenhoe major overhauls", "description": "Wivenhoe major overhauls.", "agency": "CleanCo Queensland Limited", "type": "Utilities", "status": null, "qld_funding": 0, "fed_funding": 0, "local_funding": 0, "own_funding": 0, "private_funding": 0, "total_funding": 7509000, "region_codes": [310], "region_lga": null, "region_sed": null, "region_sa4": null, "address": null, "web_link": null, "category": "capital"}}, {"type": "Feature", "geometry": {"type": "Point", "coordinates": [145.646905, -16.851041]}, "properties": {"project_id": 90000564, "name": "Barron Gorge Hydro other projects", "description": "Maintenance of existing assets including improvements to Kuranda Weir and upgrading Barron Gorge Power Station\u2019s generator primary system.", "agency": "CleanCo Queensland Limited", "type": "Utilities", "status": null, "qld_funding": 0, "fed_funding": 0, "local_funding": 0, "own_funding": 0, "private_funding": 0, "total_funding": 16188000, "region_codes": [306], "region_lga": null, "region_sed": null, "region_sa4": null, "address": null, "web_link": null, "category": "capital"}}, {"type": "Feature", "geometry": {"type": "Point", "coordinates": [152.81788, -27.655097]}, "properties": {"project_id": 90000565, "name": "Swanbank E other projects", "description": "Maintenance of existing assets at Swanbank E gas fired power station.", "agency": "CleanCo Queensland Limited", "type": "Utilities", "status": null, "qld_funding": 0, "fed_funding": 0, "local_funding": 0, "own_funding": 0, "private_funding": 0, "total_funding": 5062000, "region_codes": [310], "region_lga": null, "region_sed": null, "region_sa4": null, "address": null, "web_link": null, "category": "capital"}}, {"type": "Feature", "geometry": {"type": "Point", "coordinates": [145.577869, -17.767031]}, "properties": {"project_id": 90000566, "name": "Kareeya Hydro other projects", "description": "Maintenance of existing assets including improvements to Kareeya Hydro's transmission towers, dam and roads.", "agency": "CleanCo Queensland Limited", "type": "Utilities", "status": null, "qld_funding": 0, "fed_funding": 0, "local_funding": 0, "own_funding": 0, "private_funding": 0, "total_funding": 10947000, "region_codes": [306], "region_lga": null, "region_sed": null, "region_sa4": null, "address": null, "web_link": null, "category": "capital"}}, {"type": "Feature", "geometry": {"type": "Point", "coordinates": [152.63194, -27.3722]}, "properties": {"project_id": 90000567, "name": "Wivenhoe other projects", "description": "Maintenance of existing assets including Wivenhoe's rotor pole replacement and guard gate and bifurcate works.", "agency": "CleanCo Queensland Limited", "type": "Utilities", "status": null, "qld_funding": 0, "fed_funding": 0, "local_funding": 0, "own_funding": 0, "private_funding": 0, "total_funding": 11571000, "region_codes": [310], "region_lga": null, "region_sed": null, "region_sa4": null, "address": null, "web_link": null, "category": "capital"}}, {"type": "Feature", "geometry": {"type": "Point", "coordinates": [150.8855446, -27.007098]}, "properties": {"project_id": 90000568, "name": "Kogan North Gas Fields development", "description": "Kogan North Gas Fields development.", "agency": "CleanCo Queensland Limited", "type": "Utilities", "status": null, "qld_funding": 0, "fed_funding": 0, "local_funding": 0, "own_funding": 0, "private_funding": 0, "total_funding": 28387000, "region_codes": [307], "region_lga": null, "region_sed": null, "region_sa4": null, "address": null, "web_link": null, "category": "capital"}}, {"type": "Feature", "geometry": {"type": "Point", "coordinates": [152.81788, -27.655097]}, "properties": {"project_id": 90000569, "name": "Swanbank Battery Storage", "description": "Swanbank Battery Storage.", "agency": "CleanCo Queensland Limited", "type": "Utilities", "status": null, "qld_funding": 0, "fed_funding": 0, "local_funding": 0, "own_funding": 0, "private_funding": 0, "total_funding": 26116000, "region_codes": [310], "region_lga": null, "region_sed": null, "region_sa4": null, "address": null, "web_link": null, "category": "capital"}}, {"type": "Feature", "geometry": {"type": "Point", "coordinates": [152.81788, -27.655097]}, "properties": {"project_id": 90000570, "name": "Swanbank Precinct Community", "description": "Swanbank Precinct Community.", "agency": "CleanCo Queensland Limited", "type": "Utilities", "status": null, "qld_funding": 0, "fed_funding": 0, "local_funding": 0, "own_funding": 0, "private_funding": 0, "total_funding": 675000, "region_codes": [310], "region_lga": null, "region_sed": null, "region_sa4": null, "address": null, "web_link": null, "category": "capital"}}, {"type": "Feature", "geometry": {"type": "Point", "coordinates": [148.689479, -20.2821885]}, "properties": {"project_id": 90000571, "name": "Cannonvale-Jubilee Pocket 66 kilovolt reinforcement", "description": "$6.6 million to continue $44.0 million provision of Cannonvale-Jubilee Pocket 66 kilovolt reinforcement.", "agency": "Energy Queensland Limited", "type": "Utilities", "status": null, "qld_funding": 0, "fed_funding": 0, "local_funding": 0, "own_funding": 0, "private_funding": 0, "total_funding": 6564000, "region_codes": [312], "region_lga": null, "region_sed": null, "region_sa4": null, "address": null, "web_link": "http://www.energyq.com.au", "category": "capital"}}, {"type": "Feature", "geometry": {"type": "Point", "coordinates": [146.775528, -19.265551]}, "properties": {"project_id": 90000572, "name": "Replace 66 kilovolt outdoor switchgear at Garbutt Substation", "description": "$1.4 million to continue replacement of 66 kilovolt outdoor switchgear at Garbutt substation.", "agency": "Energy Queensland Limited", "type": "Utilities", "status": null, "qld_funding": 0, "fed_funding": 0, "local_funding": 0, "own_funding": 0, "private_funding": 0, "total_funding": 1355000, "region_codes": [318], "region_lga": null, "region_sed": null, "region_sa4": null, "address": null, "web_link": "http://www.energyq.com.au", "category": "capital"}}, {"type": "Feature", "geometry": {"type": "Point", "coordinates": [153.0432, -27.4491]}, "properties": {"project_id": 90000574, "name": "Ergon Energy Retail information communications and technology ", "description": "$7.4 million to continue information communications and technology projects for the retail business.", "agency": "Energy Queensland Limited", "type": "Utilities", "status": null, "qld_funding": 0, "fed_funding": 0, "local_funding": 0, "own_funding": 0, "private_funding": 0, "total_funding": 7397000, "region_codes": [305], "region_lga": null, "region_sed": null, "region_sa4": null, "address": null, "web_link": "http://www.energyq.com.au", "category": "capital"}}, {"type": "Feature", "geometry": {"type": "Point", "coordinates": [148.15124, -23.536435]}, "properties": {"project_id": 90000581, "name": "Emerald Comet Substation upgrade", "description": "$3.1 million to continue $7.1 million upgrade to carry out substation protection works at Emerald Comet substation to improve network performance.", "agency": "Energy Queensland Limited", "type": "Utilities", "status": null, "qld_funding": 0, "fed_funding": 0, "local_funding": 0, "own_funding": 0, "private_funding": 0, "total_funding": 3099000, "region_codes": [308], "region_lga": null, "region_sed": null, "region_sa4": null, "address": null, "web_link": "http://www.energyq.com.au", "category": "capital"}}, {"type": "Feature", "geometry": {"type": "Point", "coordinates": [152.25852, -26.081211]}, "properties": {"project_id": 90000584, "name": "Kilkivan Substation replacement", "description": "$6.5 million to continue $37.5 million to carry out substation refurbishment works at Kilkivan Substation to improve network performance.", "agency": "Energy Queensland Limited", "type": "Utilities", "status": null, "qld_funding": 0, "fed_funding": 0, "local_funding": 0, "own_funding": 0, "private_funding": 0, "total_funding": 6453000, "region_codes": [319], "region_lga": null, "region_sed": null, "region_sa4": null, "address": null, "web_link": "http://www.energyq.com.au", "category": "capital"}}, {"type": "Feature", "geometry": {"type": "Point", "coordinates": [145.395493, -16.50485]}, "properties": {"project_id": 90000585, "name": "Mossman Substation refurbishment, transmission plant and powerline replacement", "description": "$9.9 million to continue $45.1 million to carry out substation refurbishment works at Mossman Substation to improve network performance.", "agency": "Energy Queensland Limited", "type": "Utilities", "status": null, "qld_funding": 0, "fed_funding": 0, "local_funding": 0, "own_funding": 0, "private_funding": 0, "total_funding": 9855000, "region_codes": [306], "region_lga": null, "region_sed": null, "region_sa4": null, "address": null, "web_link": "http://www.energyq.com.au", "category": "capital"}}, {"type": "Feature", "geometry": {"type": "Point", "coordinates": [152.388103, -24.865856]}, "properties": {"project_id": 90000586, "name": "East Bundaberg Substation refurbishment", "description": "$12.3 million to continue $23.2 million to carry out substation refurbishment works at East Bundaberg Substation to improve network performance.", "agency": "Energy Queensland Limited", "type": "Utilities", "status": null, "qld_funding": 0, "fed_funding": 0, "local_funding": 0, "own_funding": 0, "private_funding": 0, "total_funding": 12349000, "region_codes": [319], "region_lga": null, "region_sed": null, "region_sa4": null, "address": null, "web_link": "http://www.energyq.com.au", "category": "capital"}}, {"type": "Feature", "geometry": {"type": "Point", "coordinates": [151.929118, -27.556142]}, "properties": {"project_id": 90000587, "name": "West Toowoomba 11 kilovolt plant replacement", "description": "$2.2 million to continue $17.9 million to replace 11 kilovolt plant at West Toowoomba. ", "agency": "Energy Queensland Limited", "type": "Utilities", "status": null, "qld_funding": 0, "fed_funding": 0, "local_funding": 0, "own_funding": 0, "private_funding": 0, "total_funding": 2206000, "region_codes": [317], "region_lga": null, "region_sed": null, "region_sa4": null, "address": null, "web_link": "http://www.energyq.com.au", "category": "capital"}}, {"type": "Feature", "geometry": {"type": "Point", "coordinates": [151.93836, -27.432124]}, "properties": {"project_id": 90000588, "name": "Establish new Kleinton Substation", "description": "$2.8 million to continue $16.1 million to establish a new substation at Kleinton.", "agency": "Energy Queensland Limited", "type": "Utilities", "status": null, "qld_funding": 0, "fed_funding": 0, "local_funding": 0, "own_funding": 0, "private_funding": 0, "total_funding": 2817000, "region_codes": [317], "region_lga": null, "region_sed": null, "region_sa4": null, "address": null, "web_link": "http://www.energyq.com.au", "category": "capital"}}, {"type": "Feature", "geometry": {"type": "Point", "coordinates": [150.508558, -23.366207]}, "properties": {"project_id": 90000589, "name": "Rockhampton Glenmore Substation refurbishment", "description": "$3.6 million to continue $10.2 million to carry out refurbishment works at Glenmore Substation to improve network performance.", "agency": "Energy Queensland Limited", "type": "Utilities", "status": null, "qld_funding": 0, "fed_funding": 0, "local_funding": 0, "own_funding": 0, "private_funding": 0, "total_funding": 3628000, "region_codes": [308], "region_lga": null, "region_sed": null, "region_sa4": null, "address": null, "web_link": "http://www.energyq.com.au", "category": "capital"}}, {"type": "Feature", "geometry": {"type": "Point", "coordinates": [152.855795, -26.761644]}, "properties": {"project_id": 90000590, "name": "Rebuild Maleny Substation", "description": "$5.6 million to continue $17.5 million to rebuild Maleny Substation.", "agency": "Energy Queensland Limited", "type": "Utilities", "status": null, "qld_funding": 0, "fed_funding": 0, "local_funding": 0, "own_funding": 0, "private_funding": 0, "total_funding": 5591000, "region_codes": [316], "region_lga": null, "region_sed": null, "region_sa4": null, "address": null, "web_link": "http://www.energyq.com.au", "category": "capital"}}, {"type": "Feature", "geometry": {"type": "Point", "coordinates": [152.801329, -27.53723]}, "properties": {"project_id": 90000591, "name": "Establish new Mount Crosby East Substation", "description": "$7.9 million to continue $25.2 million to replace Mount Crosby Substation to improve network performance.", "agency": "Energy Queensland Limited", "type": "Utilities", "status": null, "qld_funding": 0, "fed_funding": 0, "local_funding": 0, "own_funding": 0, "private_funding": 0, "total_funding": 7901000, "region_codes": [310], "region_lga": null, "region_sed": null, "region_sa4": null, "address": null, "web_link": "http://www.energyq.com.au", "category": "capital"}}, {"type": "Feature", "geometry": {"type": "Point", "coordinates": [152.5489783, -27.479141]}, "properties": {"project_id": 90000598, "name": "Tarampa Substation upgrade", "description": "$6.3 million to continue $13.3 million to replace Tarampa substation assets that have reached end-of-life. ", "agency": "Energy Queensland Limited", "type": "Utilities", "status": null, "qld_funding": 0, "fed_funding": 0, "local_funding": 0, "own_funding": 0, "private_funding": 0, "total_funding": 6261000, "region_codes": [310], "region_lga": null, "region_sed": null, "region_sa4": null, "address": null, "web_link": "http://www.energyq.com.au", "category": "capital"}}, {"type": "Feature", "geometry": {"type": "Point", "coordinates": [153.1590529, -27.441087]}, "properties": {"project_id": 90000600, "name": "Replace circuit breakers at Lindum Substation", "description": "$2.4 million to continue $13.5 million to replace substation assets that have reached end of life at Wynnum and Lindum.", "agency": "Energy Queensland Limited", "type": "Utilities", "status": null, "qld_funding": 0, "fed_funding": 0, "local_funding": 0, "own_funding": 0, "private_funding": 0, "total_funding": 2399000, "region_codes": [301], "region_lga": null, "region_sed": null, "region_sa4": null, "address": null, "web_link": "http://www.energyq.com.au", "category": "capital"}}, {"type": "Feature", "geometry": {"type": "Point", "coordinates": [150.508117, -24.40158]}, "properties": {"project_id": 90000601, "name": "Biloela Substation refurbishment", "description": "$5.3 million to continue $19.4 million to replace Biloela substation assets that have reached end of life.", "agency": "Energy Queensland Limited", "type": "Utilities", "status": null, "qld_funding": 0, "fed_funding": 0, "local_funding": 0, "own_funding": 0, "private_funding": 0, "total_funding": 5338000, "region_codes": [308], "region_lga": null, "region_sed": null, "region_sa4": null, "address": null, "web_link": "http://www.energyq.com.au", "category": "capital"}}, {"type": "Feature", "geometry": {"type": "Point", "coordinates": [145.466217, -20.47533]}, "properties": {"project_id": 90000602, "name": "Cape River Substation replacement", "description": "$6.4 million to continue $14.9 million to replace the Cape River Substation.", "agency": "Energy Queensland Limited", "type": "Utilities", "status": null, "qld_funding": 0, "fed_funding": 0, "local_funding": 0, "own_funding": 0, "private_funding": 0, "total_funding": 6369000, "region_codes": [318], "region_lga": null, "region_sed": null, "region_sa4": null, "address": null, "web_link": "http://www.energyq.com.au", "category": "capital"}}, {"type": "Feature", "geometry": {"type": "Point", "coordinates": [150.513168, -23.3838]}, "properties": {"project_id": 90000603, "name": "Rockhampton South Substation refurbishment", "description": "$6.3 million to continue $13.2 million to replace Rockhampton South substation assets that have reached end-of-life.", "agency": "Energy Queensland Limited", "type": "Utilities", "status": null, "qld_funding": 0, "fed_funding": 0, "local_funding": 0, "own_funding": 0, "private_funding": 0, "total_funding": 6316000, "region_codes": [308], "region_lga": null, "region_sed": null, "region_sa4": null, "address": null, "web_link": "http://www.energyq.com.au", "category": "capital"}}, {"type": "Feature", "geometry": {"type": "Point", "coordinates": [151.2020278, -26.54611111]}, "properties": {"project_id": 90000607, "name": "Wambo Wind Farm Stage 1", "description": "Construction of the Wambo Wind Farm Stage 1.", "agency": "Stanwell Corporation Limited", "type": "Utilities", "status": null, "qld_funding": 0, "fed_funding": 0, "local_funding": 0, "own_funding": 0, "private_funding": 0, "total_funding": 72600000, "region_codes": [307], "region_lga": null, "region_sed": null, "region_sa4": null, "address": null, "web_link": null, "category": "capital"}}, {"type": "Feature", "geometry": {"type": "Point", "coordinates": [151.915351, -26.782564]}, "properties": {"project_id": 90000608, "name": "Southern Renewable Energy Zone Battery", "description": "Construction of the 300 megawatt Southern Regional Energy Zone battery.", "agency": "Stanwell Corporation Limited", "type": "Utilities", "status": null, "qld_funding": 0, "fed_funding": 0, "local_funding": 0, "own_funding": 0, "private_funding": 0, "total_funding": 28525000, "region_codes": [319], "region_lga": null, "region_sed": null, "region_sa4": null, "address": null, "web_link": null, "category": "capital"}}, {"type": "Feature", "geometry": {"type": "Point", "coordinates": [150.319284, -23.50932]}, "properties": {"project_id": 90000609, "name": "Central Renewable Energy Zone Battery", "description": "Construction of the Central Renewable Energy Zone Battery at Stanwell Power Station.", "agency": "Stanwell Corporation Limited", "type": "Utilities", "status": null, "qld_funding": 0, "fed_funding": 0, "local_funding": 0, "own_funding": 0, "private_funding": 0, "total_funding": 324293000, "region_codes": [308], "region_lga": null, "region_sed": null, "region_sa4": null, "address": null, "web_link": null, "category": "capital"}}, {"type": "Feature", "geometry": {"type": "Point", "coordinates": [151.2020278, -26.54611111]}, "properties": {"project_id": 90000610, "name": "Wambo Wind Farm Stage 2", "description": "Construction of the Wambo Wind Farm Stage 2.", "agency": "Stanwell Corporation Limited", "type": "Utilities", "status": null, "qld_funding": 0, "fed_funding": 0, "local_funding": 0, "own_funding": 0, "private_funding": 0, "total_funding": 106906000, "region_codes": [307], "region_lga": null, "region_sed": null, "region_sa4": null, "address": null, "web_link": null, "category": "capital"}}, {"type": "Feature", "geometry": {"type": "Point", "coordinates": [152.1910945, -27.281564]}, "properties": {"project_id": 90000611, "name": "Big T Pumped Hydro project", "description": "Planning and investigation of the Big T Pumped Hydro project.", "agency": "Stanwell Corporation Limited", "type": "Utilities", "status": null, "qld_funding": 0, "fed_funding": 0, "local_funding": 0, "own_funding": 0, "private_funding": 0, "total_funding": 29412000, "region_codes": [307], "region_lga": null, "region_sed": null, "region_sa4": null, "address": null, "web_link": null, "category": "capital"}}, {"type": "Feature", "geometry": {"type": "Point", "coordinates": [153.024537, -27.466885]}, "properties": {"project_id": 90000612, "name": "Other capital projects", "description": "Capital projects within Stanwell to maintain and upgrade various plant and systems.", "agency": "Stanwell Corporation Limited", "type": "Utilities", "status": null, "qld_funding": 0, "fed_funding": 0, "local_funding": 0, "own_funding": 0, "private_funding": 0, "total_funding": 1610000, "region_codes": [305], "region_lga": null, "region_sed": null, "region_sa4": null, "address": null, "web_link": null, "category": "capital"}}, {"type": "Feature", "geometry": {"type": "Point", "coordinates": [151.896908, -26.804883]}, "properties": {"project_id": 90000613, "name": "Meandu Mine - Development Program", "description": "Program of capital works to further develop the Meandu Mine.", "agency": "Stanwell Corporation Limited", "type": "Utilities", "status": null, "qld_funding": 0, "fed_funding": 0, "local_funding": 0, "own_funding": 0, "private_funding": 0, "total_funding": 3055000, "region_codes": [319], "region_lga": null, "region_sed": null, "region_sa4": null, "address": null, "web_link": null, "category": "capital"}}, {"type": "Feature", "geometry": {"type": "Point", "coordinates": [151.896908, -26.804883]}, "properties": {"project_id": 90000614, "name": "Meandu Mine - minor works", "description": "Replacement, refurbishment and upgrades to minor assets at Meandu Mine.", "agency": "Stanwell Corporation Limited", "type": "Utilities", "status": null, "qld_funding": 0, "fed_funding": 0, "local_funding": 0, "own_funding": 0, "private_funding": 0, "total_funding": 56189000, "region_codes": [319], "region_lga": null, "region_sed": null, "region_sa4": null, "address": null, "web_link": null, "category": "capital"}}, {"type": "Feature", "geometry": {"type": "Point", "coordinates": [150.319284, -23.50932]}, "properties": {"project_id": 90000615, "name": "Stanwell Power Station - Overhauls", "description": "Major refurbishment and upgrades to generation units at Stanwell Power Station.", "agency": "Stanwell Corporation Limited", "type": "Utilities", "status": null, "qld_funding": 0, "fed_funding": 0, "local_funding": 0, "own_funding": 0, "private_funding": 0, "total_funding": 8000000, "region_codes": [308], "region_lga": null, "region_sed": null, "region_sa4": null, "address": null, "web_link": null, "category": "capital"}}, {"type": "Feature", "geometry": {"type": "Point", "coordinates": [153.024537, -27.466885]}, "properties": {"project_id": 90000616, "name": "ICT - Hardware and Software Upgrades", "description": "Upgrades to ICT hardware and software.", "agency": "Stanwell Corporation Limited", "type": "Utilities", "status": null, "qld_funding": 0, "fed_funding": 0, "local_funding": 0, "own_funding": 0, "private_funding": 0, "total_funding": 6790000, "region_codes": [305], "region_lga": null, "region_sed": null, "region_sa4": null, "address": null, "web_link": null, "category": "capital"}}, {"type": "Feature", "geometry": {"type": "Point", "coordinates": [151.915351, -26.782564]}, "properties": {"project_id": 90000617, "name": "Tarong Power Station - Overhauls", "description": "Major refurbishment and upgrades to generation units at Tarong Power Station.", "agency": "Stanwell Corporation Limited", "type": "Utilities", "status": null, "qld_funding": 0, "fed_funding": 0, "local_funding": 0, "own_funding": 0, "private_funding": 0, "total_funding": 40654000, "region_codes": [319], "region_lga": null, "region_sed": null, "region_sa4": null, "address": null, "web_link": null, "category": "capital"}}, {"type": "Feature", "geometry": {"type": "Point", "coordinates": [150.319284, -23.50932]}, "properties": {"project_id": 90000618, "name": "Stanwell Power Station - Other Sustaining Projects", "description": "Replacement, refurbishment and upgrades to minor assets at Stanwell Power Station.", "agency": "Stanwell Corporation Limited", "type": "Utilities", "status": null, "qld_funding": 0, "fed_funding": 0, "local_funding": 0, "own_funding": 0, "private_funding": 0, "total_funding": 25396000, "region_codes": [308], "region_lga": null, "region_sed": null, "region_sa4": null, "address": null, "web_link": null, "category": "capital"}}, {"type": "Feature", "geometry": {"type": "Point", "coordinates": [151.915351, -26.782564]}, "properties": {"project_id": 90000619, "name": "Tarong Power Station - Other Sustaining Projects", "description": "Replacement, refurbishment and upgrades to minor assets at Tarong Power Station.", "agency": "Stanwell Corporation Limited", "type": "Utilities", "status": null, "qld_funding": 0, "fed_funding": 0, "local_funding": 0, "own_funding": 0, "private_funding": 0, "total_funding": 27773000, "region_codes": [319], "region_lga": null, "region_sed": null, "region_sa4": null, "address": null, "web_link": null, "category": "capital"}}, {"type": "Feature", "geometry": {"type": "Point", "coordinates": [151.915351, -26.782564]}, "properties": {"project_id": 90000620, "name": "Tarong Power Station - Cooling Tower Refurbishment", "description": "Refurbishment of the unit 1/2 & 3/4 cooling towers at Tarong Power Station.", "agency": "Stanwell Corporation Limited", "type": "Utilities", "status": null, "qld_funding": 0, "fed_funding": 0, "local_funding": 0, "own_funding": 0, "private_funding": 0, "total_funding": 6371000, "region_codes": [319], "region_lga": null, "region_sed": null, "region_sa4": null, "address": null, "web_link": null, "category": "capital"}}, {"type": "Feature", "geometry": {"type": "Point", "coordinates": [151.896908, -26.804883]}, "properties": {"project_id": 90000621, "name": "Meandu Mine - Dragline Overhaul", "description": "Overhaul of the dragline at the Meandu Mine.", "agency": "Stanwell Corporation Limited", "type": "Utilities", "status": null, "qld_funding": 0, "fed_funding": 0, "local_funding": 0, "own_funding": 0, "private_funding": 0, "total_funding": 23446000, "region_codes": [319], "region_lga": null, "region_sed": null, "region_sa4": null, "address": null, "web_link": null, "category": "capital"}}, {"type": "Feature", "geometry": {"type": "Point", "coordinates": [151.896908, -26.804883]}, "properties": {"project_id": 90000622, "name": "Mine - Truck and Shovel Program", "description": "Capital to replace trucks and earth moving plant at the Meandu Mine.", "agency": "Stanwell Corporation Limited", "type": "Utilities", "status": null, "qld_funding": 0, "fed_funding": 0, "local_funding": 0, "own_funding": 0, "private_funding": 0, "total_funding": 30643000, "region_codes": [319], "region_lga": null, "region_sed": null, "region_sa4": null, "address": null, "web_link": null, "category": "capital"}}, {"type": "Feature", "geometry": {"type": "Point", "coordinates": [150.319284, -23.50932]}, "properties": {"project_id": 90000623, "name": "Stanwell Power Station - Drains Reclaim Dam Project", "description": "Design and construction of a new drains reclaim dam at Stanwell Power Station.", "agency": "Stanwell Corporation Limited", "type": "Utilities", "status": null, "qld_funding": 0, "fed_funding": 0, "local_funding": 0, "own_funding": 0, "private_funding": 0, "total_funding": 1000000, "region_codes": [308], "region_lga": null, "region_sed": null, "region_sa4": null, "address": null, "web_link": null, "category": "capital"}}, {"type": "Feature", "geometry": {"type": "Point", "coordinates": [151.915351, -26.782564]}, "properties": {"project_id": 90000624, "name": "Tarong Power Station - Stator Rewind Project", "description": "Rewind of the Tarong North stator to ensure safe and reliable operation of the generating unit into the future.", "agency": "Stanwell Corporation Limited", "type": "Utilities", "status": null, "qld_funding": 0, "fed_funding": 0, "local_funding": 0, "own_funding": 0, "private_funding": 0, "total_funding": 5250000, "region_codes": [319], "region_lga": null, "region_sed": null, "region_sa4": null, "address": null, "web_link": null, "category": "capital"}}, {"type": "Feature", "geometry": {"type": "Point", "coordinates": [150.78444, -26.92527]}, "properties": {"project_id": 90000625, "name": "Kogan Creek Mine developments and refurbishment", "description": "Kogan Creek Mine developments and refurbishment.", "agency": "CS Energy Limited", "type": "Utilities", "status": null, "qld_funding": 0, "fed_funding": 0, "local_funding": 0, "own_funding": 0, "private_funding": 0, "total_funding": 2684000, "region_codes": [307], "region_lga": null, "region_sed": null, "region_sa4": null, "address": null, "web_link": null, "category": "capital"}}, {"type": "Feature", "geometry": {"type": "Point", "coordinates": [153.0381, -27.4525]}, "properties": {"project_id": 90000626, "name": "Corporate and information systems projects", "description": "CS Energy corporate and information systems projects.", "agency": "CS Energy Limited", "type": "Utilities", "status": null, "qld_funding": 0, "fed_funding": 0, "local_funding": 0, "own_funding": 0, "private_funding": 0, "total_funding": 4723000, "region_codes": [305], "region_lga": null, "region_sed": null, "region_sa4": null, "address": null, "web_link": null, "category": "capital"}}, {"type": "Feature", "geometry": {"type": "Point", "coordinates": [150.75083, -26.91778]}, "properties": {"project_id": 90000627, "name": "Brigalow Gas Peaking Plant", "description": "Brigalow Gas Peaking Plant.", "agency": "CS Energy Limited", "type": "Utilities", "status": null, "qld_funding": 0, "fed_funding": 0, "local_funding": 0, "own_funding": 0, "private_funding": 0, "total_funding": 479237000, "region_codes": [307], "region_lga": null, "region_sed": null, "region_sa4": null, "address": null, "web_link": null, "category": "capital"}}, {"type": "Feature", "geometry": {"type": "Point", "coordinates": [152.95348, -27.73185]}, "properties": {"project_id": 90000628, "name": "Greenbank Battery", "description": "Greenbank Battery storage investment.", "agency": "CS Energy Limited", "type": "Utilities", "status": null, "qld_funding": 0, "fed_funding": 0, "local_funding": 0, "own_funding": 0, "private_funding": 0, "total_funding": 2085000, "region_codes": [311], "region_lga": null, "region_sed": null, "region_sa4": null, "address": null, "web_link": null, "category": "capital"}}, {"type": "Feature", "geometry": {"type": "Point", "coordinates": [146.776327, -19.267434]}, "properties": {"project_id": 90000629, "name": "Townsville training facility redevelopment", "description": "$13.4 million to continue $25.3 million redevelopment of the training facilities in Townsville.", "agency": "Energy Queensland Limited", "type": "Utilities", "status": null, "qld_funding": 0, "fed_funding": 0, "local_funding": 0, "own_funding": 0, "private_funding": 0, "total_funding": 13380000, "region_codes": [318], "region_lga": null, "region_sed": null, "region_sa4": null, "address": null, "web_link": "http://www.energyq.com.au", "category": "capital"}}, {"type": "Feature", "geometry": {"type": "Point", "coordinates": [152.686966, -25.513362]}, "properties": {"project_id": 90000630, "name": "Ergon Energy Maryborough operational depot redevelopment", "description": "$9.5 million commencement of $23.9 million project to provide redevelopment/refurbishment of buildings at Searle Street depots in Maryborough.", "agency": "Energy Queensland Limited", "type": "Utilities", "status": null, "qld_funding": 0, "fed_funding": 0, "local_funding": 0, "own_funding": 0, "private_funding": 0, "total_funding": 9460000, "region_codes": [319], "region_lga": null, "region_sed": null, "region_sa4": null, "address": null, "web_link": "http://www.energyq.com.au", "category": "capital"}}, {"type": "Feature", "geometry": {"type": "Point", "coordinates": [152.5833615, -26.50650397]}, "properties": {"project_id": 90000639, "name": "Borumba Pumped Hydro Energy Storage", "description": "Queensland Hydro will continue to deliver the Borumba Pumped Hydro Energy Storage Project, near Imbil southwest of Gympie.", "agency": "Queensland Hydro Pty Ltd", "type": "Utilities", "status": null, "qld_funding": 0, "fed_funding": 0, "local_funding": 0, "own_funding": 0, "private_funding": 0, "total_funding": 355174000, "region_codes": [319], "region_lga": null, "region_sed": null, "region_sa4": null, "address": null, "web_link": "https://qldhydro.com.au/projects/borumba/", "category": "capital"}}, {"type": "Feature", "geometry": {"type": "Point", "coordinates": [153.067148, -27.385146]}, "properties": {"project_id": 90000640, "name": "Advanced energy management system replacement", "description": "Replace the energy management system to ensure continuing effective management of the transmission network in real time.", "agency": "Powerlink Queensland", "type": "Utilities", "status": null, "qld_funding": 0, "fed_funding": 0, "local_funding": 0, "own_funding": 0, "private_funding": 0, "total_funding": 53458000, "region_codes": [302], "region_lga": null, "region_sed": null, "region_sa4": null, "address": null, "web_link": null, "category": "capital"}}, {"type": "Feature", "geometry": {"type": "Point", "coordinates": [146.72653, -19.40435]}, "properties": {"project_id": 90000641, "name": "CopperString", "description": "Construction of the CopperString transmission line that will connect the Queensland North-West Minerals Province to the national electricity grid.", "agency": "Powerlink Queensland", "type": "Utilities", "status": null, "qld_funding": 0, "fed_funding": 0, "local_funding": 0, "own_funding": 0, "private_funding": 0, "total_funding": 402791000, "region_codes": [318], "region_lga": null, "region_sed": null, "region_sa4": null, "address": null, "web_link": null, "category": "capital"}}, {"type": "Feature", "geometry": {"type": "Point", "coordinates": [152.555932, -26.522195]}, "properties": {"project_id": 90000642, "name": "Borumba Network Infrastructure", "description": "Infrastructure to connect the Borumba Pumped Hydro Energy Storage system to the network.", "agency": "Powerlink Queensland", "type": "Utilities", "status": null, "qld_funding": 0, "fed_funding": 0, "local_funding": 0, "own_funding": 0, "private_funding": 0, "total_funding": 81050000, "region_codes": [319], "region_lga": null, "region_sed": null, "region_sa4": null, "address": null, "web_link": null, "category": "capital"}}, {"type": "Feature", "geometry": {"type": "Point", "coordinates": [150.6272, -24.3436]}, "properties": {"project_id": 90000646, "name": "Gladstone Project", "description": "Transmission project to ensure ongoing reliability and security of supply to meet power transfer requirements into the Gladstone area.", "agency": "Powerlink Queensland", "type": "Utilities", "status": null, "qld_funding": 0, "fed_funding": 0, "local_funding": 0, "own_funding": 0, "private_funding": 0, "total_funding": 221000000, "region_codes": [308], "region_lga": null, "region_sed": null, "region_sa4": null, "address": null, "web_link": null, "category": "capital"}}, {"type": "Feature", "geometry": {"type": "Point", "coordinates": [151.1915, -23.857]}, "properties": {"project_id": 90000647, "name": "Synchronous Condensers", "description": "Installation of synchronous condensers to support system strength around Gladstone and Callide regions.", "agency": "Powerlink Queensland", "type": "Utilities", "status": null, "qld_funding": 0, "fed_funding": 0, "local_funding": 0, "own_funding": 0, "private_funding": 0, "total_funding": 12000000, "region_codes": [308], "region_lga": null, "region_sed": null, "region_sa4": null, "address": null, "web_link": null, "category": "capital"}}, {"type": "Feature", "geometry": {"type": "Point", "coordinates": [151.22299, -23.8622]}, "properties": {"project_id": 90000648, "name": "Gladstone Hub", "description": "Develop a purpose-built workforce training and storage facility to support the regional growth of the network.", "agency": "Powerlink Queensland", "type": "Utilities", "status": null, "qld_funding": 0, "fed_funding": 0, "local_funding": 0, "own_funding": 0, "private_funding": 0, "total_funding": 29000000, "region_codes": [308], "region_lga": null, "region_sed": null, "region_sa4": null, "address": null, "web_link": null, "category": "capital"}}, {"type": "Feature", "geometry": {"type": "Point", "coordinates": [151.76129, -25.2702]}, "properties": {"project_id": 90000658, "name": "Mount Rawdon Hydro development", "description": "Mount Rawdon Hydro development.", "agency": "CleanCo Queensland Limited", "type": "Utilities", "status": null, "qld_funding": 0, "fed_funding": 0, "local_funding": 0, "own_funding": 0, "private_funding": 0, "total_funding": 50000000, "region_codes": [319], "region_lga": null, "region_sed": null, "region_sa4": null, "address": null, "web_link": null, "category": "capital"}}, {"type": "Feature", "geometry": {"type": "Point", "coordinates": [150.61944, -24.34389]}, "properties": {"project_id": 90000660, "name": "Callide C Power Station overhauls", "description": "Callide C Power Station overhauls.", "agency": "CS Energy Limited", "type": "Utilities", "status": null, "qld_funding": 0, "fed_funding": 0, "local_funding": 0, "own_funding": 0, "private_funding": 0, "total_funding": 50593000, "region_codes": [308], "region_lga": null, "region_sed": null, "region_sa4": null, "address": null, "web_link": null, "category": "capital"}}, {"type": "Feature", "geometry": {"type": "Point", "coordinates": [150.61944, -24.34389]}, "properties": {"project_id": 90000661, "name": "Callide C Power Station sustaining projects", "description": "Callide C Power Station sustaining projects.", "agency": "CS Energy Limited", "type": "Utilities", "status": null, "qld_funding": 0, "fed_funding": 0, "local_funding": 0, "own_funding": 0, "private_funding": 0, "total_funding": 30210000, "region_codes": [308], "region_lga": null, "region_sed": null, "region_sa4": null, "address": null, "web_link": null, "category": "capital"}}, {"type": "Feature", "geometry": {"type": "Point", "coordinates": [150.61944, -24.34389]}, "properties": {"project_id": 90000662, "name": "Callide B Power Station overhauls", "description": "Callide B Power Station overhauls.", "agency": "CS Energy Limited", "type": "Utilities", "status": null, "qld_funding": 0, "fed_funding": 0, "local_funding": 0, "own_funding": 0, "private_funding": 0, "total_funding": 1859000, "region_codes": [308], "region_lga": null, "region_sed": null, "region_sa4": null, "address": null, "web_link": null, "category": "capital"}}, {"type": "Feature", "geometry": {"type": "Point", "coordinates": [150.61944, -24.34389]}, "properties": {"project_id": 90000663, "name": "Callide B Power Station sustaining projects", "description": "Callide B Power Station sustaining projects.", "agency": "CS Energy Limited", "type": "Utilities", "status": null, "qld_funding": 0, "fed_funding": 0, "local_funding": 0, "own_funding": 0, "private_funding": 0, "total_funding": 40016000, "region_codes": [308], "region_lga": null, "region_sed": null, "region_sa4": null, "address": null, "web_link": null, "category": "capital"}}, {"type": "Feature", "geometry": {"type": "Point", "coordinates": [150.75083, -26.91778]}, "properties": {"project_id": 90000664, "name": "Kogan Creek Power Station overhauls", "description": "Kogan Creek Power Station overhauls.", "agency": "CS Energy Limited", "type": "Utilities", "status": null, "qld_funding": 0, "fed_funding": 0, "local_funding": 0, "own_funding": 0, "private_funding": 0, "total_funding": 8931000, "region_codes": [307], "region_lga": null, "region_sed": null, "region_sa4": null, "address": null, "web_link": null, "category": "capital"}}, {"type": "Feature", "geometry": {"type": "Point", "coordinates": [150.75083, -26.91778]}, "properties": {"project_id": 90000665, "name": "Kogan Creek Power Station sustaining projects", "description": "Kogan Creek Power Station sustaining projects.", "agency": "CS Energy Limited", "type": "Utilities", "status": null, "qld_funding": 0, "fed_funding": 0, "local_funding": 0, "own_funding": 0, "private_funding": 0, "total_funding": 56355000, "region_codes": [307], "region_lga": null, "region_sed": null, "region_sa4": null, "address": null, "web_link": null, "category": "capital"}}, {"type": "Feature", "geometry": {"type": "Point", "coordinates": [150.319284, -23.50932]}, "properties": {"project_id": 90000667, "name": "Other renewable and firming projects", "description": "Service and maintenance of renewable projects within the Southern and Central renewable energy zones and projects at the Future Energy and Innovation Training Hub (FEITH).", "agency": "Stanwell Corporation Limited", "type": "Utilities", "status": null, "qld_funding": 0, "fed_funding": 0, "local_funding": 0, "own_funding": 0, "private_funding": 0, "total_funding": 11106000, "region_codes": [308], "region_lga": null, "region_sed": null, "region_sa4": null, "address": null, "web_link": null, "category": "capital"}}, {"type": "Feature", "geometry": {"type": "Point", "coordinates": [150.501799, -23.376686]}, "properties": {"project_id": 90000688, "name": "Browne Park Redevelopment", "description": "Stage 1 of the redevelopment of Browne Park.", "agency": "Department of Sport, Racing and Olympic and Paralympic Games", "type": "Recreation & Culture", "status": null, "qld_funding": 0, "fed_funding": 0, "local_funding": 0, "own_funding": 0, "private_funding": 0, "total_funding": 29959000, "region_codes": [308], "region_lga": null, "region_sed": null, "region_sa4": null, "address": null, "web_link": null, "category": "capital"}}, {"type": "Feature", "geometry": {"type": "Point", "coordinates": [150.4928, -23.36519717]}, "properties": {"project_id": 90000693, "name": "Rockhampton Sports Precinct", "description": "Stage 1 of the new facility to include 16 outdoor hard courts, new club house and changeroom facilities and community play space.", "agency": "Department of Sport, Racing and Olympic and Paralympic Games", "type": "Recreation & Culture", "status": null, "qld_funding": 0, "fed_funding": 0, "local_funding": 0, "own_funding": 0, "private_funding": 0, "total_funding": 13500000, "region_codes": [308], "region_lga": null, "region_sed": null, "region_sa4": null, "address": null, "web_link": null, "category": "capital"}}, {"type": "Feature", "geometry": {"type": "Point", "coordinates": [152.758326, -27.628748]}, "properties": {"project_id": 90000694, "name": "North Ipswich Sport and Entertainment Precinct Stage 1", "description": "North Ipswich Sport and Entertainment Precinct Stage 1.", "agency": "Department of Sport, Racing and Olympic and Paralympic Games", "type": "Recreation & Culture", "status": null, "qld_funding": 0, "fed_funding": 0, "local_funding": 0, "own_funding": 0, "private_funding": 0, "total_funding": 2500000, "region_codes": [310], "region_lga": null, "region_sed": null, "region_sa4": null, "address": null, "web_link": null, "category": "capital"}}, {"type": "Feature", "geometry": {"type": "Point", "coordinates": [152.94433920217568, -27.40081323796326]}, "properties": {"project_id": 90000702, "name": "Schools and Education Boost", "description": "Delivering lighting for the Ferny Hills State School oval.", "agency": "Department of Sport, Racing and Olympic and Paralympic Games", "type": "Recreation & Culture", "status": null, "qld_funding": 0, "fed_funding": 0, "local_funding": 0, "own_funding": 0, "private_funding": 0, "total_funding": 300000, "region_codes": [314], "region_lga": null, "region_sed": null, "region_sa4": null, "address": null, "web_link": null, "category": "capital"}}, {"type": "Feature", "geometry": {"type": "Point", "coordinates": [149.18621597889145, -21.159429998550117]}, "properties": {"project_id": 90000703, "name": "Great Barrier Reef Arena", "description": "Funding for Stage 2 of the Great Barrier Reef Arena upgrade at Harrup Park.", "agency": "Department of Sport, Racing and Olympic and Paralympic Games", "type": "Recreation & Culture", "status": null, "qld_funding": 0, "fed_funding": 0, "local_funding": 0, "own_funding": 0, "private_funding": 0, "total_funding": 1000000, "region_codes": [312], "region_lga": null, "region_sed": null, "region_sa4": null, "address": null, "web_link": null, "category": "capital"}}, {"type": "Feature", "geometry": {"type": "Point", "coordinates": [146.84239224, -19.31456109]}, "properties": {"project_id": 90000704, "name": "Queensland Resources Common User Facility", "description": "The government is providing additional funding over three years to develop Queensland Resources Common User Facility. This facility is to accommodate a broader range of purposes in the future beyond vanadium processing to include minerals and rare earth elements as well as research and development activities by universities and research institutes.", "agency": "Department of State Development, Infrastructure and Planning", "type": "Government Services", "status": null, "qld_funding": 0, "fed_funding": 0, "local_funding": 0, "own_funding": 0, "private_funding": 0, "total_funding": 67562000, "region_codes": [318], "region_lga": null, "region_sed": null, "region_sa4": null, "address": null, "web_link": "https://www.statedevelopment.qld.gov.au/coordinator-general/queensland-resources-common-user-facility", "category": "capital"}}, {"type": "Feature", "geometry": {"type": "Point", "coordinates": [153.427644, -27.937367]}, "properties": {"project_id": 90000705, "name": "Southport Spit", "description": "Implementation of the master plan and delivery of community infrastructure projects.", "agency": "Department of State Development, Infrastructure and Planning", "type": "Government Services", "status": null, "qld_funding": 0, "fed_funding": 0, "local_funding": 0, "own_funding": 0, "private_funding": 0, "total_funding": 2246000, "region_codes": [309], "region_lga": null, "region_sed": null, "region_sa4": null, "address": null, "web_link": "https://www.statedevelopment.qld.gov.au/industry/infrastructure/the-spit-master-plan-implementation", "category": "capital"}}, {"type": "Feature", "geometry": {"type": "Point", "coordinates": [153.022383, -27.479163]}, "properties": {"project_id": 90000706, "name": "South Bank Parklands enhancements and replacements", "description": "South Bank Parklands enhancements and replacements.", "agency": "South Bank Corporation", "type": "Recreation & Culture", "status": null, "qld_funding": 0, "fed_funding": 0, "local_funding": 0, "own_funding": 0, "private_funding": 0, "total_funding": 13655000, "region_codes": [305], "region_lga": null, "region_sed": null, "region_sa4": null, "address": null, "web_link": null, "category": "capital"}}, {"type": "Feature", "geometry": {"type": "Point", "coordinates": [145.31852, -23.55366]}, "properties": {"project_id": 90000715, "name": "Barcaldine Renewable Energy Zone", "description": "Funding over 2 years to undertake the foundation stage of the Barcaldine renewable energy zone precinct.", "agency": "Department of State Development, Infrastructure and Planning", "type": "Government Services", "status": null, "qld_funding": 0, "fed_funding": 0, "local_funding": 0, "own_funding": 0, "private_funding": 0, "total_funding": 6100000, "region_codes": [315], "region_lga": null, "region_sed": null, "region_sa4": null, "address": null, "web_link": null, "category": "capital"}}, {"type": "Feature", "geometry": {"type": "Point", "coordinates": [147.078968, -19.686952]}, "properties": {"project_id": 90000718, "name": "Haughton Pipeline Project (Stage 2)", "description": "Construction of a water pipeline and associated infrastructure from the Burdekin River at Clare Weir, connecting near the Haughton River with stage 1 of the Haughton Pipeline.", "agency": "Department of State Development, Infrastructure and Planning", "type": "Government Services", "status": null, "qld_funding": 0, "fed_funding": 0, "local_funding": 0, "own_funding": 0, "private_funding": 0, "total_funding": 4000000, "region_codes": [318], "region_lga": null, "region_sed": null, "region_sa4": null, "address": null, "web_link": null, "category": "capital"}}, {"type": "Feature", "geometry": {"type": "Point", "coordinates": [145.774, -16.938]}, "properties": {"project_id": 90000720, "name": "Cairns Marine Precinct Shipyards", "description": "Funding from the three existing Cairns Shipyards (Tropical Reef Shipyard, Norship and Austal) to upgrade facilities within the CMP.", "agency": "Department of State Development, Infrastructure and Planning", "type": "Government Services", "status": null, "qld_funding": 0, "fed_funding": 0, "local_funding": 0, "own_funding": 0, "private_funding": 0, "total_funding": 820000, "region_codes": [306], "region_lga": null, "region_sed": null, "region_sa4": null, "address": null, "web_link": null, "category": "capital"}}, {"type": "Feature", "geometry": {"type": "Point", "coordinates": [153.08348, -27.38671]}, "properties": {"project_id": 90000721, "name": "National Battery Testing Centre", "description": "Funding to support the scaling-up of the National Battery Testing Centre.", "agency": "Department of State Development, Infrastructure and Planning", "type": "Government Services", "status": null, "qld_funding": 0, "fed_funding": 0, "local_funding": 0, "own_funding": 0, "private_funding": 0, "total_funding": 2600000, "region_codes": [302], "region_lga": null, "region_sed": null, "region_sa4": null, "address": null, "web_link": null, "category": "capital"}}, {"type": "Feature", "geometry": {"type": "Point", "coordinates": [153.031, -27.499]}, "properties": {"project_id": 90000722, "name": "Translational Manufacturing Facility", "description": "Construction, establishment and operation of a scale-up biomedical manufacturing facility adjacent to the Translational Research Institute at Woolloongabba.", "agency": "Department of State Development, Infrastructure and Planning", "type": "Government Services", "status": null, "qld_funding": 0, "fed_funding": 0, "local_funding": 0, "own_funding": 0, "private_funding": 0, "total_funding": 25880000, "region_codes": [303], "region_lga": null, "region_sed": null, "region_sa4": null, "address": null, "web_link": "https://www.tri.edu.au/translationalmanufacturing", "category": "capital"}}, {"type": "Feature", "geometry": {"type": "Point", "coordinates": [153.01843, -27.47648]}, "properties": {"project_id": 90000731, "name": "Brisbane Convention and Exhibition Centre enhancements and replacements", "description": "Brisbane Convention and Exhibition Centre enhancements and replacements.", "agency": "South Bank Corporation", "type": "Recreation & Culture", "status": null, "qld_funding": 0, "fed_funding": 0, "local_funding": 0, "own_funding": 0, "private_funding": 0, "total_funding": 30490000, "region_codes": [305], "region_lga": null, "region_sed": null, "region_sa4": null, "address": null, "web_link": null, "category": "capital"}}, {"type": "Feature", "geometry": {"type": "Point", "coordinates": [153.022383, -27.479163]}, "properties": {"project_id": 90000732, "name": "Investment properties - other enhancements and replacements", "description": "Investment properties - other enhancements and replacements.", "agency": "South Bank Corporation", "type": "Recreation & Culture", "status": null, "qld_funding": 0, "fed_funding": 0, "local_funding": 0, "own_funding": 0, "private_funding": 0, "total_funding": 5826000, "region_codes": [305], "region_lga": null, "region_sed": null, "region_sa4": null, "address": null, "web_link": null, "category": "capital"}}, {"type": "Feature", "geometry": {"type": "Point", "coordinates": [153.026108, -27.474956]}, "properties": {"project_id": 90000733, "name": "Plant and equipment", "description": "Office of Industrial Relations plant and equipment.", "agency": "Office of Industrial Relations", "type": "Government Services", "status": null, "qld_funding": 0, "fed_funding": 0, "local_funding": 0, "own_funding": 0, "private_funding": 0, "total_funding": 3396000, "region_codes": [305], "region_lga": null, "region_sed": null, "region_sa4": null, "address": null, "web_link": "http://www.oir.qld.gov.au", "category": "capital"}}, {"type": "Feature", "geometry": {"type": "Point", "coordinates": [148.040768, -19.9609247]}, "properties": {"project_id": 90000738, "name": "Salisbury Plains Industrial Precinct", "description": "$2.1 million to continue the $9.8 million industrial developments at Salisbury Plains Industrial Precinct, to help establish essential services and infrastructure corridors.", "agency": "Economic Development Queensland", "type": "Government Services", "status": null, "qld_funding": 0, "fed_funding": 0, "local_funding": 0, "own_funding": 0, "private_funding": 0, "total_funding": 2080000, "region_codes": [312], "region_lga": null, "region_sed": null, "region_sa4": null, "address": null, "web_link": null, "category": "capital"}}, {"type": "Feature", "geometry": {"type": "Point", "coordinates": [153.0272034, -27.34933542]}, "properties": {"project_id": 90000739, "name": "Carseldine Village", "description": "$0.7 million to continue the $35.5 million Carseldine Village project, that will revitalise the former Queensland University of Technology (QUT) campus grounds to deliver an urban village that retains most existing bushland and provides new spaces for sport, recreational, residential, commercial and retail activities.", "agency": "Economic Development Queensland", "type": "Government Services", "status": null, "qld_funding": 0, "fed_funding": 0, "local_funding": 0, "own_funding": 0, "private_funding": 0, "total_funding": 658000, "region_codes": [302], "region_lga": null, "region_sed": null, "region_sa4": null, "address": null, "web_link": "https://www.carseldinevillage.com.au/", "category": "capital"}}, {"type": "Feature", "geometry": {"type": "Point", "coordinates": [152.96901, -27.55137]}, "properties": {"project_id": 90000740, "name": "Songbird, Oxley", "description": "$1.0 million to continue the $35.9 million development of the former Oxley Secondary College site, to facilitate economic development, and development for community purposes in the area; generating jobs, stimulating the construction and development industry and bringing forward innovative approaches to housing and sustainability.", "agency": "Economic Development Queensland", "type": "Government Services", "status": null, "qld_funding": 0, "fed_funding": 0, "local_funding": 0, "own_funding": 0, "private_funding": 0, "total_funding": 1008000, "region_codes": [310], "region_lga": null, "region_sed": null, "region_sa4": null, "address": null, "web_link": "https://songbirdoxley.com.au/", "category": "capital"}}, {"type": "Feature", "geometry": {"type": "Point", "coordinates": [153.0119, -27.5246284]}, "properties": {"project_id": 90000741, "name": "Yeerongpilly Green", "description": "$1.0 million to continue the $57.0 million mixed-use urban development including retail, commercial and residential buildings and other amenities.", "agency": "Economic Development Queensland", "type": "Government Services", "status": null, "qld_funding": 0, "fed_funding": 0, "local_funding": 0, "own_funding": 0, "private_funding": 0, "total_funding": 1038000, "region_codes": [303], "region_lga": null, "region_sed": null, "region_sa4": null, "address": null, "web_link": "https://www.ygriverside.com.au/yeerongpilly-green/", "category": "capital"}}, {"type": "Feature", "geometry": {"type": "Point", "coordinates": [146.678885, -19.2759156]}, "properties": {"project_id": 90000742, "name": "Townsville Regional Industrial Estate", "description": "$0.2 million to continue the $8.8 million development of future industrial land at Bohle Plains in Townsville, to support jobs generation and economic development.", "agency": "Economic Development Queensland", "type": "Government Services", "status": null, "qld_funding": 0, "fed_funding": 0, "local_funding": 0, "own_funding": 0, "private_funding": 0, "total_funding": 200000, "region_codes": [318], "region_lga": null, "region_sed": null, "region_sa4": null, "address": null, "web_link": "https://industrial.edq.com.au/industrial-land-for-sale/north-queensland/", "category": "capital"}}, {"type": "Feature", "geometry": {"type": "Point", "coordinates": [153.0785161, -27.4400224]}, "properties": {"project_id": 90000743, "name": "Northshore Hamilton", "description": "$68.1 million to continue the $441.3 million urban renewal development in Queensland's largest waterfront project.", "agency": "Economic Development Queensland", "type": "Government Services", "status": null, "qld_funding": 0, "fed_funding": 0, "local_funding": 0, "own_funding": 0, "private_funding": 0, "total_funding": 68126000, "region_codes": [302], "region_lga": null, "region_sed": null, "region_sa4": null, "address": null, "web_link": "https://northshorebrisbane.com.au/", "category": "capital"}}, {"type": "Feature", "geometry": {"type": "Point", "coordinates": [153.385749, -27.961215]}, "properties": {"project_id": 90000744, "name": "Lumina (Gold Coast Health and Knowledge Precinct)", "description": "$4.2 million to continue the $43.0 million development of 9.5 hectare Health and Knowledge Precinct, within the Parklands Priority Development Area.", "agency": "Economic Development Queensland", "type": "Government Services", "status": null, "qld_funding": 0, "fed_funding": 0, "local_funding": 0, "own_funding": 0, "private_funding": 0, "total_funding": 4167000, "region_codes": [309], "region_lga": null, "region_sed": null, "region_sa4": null, "address": null, "web_link": "https://www.luminagoldcoast.com.au/", "category": "capital"}}, {"type": "Feature", "geometry": {"type": "Point", "coordinates": [151.04542, -23.8378835]}, "properties": {"project_id": 90000745, "name": "Gladstone State Development Area", "description": "$0.4 million to continue the $77.1 million development of infrastructure required to support the efficient delivery of major industrial expansion within the Gladstone State Development Area.", "agency": "Economic Development Queensland", "type": "Government Services", "status": null, "qld_funding": 0, "fed_funding": 0, "local_funding": 0, "own_funding": 0, "private_funding": 0, "total_funding": 350000, "region_codes": [308], "region_lga": null, "region_sed": null, "region_sa4": null, "address": null, "web_link": null, "category": "capital"}}, {"type": "Feature", "geometry": {"type": "Point", "coordinates": [153.0588698, -26.5149671]}, "properties": {"project_id": 90000746, "name": "Coolum Eco Industrial Park (Stage 2)", "description": "$17.7 million to continue the $34.7 million planning and development of Stage 2 Coolum Eco Industrial Park, to provide industrial land supply and support economic development on the Sunshine Coast.", "agency": "Economic Development Queensland", "type": "Government Services", "status": null, "qld_funding": 0, "fed_funding": 0, "local_funding": 0, "own_funding": 0, "private_funding": 0, "total_funding": 17699000, "region_codes": [316], "region_lga": null, "region_sed": null, "region_sa4": null, "address": null, "web_link": "https://industrial.edq.com.au/industrial-land-for-sale/southern-queensland/coolum-eco-industrial-park/", "category": "capital"}}, {"type": "Feature", "geometry": {"type": "Point", "coordinates": [153.416391, -27.972791]}, "properties": {"project_id": 90000747, "name": "Southport Housing Precinct", "description": "$9.7 million to continue the $28.0 million planning and development in Southport West Tower to support the delivery of social and affordable housing.", "agency": "Economic Development Queensland", "type": "Government Services", "status": null, "qld_funding": 0, "fed_funding": 0, "local_funding": 0, "own_funding": 0, "private_funding": 0, "total_funding": 9713000, "region_codes": [309], "region_lga": null, "region_sed": null, "region_sa4": null, "address": null, "web_link": null, "category": "capital"}}, {"type": "Feature", "geometry": {"type": "Point", "coordinates": [153.4606423, -28.16495748]}, "properties": {"project_id": 90000748, "name": "Currumbin Eco-Parkland", "description": "$17.3 million in 2025-26 out of a total $37.7 million total spend for the development of the Currumbin Eco-Parkland project.", "agency": "Economic Development Queensland", "type": "Government Services", "status": null, "qld_funding": 0, "fed_funding": 0, "local_funding": 0, "own_funding": 0, "private_funding": 0, "total_funding": 17303000, "region_codes": [309], "region_lga": null, "region_sed": null, "region_sa4": null, "address": null, "web_link": null, "category": "capital"}}, {"type": "Feature", "geometry": {"type": "Point", "coordinates": [151.227471, -23.860771]}, "properties": {"project_id": 90000750, "name": "Clinton Industrial Estate (Stage 6)", "description": "$11.9 million to continue the $16.2 million development of next stage of the Clinton Industrial Estate, to support the Gladstone State Development Area and help create economic development in the Gladstone region.", "agency": "Economic Development Queensland", "type": "Government Services", "status": null, "qld_funding": 0, "fed_funding": 0, "local_funding": 0, "own_funding": 0, "private_funding": 0, "total_funding": 11933000, "region_codes": [308], "region_lga": null, "region_sed": null, "region_sa4": null, "address": null, "web_link": "https://industrial.edq.com.au/industrial-land-for-sale/central-queensland/clinton-industrial-estate/", "category": "capital"}}, {"type": "Feature", "geometry": {"type": "Point", "coordinates": [153.01989, -27.51735]}, "properties": {"project_id": 90000751, "name": "Parkside Yeronga", "description": "$1.6 million to continue the $31.0 million development of the former Yeronga TAFE site, to deliver a liveable mixed-use precinct including social and affordable housing, and a new home for the Yeronga Community Centre.", "agency": "Economic Development Queensland", "type": "Government Services", "status": null, "qld_funding": 0, "fed_funding": 0, "local_funding": 0, "own_funding": 0, "private_funding": 0, "total_funding": 1561000, "region_codes": [303], "region_lga": null, "region_sed": null, "region_sa4": null, "address": null, "web_link": "https://www.statedevelopment.qld.gov.au/economic-development-qld/priority-development-areas-and-projects/priority-development-areas/yeronga", "category": "capital"}}, {"type": "Feature", "geometry": {"type": "Point", "coordinates": [152.83692, -27.10693]}, "properties": {"project_id": 90000752, "name": "Waraba Road, Water & Sewer Catalyst Infrastructure", "description": "$31 million to continue the $100 million development of essential water, sewer and transport infrastructure necessary to assist in delivering new land supply for housing development in Waraba (Caboolture West).", "agency": "Economic Development Queensland", "type": "Government Services", "status": null, "qld_funding": 0, "fed_funding": 0, "local_funding": 0, "own_funding": 0, "private_funding": 0, "total_funding": 31000000, "region_codes": [313], "region_lga": null, "region_sed": null, "region_sa4": null, "address": null, "web_link": null, "category": "capital"}}, {"type": "Feature", "geometry": {"type": "Point", "coordinates": [146.8137235, -19.29262014]}, "properties": {"project_id": 90000753, "name": "The Village, Oonoonba (Stage 2)", "description": "$1.2 million to continue the $21.2 million to deliver a mix of diverse housing lots delivered by EDQ, social and affordable housing delivered in partnership with a CHP and sale of englobo land parcels.", "agency": "Economic Development Queensland", "type": "Government Services", "status": null, "qld_funding": 0, "fed_funding": 0, "local_funding": 0, "own_funding": 0, "private_funding": 0, "total_funding": 1158000, "region_codes": [318], "region_lga": null, "region_sed": null, "region_sa4": null, "address": null, "web_link": null, "category": "capital"}}, {"type": "Feature", "geometry": {"type": "Point", "coordinates": [149.14179, -21.24827]}, "properties": {"project_id": 90000754, "name": "Rosella Mackay (Stage 1)", "description": "$1.0 million to continue the $16.0 million construction to improve access to MEDQ-owned land at the intersection of the Bruce Highway and Fenners Road to support future land releases.", "agency": "Economic Development Queensland", "type": "Government Services", "status": null, "qld_funding": 0, "fed_funding": 0, "local_funding": 0, "own_funding": 0, "private_funding": 0, "total_funding": 1000000, "region_codes": [312], "region_lga": null, "region_sed": null, "region_sa4": null, "address": null, "web_link": null, "category": "capital"}}, {"type": "Feature", "geometry": {"type": "Point", "coordinates": [145.77198, -17.05159]}, "properties": {"project_id": 90000755, "name": "Cairns Regional Industrial Estate", "description": "$1.9 million to continue the $33.0 million enabling infrastructure work to support future land release.", "agency": "Economic Development Queensland", "type": "Government Services", "status": null, "qld_funding": 0, "fed_funding": 0, "local_funding": 0, "own_funding": 0, "private_funding": 0, "total_funding": 1857000, "region_codes": [306], "region_lga": null, "region_sed": null, "region_sa4": null, "address": null, "web_link": null, "category": "capital"}}, {"type": "Feature", "geometry": {"type": "Point", "coordinates": [148.78525276, -26.57139288]}, "properties": {"project_id": 90000761, "name": "Denise Spencer Aquatic Centre", "description": "Funding for The Denise Spencer Aquatic Centre which will feature a 50-metre outdoor heated pool, enabling year-round usage, a 25-metre indoor program pool for lessons and therapy, and a vibrant water play area.", "agency": "Department of State Development, Infrastructure and Planning", "type": "Government Services", "status": null, "qld_funding": 0, "fed_funding": 0, "local_funding": 0, "own_funding": 0, "private_funding": 0, "total_funding": 5000000, "region_codes": [307], "region_lga": null, "region_sed": null, "region_sa4": null, "address": null, "web_link": null, "category": "capital"}}, {"type": "Feature", "geometry": {"type": "Point", "coordinates": [151.04542, -23.8378835]}, "properties": {"project_id": 90000762, "name": "Gladstone State Development Area", "description": "$4.2 million to continue the $6.2 million development of infrastructure required to support the efficient delivery of major industrial expansion within the Gladstone State Development Area.", "agency": "Economic Development Queensland", "type": "Government Services", "status": null, "qld_funding": 0, "fed_funding": 0, "local_funding": 0, "own_funding": 0, "private_funding": 0, "total_funding": 4200000, "region_codes": [308], "region_lga": null, "region_sed": null, "region_sa4": null, "address": null, "web_link": null, "category": "capital"}}, {"type": "Feature", "geometry": {"type": "Point", "coordinates": [148.047465, -22.021712]}, "properties": {"project_id": 90000766, "name": "Isaac Resources Centre of Excellence", "description": "Funding for the Isaac Resources Centre of Excellence", "agency": "Department of State Development, Infrastructure and Planning", "type": "Government Services", "status": null, "qld_funding": 0, "fed_funding": 0, "local_funding": 0, "own_funding": 0, "private_funding": 0, "total_funding": 2000000, "region_codes": [312], "region_lga": null, "region_sed": null, "region_sa4": null, "address": null, "web_link": null, "category": "capital"}}, {"type": "Feature", "geometry": {"type": "Point", "coordinates": [145.7699155408175, -16.949221492197402]}, "properties": {"project_id": 90000772, "name": "Great Barrier Reef International Marine College expansion", "description": "$17.6 million over 3 years to expand TAFE Queensland's Great Barrier Reef International Marine College in Cairns, which will include construction of a new workshop, additional classrooms, staff facilities and a boat shed.", "agency": "Department of Trade, Employment and Training", "type": "Government Services", "status": null, "qld_funding": 0, "fed_funding": 0, "local_funding": 0, "own_funding": 0, "private_funding": 0, "total_funding": 13600000, "region_codes": [306], "region_lga": null, "region_sed": null, "region_sa4": null, "address": null, "web_link": null, "category": "capital"}}, {"type": "Feature", "geometry": {"type": "Point", "coordinates": [152.697067, -25.523264]}, "properties": {"project_id": 90000777, "name": "Manufacturing Centre of Excellence", "description": "Refurbish part of the vacant Maryborough TAFE campus to establish a Manufacturing Centre of Excellence.", "agency": "Department of Trade, Employment and Training", "type": "Government Services", "status": null, "qld_funding": 0, "fed_funding": 0, "local_funding": 0, "own_funding": 0, "private_funding": 0, "total_funding": 1000000, "region_codes": [319], "region_lga": null, "region_sed": null, "region_sa4": null, "address": null, "web_link": null, "category": "capital"}}, {"type": "Feature", "geometry": {"type": "Point", "coordinates": [146.816956, -19.258965]}, "properties": {"project_id": 90000778, "name": "North Queensland Apprenticeship Centre of Excellence", "description": "Construction of a new Plumbing Industry Climate Action Centre North Queensland Apprenticeship Centre of Excellence in Townsville.", "agency": "Department of Trade, Employment and Training", "type": "Government Services", "status": null, "qld_funding": 0, "fed_funding": 0, "local_funding": 0, "own_funding": 0, "private_funding": 0, "total_funding": 7500000, "region_codes": [318], "region_lga": null, "region_sed": null, "region_sa4": null, "address": null, "web_link": null, "category": "capital"}}, {"type": "Feature", "geometry": {"type": "Point", "coordinates": [153.06868486209788, -26.824832205227384]}, "properties": {"project_id": 90000779, "name": "Caloundra TAFE Centre of Excellence", "description": "Caloundra TAFE Centre of Excellence with a focus on construction trades.", "agency": "Department of Trade, Employment and Training", "type": "Government Services", "status": null, "qld_funding": 0, "fed_funding": 0, "local_funding": 0, "own_funding": 0, "private_funding": 0, "total_funding": 20000000, "region_codes": [316], "region_lga": null, "region_sed": null, "region_sa4": null, "address": null, "web_link": null, "category": "capital"}}, {"type": "Feature", "geometry": {"type": "Point", "coordinates": [150.511573, -23.3803]}, "properties": {"project_id": 90000780, "name": "Rockhampton TAFE Excellence Precinct", "description": "New state-of-the-art TAFE precinct in Rockhampton to put more tradies on tools, allowing Rockhampton Hospital to benefit from expanded facilities at the existing Canning Street site, and unlock surplus land for 200 additional homes.", "agency": "Department of Trade, Employment and Training", "type": "Government Services", "status": null, "qld_funding": 0, "fed_funding": 0, "local_funding": 0, "own_funding": 0, "private_funding": 0, "total_funding": 7920000, "region_codes": [308], "region_lga": null, "region_sed": null, "region_sa4": null, "address": null, "web_link": null, "category": "capital"}}, {"type": "Feature", "geometry": {"type": "Point", "coordinates": [153.38124, -27.64867]}, "properties": {"project_id": 90000781, "name": "Russell Island Marine and Construction Training", "description": "A marine Centre of Excellence for Southern Moreton Bay Islands in partnership with industry and TAFE Qld.", "agency": "Department of Trade, Employment and Training", "type": "Government Services", "status": null, "qld_funding": 0, "fed_funding": 0, "local_funding": 0, "own_funding": 0, "private_funding": 0, "total_funding": 1000000, "region_codes": [301], "region_lga": null, "region_sed": null, "region_sa4": null, "address": null, "web_link": null, "category": "capital"}}, {"type": "Feature", "geometry": {"type": "Point", "coordinates": [153.021072, -27.470125]}, "properties": {"project_id": 90000782, "name": "Right of Use Lease Asset", "description": "Right of Use Lease Asset for accommodation.", "agency": "Trade and Investment Queensland", "type": "Government Services", "status": null, "qld_funding": 0, "fed_funding": 0, "local_funding": 0, "own_funding": 0, "private_funding": 0, "total_funding": 1254000, "region_codes": [305], "region_lga": null, "region_sed": null, "region_sa4": null, "address": null, "web_link": null, "category": "capital"}}, {"type": "Feature", "geometry": {"type": "Point", "coordinates": [139.49727, -20.72523]}, "properties": {"project_id": 90000785, "name": "Critical Minerals Training Hub", "description": "Critical Minerals Training Hub will provide participants access to cutting-edge equipment, including operator simulators and advance computer-based training tools with XR learning experiences.", "agency": "TAFE Queensland", "type": "Education", "status": null, "qld_funding": 0, "fed_funding": 0, "local_funding": 0, "own_funding": 0, "private_funding": 0, "total_funding": 1877000, "region_codes": [315], "region_lga": null, "region_sed": null, "region_sa4": null, "address": null, "web_link": null, "category": "capital"}}, {"type": "Feature", "geometry": {"type": "Point", "coordinates": [152.9817475784625, -27.27094687597418]}, "properties": {"project_id": 90000786, "name": "Moreton Bay TAFE Centre of Excellence", "description": "To deliver a new Moreton Bay TAFE Centre of Excellence located at Petrie Mill. The facility will include an Advanced Manufacturing Hub and will support workforce training and address critical skill shortages in various sectors.", "agency": "Department of Trade, Employment and Training", "type": "Government Services", "status": null, "qld_funding": 0, "fed_funding": 0, "local_funding": 0, "own_funding": 0, "private_funding": 0, "total_funding": 6600000, "region_codes": [314], "region_lga": null, "region_sed": null, "region_sa4": null, "address": null, "web_link": null, "category": "capital"}}, {"type": "Feature", "geometry": {"type": "Point", "coordinates": [150.511673, -23.375]}, "properties": {"project_id": 90000787, "name": "Central Queensland Renewable Energy Training Facility", "description": "This facility will be operated by Electrogroup Training and support the region's electrical tradespeople, apprentices and high school students towards a career on Queensland's publicly owned SuperGrid.", "agency": "Department of Trade, Employment and Training", "type": "Government Services", "status": null, "qld_funding": 0, "fed_funding": 0, "local_funding": 0, "own_funding": 0, "private_funding": 0, "total_funding": 0, "region_codes": [308], "region_lga": null, "region_sed": null, "region_sa4": null, "address": null, "web_link": null, "category": "capital"}}, {"type": "Feature", "geometry": {"type": "Point", "coordinates": [153.144125, -27.4424]}, "properties": {"project_id": 90000788, "name": "Lindum train station, Sibley Road, upgrade station", "description": "Design and construction of station accessibility upgrades at Lindum Station.", "agency": "Queensland Rail", "type": "Transport & Roads", "status": null, "qld_funding": 0, "fed_funding": 0, "local_funding": 0, "own_funding": 0, "private_funding": 0, "total_funding": 1065000, "region_codes": [301], "region_lga": null, "region_sed": null, "region_sa4": null, "address": null, "web_link": null, "category": "capital"}}, {"type": "Feature", "geometry": {"type": "Point", "coordinates": [153.069509, -27.4709]}, "properties": {"project_id": 90000789, "name": "Morningside train station, Waminda Street, upgrade station", "description": "Design and construction of station accessibility upgrades at Morningside Station.", "agency": "Queensland Rail", "type": "Transport & Roads", "status": null, "qld_funding": 0, "fed_funding": 0, "local_funding": 0, "own_funding": 0, "private_funding": 0, "total_funding": 3276000, "region_codes": [301], "region_lga": null, "region_sed": null, "region_sa4": null, "address": null, "web_link": null, "category": "capital"}}, {"type": "Feature", "geometry": {"type": "Point", "coordinates": [153.04064, -27.4966]}, "properties": {"project_id": 90000790, "name": "Buranda train station, Arne Street (Woolloongabba), upgrade station", "description": "Design and construction of station accessibility upgrades at Buranda Station.", "agency": "Queensland Rail", "type": "Transport & Roads", "status": null, "qld_funding": 0, "fed_funding": 0, "local_funding": 0, "own_funding": 0, "private_funding": 0, "total_funding": 19125000, "region_codes": [303], "region_lga": null, "region_sed": null, "region_sa4": null, "address": null, "web_link": null, "category": "capital"}}, {"type": "Feature", "geometry": {"type": "Point", "coordinates": [153.013655, -27.5359]}, "properties": {"project_id": 90000793, "name": "Clapham Yard Stabling (Moorooka), construct stabling yard", "description": "Construction of stabling yard.", "agency": "Queensland Rail", "type": "Transport & Roads", "status": null, "qld_funding": 0, "fed_funding": 0, "local_funding": 0, "own_funding": 0, "private_funding": 0, "total_funding": 122386000, "region_codes": [303], "region_lga": null, "region_sed": null, "region_sa4": null, "address": null, "web_link": null, "category": "capital"}}, {"type": "Feature", "geometry": {"type": "Point", "coordinates": [153.036231, -27.4444]}, "properties": {"project_id": 90000795, "name": "Mayne Yard Accessibility", "description": "Upgrade vehicle and pedestrian access.", "agency": "Queensland Rail", "type": "Transport & Roads", "status": null, "qld_funding": 0, "fed_funding": 0, "local_funding": 0, "own_funding": 0, "private_funding": 0, "total_funding": 111556000, "region_codes": [305], "region_lga": null, "region_sed": null, "region_sa4": null, "address": null, "web_link": null, "category": "capital"}}, {"type": "Feature", "geometry": {"type": "Point", "coordinates": [145.770919, -16.95275]}, "properties": {"project_id": 90000796, "name": "Tingira Street Subdivision Development", "description": "Tingira Street precinct development.", "agency": "Far North Queensland Ports Corporation Limited", "type": "Transport & Roads", "status": null, "qld_funding": 0, "fed_funding": 0, "local_funding": 0, "own_funding": 0, "private_funding": 0, "total_funding": 500000, "region_codes": [306], "region_lga": null, "region_sed": null, "region_sa4": null, "address": null, "web_link": null, "category": "capital"}}, {"type": "Feature", "geometry": {"type": "Point", "coordinates": [145.774025, -16.945001]}, "properties": {"project_id": 90000797, "name": "Smith's Creek Cargo Land Consolidation", "description": "Smith's Creek 1 and 2 developments to improve cargo management, facilitate Cairns Marine Precinct early works, wharves utilisation or commercial opportunities.", "agency": "Far North Queensland Ports Corporation Limited", "type": "Transport & Roads", "status": null, "qld_funding": 0, "fed_funding": 0, "local_funding": 0, "own_funding": 0, "private_funding": 0, "total_funding": 1800000, "region_codes": [306], "region_lga": null, "region_sed": null, "region_sa4": null, "address": null, "web_link": null, "category": "capital"}}, {"type": "Feature", "geometry": {"type": "Point", "coordinates": [145.77417, -16.93854]}, "properties": {"project_id": 90000798, "name": "Cairns Marine Precinct - Common User Facility", "description": "Cairns Marine Precinct - Common User Facility.", "agency": "Far North Queensland Ports Corporation Limited", "type": "Transport & Roads", "status": null, "qld_funding": 0, "fed_funding": 0, "local_funding": 0, "own_funding": 0, "private_funding": 0, "total_funding": 38400000, "region_codes": [306], "region_lga": null, "region_sed": null, "region_sa4": null, "address": null, "web_link": null, "category": "capital"}}, {"type": "Feature", "geometry": {"type": "Point", "coordinates": [145.770919, -16.95275]}, "properties": {"project_id": 90000799, "name": "Site decontamination at Cityport Precinct 5", "description": "Allowance for partial demolition and decontamination of Whites Shed and decontamination of Precinct 5 at Port of Cairns.", "agency": "Far North Queensland Ports Corporation Limited", "type": "Transport & Roads", "status": null, "qld_funding": 0, "fed_funding": 0, "local_funding": 0, "own_funding": 0, "private_funding": 0, "total_funding": 2500000, "region_codes": [306], "region_lga": null, "region_sed": null, "region_sa4": null, "address": null, "web_link": null, "category": "capital"}}, {"type": "Feature", "geometry": {"type": "Point", "coordinates": [151.179859, -23.790467]}, "properties": {"project_id": 90000800, "name": "Northern Land Expansion Project", "description": "Northern Land Expansion Project.", "agency": "Gladstone Ports Corporation Limited", "type": "Transport & Roads", "status": null, "qld_funding": 0, "fed_funding": 0, "local_funding": 0, "own_funding": 0, "private_funding": 0, "total_funding": 27000000, "region_codes": [308], "region_lga": null, "region_sed": null, "region_sa4": null, "address": null, "web_link": "http://www.gpcl.com.au/", "category": "capital"}}, {"type": "Feature", "geometry": {"type": "Point", "coordinates": [148.0811, -19.8883]}, "properties": {"project_id": 90000801, "name": "Towage Infrastructure for Port of Abbot Point - Feasibility Studies", "description": "Towage infrastructure for Port of Abbot Point - Feasibility studies.", "agency": "North Queensland Bulk Ports Corporation Limited", "type": "Transport & Roads", "status": null, "qld_funding": 0, "fed_funding": 0, "local_funding": 0, "own_funding": 0, "private_funding": 0, "total_funding": 1500000, "region_codes": [312], "region_lga": null, "region_sed": null, "region_sa4": null, "address": null, "web_link": null, "category": "capital"}}, {"type": "Feature", "geometry": {"type": "Point", "coordinates": [149.2226, -21.1031]}, "properties": {"project_id": 90000802, "name": "Middle Breakwater Fuel Line Supports Replacement", "description": "Undergrounding and relocation of fuel pipeline.", "agency": "North Queensland Bulk Ports Corporation Limited", "type": "Transport & Roads", "status": null, "qld_funding": 0, "fed_funding": 0, "local_funding": 0, "own_funding": 0, "private_funding": 0, "total_funding": 1000000, "region_codes": [312], "region_lga": null, "region_sed": null, "region_sa4": null, "address": null, "web_link": null, "category": "capital"}}, {"type": "Feature", "geometry": {"type": "Point", "coordinates": [148.0811, -19.8883]}, "properties": {"project_id": 90000803, "name": "Bowen Wharf", "description": "Replacement of existing wharf with a low maintenance, resilient, fit for purpose wharf to cater for the future needs and generations.", "agency": "North Queensland Bulk Ports Corporation Limited", "type": "Transport & Roads", "status": null, "qld_funding": 0, "fed_funding": 0, "local_funding": 0, "own_funding": 0, "private_funding": 0, "total_funding": 1550000, "region_codes": [312], "region_lga": null, "region_sed": null, "region_sa4": null, "address": null, "web_link": null, "category": "capital"}}, {"type": "Feature", "geometry": {"type": "Point", "coordinates": [149.2226, -21.1031]}, "properties": {"project_id": 90000804, "name": "Wharf 1 Extension - Feasibility Studies", "description": "Wharf 1 extension to allow for offloading wind farm cargo.", "agency": "North Queensland Bulk Ports Corporation Limited", "type": "Transport & Roads", "status": null, "qld_funding": 0, "fed_funding": 0, "local_funding": 0, "own_funding": 0, "private_funding": 0, "total_funding": 2100000, "region_codes": [312], "region_lga": null, "region_sed": null, "region_sa4": null, "address": null, "web_link": null, "category": "capital"}}, {"type": "Feature", "geometry": {"type": "Point", "coordinates": [149.2226, -21.1031]}, "properties": {"project_id": 90000805, "name": "George Bell Dr Heavy Duty Laydown", "description": "Development of a new hardstand to cater for container storage and handling and other break bulk cargo.", "agency": "North Queensland Bulk Ports Corporation Limited", "type": "Transport & Roads", "status": null, "qld_funding": 0, "fed_funding": 0, "local_funding": 0, "own_funding": 0, "private_funding": 0, "total_funding": 17900000, "region_codes": [312], "region_lga": null, "region_sed": null, "region_sa4": null, "address": null, "web_link": null, "category": "capital"}}, {"type": "Feature", "geometry": {"type": "Point", "coordinates": [149.2226, -21.1031]}, "properties": {"project_id": 90000806, "name": "New Port of Mackay Office", "description": "New administration building.", "agency": "North Queensland Bulk Ports Corporation Limited", "type": "Transport & Roads", "status": null, "qld_funding": 0, "fed_funding": 0, "local_funding": 0, "own_funding": 0, "private_funding": 0, "total_funding": 1000000, "region_codes": [312], "region_lga": null, "region_sed": null, "region_sa4": null, "address": null, "web_link": null, "category": "capital"}}, {"type": "Feature", "geometry": {"type": "Point", "coordinates": [149.2226, -21.1031]}, "properties": {"project_id": 90000807, "name": "Mulherin Park Improvement", "description": "Amenities upgrade and replacement at Mulherin Park.", "agency": "North Queensland Bulk Ports Corporation Limited", "type": "Transport & Roads", "status": null, "qld_funding": 0, "fed_funding": 0, "local_funding": 0, "own_funding": 0, "private_funding": 0, "total_funding": 500000, "region_codes": [312], "region_lga": null, "region_sed": null, "region_sa4": null, "address": null, "web_link": null, "category": "capital"}}, {"type": "Feature", "geometry": {"type": "Point", "coordinates": [146.83675, -19.24918]}, "properties": {"project_id": 90000808, "name": "Channel capacity upgrade", "description": "Widening the existing navigational channels to allow larger vessels safe access.", "agency": "Port of Townsville Limited", "type": "Transport & Roads", "status": null, "qld_funding": 0, "fed_funding": 0, "local_funding": 0, "own_funding": 0, "private_funding": 0, "total_funding": 3107000, "region_codes": [318], "region_lga": null, "region_sed": null, "region_sa4": null, "address": null, "web_link": "https://www.townsville-port.com.au/", "category": "capital"}}, {"type": "Feature", "geometry": {"type": "Point", "coordinates": [146.83675, -19.24918]}, "properties": {"project_id": 90000809, "name": "Townsville East Port Laydown Area", "description": "Townsville East Port laydown area.", "agency": "Port of Townsville Limited", "type": "Transport & Roads", "status": null, "qld_funding": 0, "fed_funding": 0, "local_funding": 0, "own_funding": 0, "private_funding": 0, "total_funding": 27364000, "region_codes": [318], "region_lga": null, "region_sed": null, "region_sa4": null, "address": null, "web_link": null, "category": "capital"}}, {"type": "Feature", "geometry": {"type": "Point", "coordinates": [146.806439, -19.310186]}, "properties": {"project_id": 90000810, "name": "Townsville Connection Road (Stuart Drive), University Road to Bowen Road Bridge (Idalia), improve safety", "description": "Townsville Connection Road (Stuart Drive), University Road to Bowen Road Bridge (Idalia), improve safety.", "agency": "Department of Transport and Main Roads", "type": "Transport & Roads", "status": null, "qld_funding": 0, "fed_funding": 0, "local_funding": 0, "own_funding": 0, "private_funding": 0, "total_funding": 17900000, "region_codes": [318], "region_lga": null, "region_sed": null, "region_sa4": null, "address": null, "web_link": "https://www.tmr.qld.gov.au/projects/townsville-connection-road-idalia-university-road-to-bowen-road-bridge-improve-safety", "category": "capital"}}, {"type": "Feature", "geometry": {"type": "Point", "coordinates": [153.141401, -27.671552]}, "properties": {"project_id": 90000811, "name": "Loganlea train station relocation", "description": "Loganlea train station relocation.", "agency": "Department of Transport and Main Roads", "type": "Transport & Roads", "status": null, "qld_funding": 0, "fed_funding": 0, "local_funding": 0, "own_funding": 0, "private_funding": 0, "total_funding": 65028000, "region_codes": [311], "region_lga": null, "region_sed": null, "region_sa4": null, "address": null, "web_link": "https://www.tmr.qld.gov.au/projects/loganlea-station-relocation", "category": "capital"}}, {"type": "Feature", "geometry": {"type": "Point", "coordinates": [152.222682, -25.038809]}, "properties": {"project_id": 90000812, "name": "Isis Highway (Bundaberg - Childers), various locations, improve safety", "description": "Isis Highway (Bundaberg - Childers), various locations, improve safety.", "agency": "Department of Transport and Main Roads", "type": "Transport & Roads", "status": null, "qld_funding": 0, "fed_funding": 0, "local_funding": 0, "own_funding": 0, "private_funding": 0, "total_funding": 15814000, "region_codes": [319], "region_lga": null, "region_sed": null, "region_sa4": null, "address": null, "web_link": "https://www.tmr.qld.gov.au/projects/isis-highway-bundaberg-childers-various-locations-improve-safety", "category": "capital"}}, {"type": "Feature", "geometry": {"type": "Point", "coordinates": [153.29663, -27.81628]}, "properties": {"project_id": 90000813, "name": "New Gold Coast Stations (Pimpama, Hope Island and Merrimac)", "description": "New Gold Coast Stations (Pimpama, Hope Island and Merrimac).", "agency": "Department of Transport and Main Roads", "type": "Transport & Roads", "status": null, "qld_funding": 0, "fed_funding": 0, "local_funding": 0, "own_funding": 0, "private_funding": 0, "total_funding": 138466000, "region_codes": [309], "region_lga": null, "region_sed": null, "region_sa4": null, "address": null, "web_link": "https://crossriverrail.qld.gov.au/stations-routes/gold-coast-line/", "category": "capital"}}, {"type": "Feature", "geometry": {"type": "Point", "coordinates": [152.410853, -28.059187]}, "properties": {"project_id": 90000814, "name": "Cunningham Highway (Ipswich - Warwick), 2020 Disaster Recovery Funding Arrangements reconstruction works", "description": "Cunningham Highway (Ipswich - Warwick), 2020 Disaster Recovery Funding Arrangements reconstruction works.", "agency": "Department of Transport and Main Roads", "type": "Transport & Roads", "status": null, "qld_funding": 0, "fed_funding": 0, "local_funding": 0, "own_funding": 0, "private_funding": 0, "total_funding": 56658000, "region_codes": [310], "region_lga": null, "region_sed": null, "region_sa4": null, "address": null, "web_link": "https://www.tmr.qld.gov.au/projects/cunningham-highway-ipswich-warwick-2020-disaster-recovery-funding-arrangements-reconstruction-works", "category": "capital"}}, {"type": "Feature", "geometry": {"type": "Point", "coordinates": [152.964315, -26.781012]}, "properties": {"project_id": 90000816, "name": "Beerburrum to Nambour Rail Upgrade (Stage 1)", "description": "Beerburrum to Nambour Rail Upgrade (Stage 1).", "agency": "Department of Transport and Main Roads", "type": "Transport & Roads", "status": null, "qld_funding": 0, "fed_funding": 0, "local_funding": 0, "own_funding": 0, "private_funding": 0, "total_funding": 284561000, "region_codes": [316], "region_lga": null, "region_sed": null, "region_sa4": null, "address": null, "web_link": "https://www.tmr.qld.gov.au/projects/beerburrum-to-nambour-rail-upgrade-stage-1", "category": "capital"}}, {"type": "Feature", "geometry": {"type": "Point", "coordinates": [153.441401, -28.114216]}, "properties": {"project_id": 90000822, "name": "Pacific Motorway, Varsity Lakes (Exit 85) to Tugun (Exit 95) upgrade", "description": "Pacific Motorway, Varsity Lakes (Exit 85) to Tugun (Exit 95) upgrade.", "agency": "Department of Transport and Main Roads", "type": "Transport & Roads", "status": null, "qld_funding": 0, "fed_funding": 0, "local_funding": 0, "own_funding": 0, "private_funding": 0, "total_funding": 100000000, "region_codes": [309], "region_lga": null, "region_sed": null, "region_sa4": null, "address": null, "web_link": "https://www.tmr.qld.gov.au/projects/pacific-motorway-m1-varsity-lakes-to-tugun-upgrade", "category": "capital"}}, {"type": "Feature", "geometry": {"type": "Point", "coordinates": [153.033311, -27.073205]}, "properties": {"project_id": 90000823, "name": "Caboolture - Bribie Island Road Upgrade Program", "description": "Caboolture - Bribie Island Road, upgrade program.", "agency": "Department of Transport and Main Roads", "type": "Transport & Roads", "status": null, "qld_funding": 0, "fed_funding": 0, "local_funding": 0, "own_funding": 0, "private_funding": 0, "total_funding": 15000000, "region_codes": [313], "region_lga": null, "region_sed": null, "region_sa4": null, "address": null, "web_link": "https://www.tmr.qld.gov.au/projects/caboolture-bribie-island-road-old-toorbul-point-road-to-saint-road", "category": "capital"}}, {"type": "Feature", "geometry": {"type": "Point", "coordinates": [153.438945, -28.065438]}, "properties": {"project_id": 90000824, "name": "Gold Coast Light Rail (Stage 3), Broadbeach South to Burleigh Heads", "description": "Gold Coast Light Rail (Stage 3), Broadbeach South to Burleigh Heads.", "agency": "Department of Transport and Main Roads", "type": "Transport & Roads", "status": null, "qld_funding": 0, "fed_funding": 0, "local_funding": 0, "own_funding": 0, "private_funding": 0, "total_funding": 360000000, "region_codes": [309], "region_lga": null, "region_sed": null, "region_sa4": null, "address": null, "web_link": "https://www.tmr.qld.gov.au/projects/gold-coast-light-rail", "category": "capital"}}, {"type": "Feature", "geometry": {"type": "Point", "coordinates": [150.473350997, -23.352953559]}, "properties": {"project_id": 90000825, "name": "Rockhampton Ring Road", "description": "Rockhampton Ring Road.", "agency": "Department of Transport and Main Roads", "type": "Transport & Roads", "status": null, "qld_funding": 0, "fed_funding": 0, "local_funding": 0, "own_funding": 0, "private_funding": 0, "total_funding": 193401000, "region_codes": [308], "region_lga": null, "region_sed": null, "region_sa4": null, "address": null, "web_link": "https://www.tmr.qld.gov.au/projects/rockhampton-ring-road", "category": "capital"}}, {"type": "Feature", "geometry": {"type": "Point", "coordinates": [150.605832, -23.249478]}, "properties": {"project_id": 90000826, "name": "Rockhampton - Yeppoon Road, Yeppoon Road upgrade", "description": "Rockhampton - Yeppoon Road, Yeppoon Road upgrade.", "agency": "Department of Transport and Main Roads", "type": "Transport & Roads", "status": null, "qld_funding": 0, "fed_funding": 0, "local_funding": 0, "own_funding": 0, "private_funding": 0, "total_funding": 19976000, "region_codes": [308], "region_lga": null, "region_sed": null, "region_sa4": null, "address": null, "web_link": "https://www.tmr.qld.gov.au/projects/yeppoon-road-upgrade-project", "category": "capital"}}, {"type": "Feature", "geometry": {"type": "Point", "coordinates": [152.946927, -27.527707]}, "properties": {"project_id": 90000827, "name": "Centenary Bridge Upgrade", "description": "Centenary Bridge upgrade.", "agency": "Department of Transport and Main Roads", "type": "Transport & Roads", "status": null, "qld_funding": 0, "fed_funding": 0, "local_funding": 0, "own_funding": 0, "private_funding": 0, "total_funding": 65000000, "region_codes": [304], "region_lga": null, "region_sed": null, "region_sa4": null, "address": null, "web_link": "https://www.tmr.qld.gov.au/projects/centenary-motorway-ellen-grove-toowong-centenary-bridge", "category": "capital"}}, {"type": "Feature", "geometry": {"type": "Point", "coordinates": [153.33901, -27.93201]}, "properties": {"project_id": 90000828, "name": "Coomera Connector (Stage 1), Coomera to Nerang", "description": "Coomera Connector (Stage 1), Coomera to Nerang.", "agency": "Department of Transport and Main Roads", "type": "Transport & Roads", "status": null, "qld_funding": 0, "fed_funding": 0, "local_funding": 0, "own_funding": 0, "private_funding": 0, "total_funding": 610000000, "region_codes": [309], "region_lga": null, "region_sed": null, "region_sa4": null, "address": null, "web_link": "https://www.tmr.qld.gov.au/projects/coomera-connector-stage-1", "category": "capital"}}, {"type": "Feature", "geometry": {"type": "Point", "coordinates": [152.608119, -25.369376]}, "properties": {"project_id": 90000829, "name": "Queensland Train Manufacturing Program", "description": "Queensland Train Manufacturing Program.", "agency": "Department of Transport and Main Roads", "type": "Transport & Roads", "status": null, "qld_funding": 0, "fed_funding": 0, "local_funding": 0, "own_funding": 0, "private_funding": 0, "total_funding": 950000000, "region_codes": [319], "region_lga": null, "region_sed": null, "region_sa4": null, "address": null, "web_link": "https://www.tmr.qld.gov.au/projects/rollingstock-expansion-program", "category": "capital"}}, {"type": "Feature", "geometry": {"type": "Point", "coordinates": [146.730285, -19.378797]}, "properties": {"project_id": 90000831, "name": "Garbutt - Upper Ross Road (Riverway Drive) (Stage 2), Allambie Lane to Dunlop Street, duplicate to four lanes", "description": "Garbutt - Upper Ross Road (Riverway Drive) (Stage 2), Allambie Lane to Dunlop Street, duplicate to four lanes.", "agency": "Department of Transport and Main Roads", "type": "Transport & Roads", "status": null, "qld_funding": 0, "fed_funding": 0, "local_funding": 0, "own_funding": 0, "private_funding": 0, "total_funding": 30000000, "region_codes": [318], "region_lga": null, "region_sed": null, "region_sa4": null, "address": null, "web_link": "https://www.tmr.qld.gov.au/projects/riverway-drive-stage-2-allambie-lane-to-dunlop-street-planning", "category": "capital"}}, {"type": "Feature", "geometry": {"type": "Point", "coordinates": [153.029053, -27.827359]}, "properties": {"project_id": 90000832, "name": "Mount Lindesay Highway (Brisbane - Beaudesert), Johanna Street to South Street (Jimboomba), duplication", "description": "Mount Lindesay Highway (Brisbane - Beaudesert), Johanna Street to South Street (Jimboomba), duplication.", "agency": "Department of Transport and Main Roads", "type": "Transport & Roads", "status": null, "qld_funding": 0, "fed_funding": 0, "local_funding": 0, "own_funding": 0, "private_funding": 0, "total_funding": 33121000, "region_codes": [311], "region_lga": null, "region_sed": null, "region_sa4": null, "address": null, "web_link": "https://www.tmr.qld.gov.au/projects/mount-lindesay-highway-brisbane-beaudesert-johanna-street-to-south-street", "category": "capital"}}, {"type": "Feature", "geometry": {"type": "Point", "coordinates": [146.802237, -19.304715]}, "properties": {"project_id": 90000833, "name": "Townsville Connection Road (Stuart Drive), Bowen Road Bridge (Idalia), duplicate bridge and approaches", "description": "Townsville Connection Road (Stuart Drive), Bowen Road Bridge (Idalia), duplicate bridge and approaches.", "agency": "Department of Transport and Main Roads", "type": "Transport & Roads", "status": null, "qld_funding": 0, "fed_funding": 0, "local_funding": 0, "own_funding": 0, "private_funding": 0, "total_funding": 30204000, "region_codes": [318], "region_lga": null, "region_sed": null, "region_sa4": null, "address": null, "web_link": "https://www.tmr.qld.gov.au/projects/townsville-connection-road-idalia-university-road-to-bowen-road-bridge-improve-safety", "category": "capital"}}, {"type": "Feature", "geometry": {"type": "Point", "coordinates": [151.601214, -24.488002]}, "properties": {"project_id": 90000834, "name": "Bruce Highway (Gin Gin - Benaraby), Station Creek and Boyne River, upgrade bridges", "description": "Bruce Highway (Gin Gin - Benaraby), Station Creek and Boyne River, upgrade bridges.", "agency": "Department of Transport and Main Roads", "type": "Transport & Roads", "status": null, "qld_funding": 0, "fed_funding": 0, "local_funding": 0, "own_funding": 0, "private_funding": 0, "total_funding": 6113000, "region_codes": [308], "region_lga": null, "region_sed": null, "region_sa4": null, "address": null, "web_link": null, "category": "capital"}}, {"type": "Feature", "geometry": {"type": "Point", "coordinates": [153.193852, -27.72449]}, "properties": {"project_id": 90000835, "name": "Beaudesert - Beenleigh Road, Milne Street to Tallagandra Road, duplicate to four lanes", "description": "Beaudesert - Beenleigh Road, Milne Street to Tallagandra Road, duplicate to four lanes.", "agency": "Department of Transport and Main Roads", "type": "Transport & Roads", "status": null, "qld_funding": 0, "fed_funding": 0, "local_funding": 0, "own_funding": 0, "private_funding": 0, "total_funding": 10794000, "region_codes": [311], "region_lga": null, "region_sed": null, "region_sa4": null, "address": null, "web_link": "https://www.tmr.qld.gov.au/projects/beaudesert-beenleigh-road-milne-street-to-tallagandra-road-duplicate-to-four-lanes", "category": "capital"}}, {"type": "Feature", "geometry": {"type": "Point", "coordinates": [153.135149, -27.669702]}, "properties": {"project_id": 90000836, "name": "Logan and Gold Coast Faster Rail", "description": "Logan and Gold Coast Faster Rail.", "agency": "Department of Transport and Main Roads", "type": "Transport & Roads", "status": null, "qld_funding": 0, "fed_funding": 0, "local_funding": 0, "own_funding": 0, "private_funding": 0, "total_funding": 603000000, "region_codes": [311], "region_lga": null, "region_sed": null, "region_sa4": null, "address": null, "web_link": "https://www.tmr.qld.gov.au/projects/logan-and-gold-coast-faster-rail", "category": "capital"}}, {"type": "Feature", "geometry": {"type": "Point", "coordinates": [151.610536, -27.534348]}, "properties": {"project_id": 90000851, "name": "Toowoomba - Cecil Plains Road, improve safety", "description": "Toowoomba - Cecil Plains Road, improve safety.", "agency": "Department of Transport and Main Roads", "type": "Transport & Roads", "status": null, "qld_funding": 0, "fed_funding": 0, "local_funding": 0, "own_funding": 0, "private_funding": 0, "total_funding": 18500000, "region_codes": [307], "region_lga": null, "region_sed": null, "region_sa4": null, "address": null, "web_link": "https://www.tmr.qld.gov.au/projects/toowoomba-cecil-plains-road-improve-safety", "category": "capital"}}, {"type": "Feature", "geometry": {"type": "Point", "coordinates": [151.53437, -28.265128]}, "properties": {"project_id": 90000852, "name": "Cunningham Highway (Warwick - Inglewood), improve safety", "description": "Cunningham Highway (Warwick - Inglewood), improve safety.", "agency": "Department of Transport and Main Roads", "type": "Transport & Roads", "status": null, "qld_funding": 0, "fed_funding": 0, "local_funding": 0, "own_funding": 0, "private_funding": 0, "total_funding": 10727000, "region_codes": [307], "region_lga": null, "region_sed": null, "region_sa4": null, "address": null, "web_link": "https://www.tmr.qld.gov.au/projects/cunningham-highway-safety-upgrades-warwick-to-inglewood", "category": "capital"}}, {"type": "Feature", "geometry": {"type": "Point", "coordinates": [153.11559, -27.619827]}, "properties": {"project_id": 90000861, "name": "Brisbane - Beenleigh Road, Kingston Road and Compton Road, upgrade intersection", "description": "Brisbane - Beenleigh Road, Kingston Road and Compton Road, upgrade intersection.", "agency": "Department of Transport and Main Roads", "type": "Transport & Roads", "status": null, "qld_funding": 0, "fed_funding": 0, "local_funding": 0, "own_funding": 0, "private_funding": 0, "total_funding": 10054000, "region_codes": [311], "region_lga": null, "region_sed": null, "region_sa4": null, "address": null, "web_link": null, "category": "capital"}}, {"type": "Feature", "geometry": {"type": "Point", "coordinates": [147.141958, -24.449498]}, "properties": {"project_id": 90000864, "name": "Dawson Developmental Road (Springsure - Tambo), priority upgrades", "description": "Dawson Developmental Road (Springsure - Tambo), priority upgrades, funding commitment.", "agency": "Department of Transport and Main Roads", "type": "Transport & Roads", "status": null, "qld_funding": 0, "fed_funding": 0, "local_funding": 0, "own_funding": 0, "private_funding": 0, "total_funding": 4080000, "region_codes": [308], "region_lga": null, "region_sed": null, "region_sa4": null, "address": null, "web_link": null, "category": "capital"}}, {"type": "Feature", "geometry": {"type": "Point", "coordinates": [146.762308, -19.29822]}, "properties": {"project_id": 90000865, "name": "Ross River Road, Mabin Street to Rolfe Street, improve safety", "description": "Ross River Road, Mabin Street to Rolfe Street, improve safety.", "agency": "Department of Transport and Main Roads", "type": "Transport & Roads", "status": null, "qld_funding": 0, "fed_funding": 0, "local_funding": 0, "own_funding": 0, "private_funding": 0, "total_funding": 4309000, "region_codes": [318], "region_lga": null, "region_sed": null, "region_sa4": null, "address": null, "web_link": null, "category": "capital"}}, {"type": "Feature", "geometry": {"type": "Point", "coordinates": [140.512537, -18.680268]}, "properties": {"project_id": 90000866, "name": "Burke Developmental Road (Cloncurry - Normanton), various locations, widen pavement", "description": "Burke Developmental Road (Cloncurry - Normanton), various locations, widen pavement.", "agency": "Department of Transport and Main Roads", "type": "Transport & Roads", "status": null, "qld_funding": 0, "fed_funding": 0, "local_funding": 0, "own_funding": 0, "private_funding": 0, "total_funding": 4600000, "region_codes": [315], "region_lga": null, "region_sed": null, "region_sa4": null, "address": null, "web_link": null, "category": "capital"}}, {"type": "Feature", "geometry": {"type": "Point", "coordinates": [144.064239, -18.206362]}, "properties": {"project_id": 90000867, "name": "Gulf Developmental Road (Georgetown - Mount Garnet) (Package 4), strengthen and widen pavement", "description": "Gulf Developmental Road (Georgetown - Mount Garnet) (Package 4), strengthen and widen pavement.", "agency": "Department of Transport and Main Roads", "type": "Transport & Roads", "status": null, "qld_funding": 0, "fed_funding": 0, "local_funding": 0, "own_funding": 0, "private_funding": 0, "total_funding": 5361000, "region_codes": [315], "region_lga": null, "region_sed": null, "region_sa4": null, "address": null, "web_link": null, "category": "capital"}}, {"type": "Feature", "geometry": {"type": "Point", "coordinates": [153.019207, -27.253541]}, "properties": {"project_id": 90000868, "name": "Bruce Highway (Brisbane - Gympie), Dohles Rocks Road to Anzac Avenue upgrade (Stage 1)", "description": "Bruce Highway (Brisbane - Gympie), Dohles Rocks Road to Anzac Avenue upgrade funding commitment.", "agency": "Department of Transport and Main Roads", "type": "Transport & Roads", "status": null, "qld_funding": 0, "fed_funding": 0, "local_funding": 0, "own_funding": 0, "private_funding": 0, "total_funding": 82000000, "region_codes": [314], "region_lga": null, "region_sed": null, "region_sa4": null, "address": null, "web_link": "https://www.tmr.qld.gov.au/projects/bruce-highway-brisbane-gympie-dohles-rocks-road-to-anzac-avenue-upgrade", "category": "capital"}}, {"type": "Feature", "geometry": {"type": "Point", "coordinates": [153.020351, -27.466181]}, "properties": {"project_id": 90000869, "name": "Inner Northern Busway, Roma Street, improve bus station", "description": "Inner Northern Busway, Roma Street, improve bus station.", "agency": "Department of Transport and Main Roads", "type": "Transport & Roads", "status": null, "qld_funding": 0, "fed_funding": 0, "local_funding": 0, "own_funding": 0, "private_funding": 0, "total_funding": 2000000, "region_codes": [305], "region_lga": null, "region_sed": null, "region_sa4": null, "address": null, "web_link": "https://crossriverrail.qld.gov.au/precincts/roma-street-station-precinct/", "category": "capital"}}, {"type": "Feature", "geometry": {"type": "Point", "coordinates": [153.1414, -27.671538]}, "properties": {"project_id": 90000870, "name": "Loganlea train station, upgrade park 'n' ride", "description": "Loganlea train station, upgrade park 'n' ride.", "agency": "Department of Transport and Main Roads", "type": "Transport & Roads", "status": null, "qld_funding": 0, "fed_funding": 0, "local_funding": 0, "own_funding": 0, "private_funding": 0, "total_funding": 6796000, "region_codes": [311], "region_lga": null, "region_sed": null, "region_sa4": null, "address": null, "web_link": "https://www.tmr.qld.gov.au/projects/loganlea-station-relocation", "category": "capital"}}, {"type": "Feature", "geometry": {"type": "Point", "coordinates": [151.906919, -26.605778]}, "properties": {"project_id": 90000872, "name": "D'Aguilar Highway (Yarraman - Kingaroy), Alexander Lane to Bunya Highway, improve safety", "description": "D'Aguilar Highway (Yarraman - Kingaroy), Alexander Lane to Bunya Highway, improve safety.", "agency": "Department of Transport and Main Roads", "type": "Transport & Roads", "status": null, "qld_funding": 0, "fed_funding": 0, "local_funding": 0, "own_funding": 0, "private_funding": 0, "total_funding": 6137000, "region_codes": [319], "region_lga": null, "region_sed": null, "region_sa4": null, "address": null, "web_link": "https://www.tmr.qld.gov.au/projects/d-aguilar-highway-yarraman-kingaroy-various-locations-improve-safety", "category": "capital"}}, {"type": "Feature", "geometry": {"type": "Point", "coordinates": [152.114497, -27.377569]}, "properties": {"project_id": 90000873, "name": "Esk - Hampton Road, Perseverance Creek, replace culvert", "description": "Esk - Hampton Road, Perseverance Creek, replace culvert.", "agency": "Department of Transport and Main Roads", "type": "Transport & Roads", "status": null, "qld_funding": 0, "fed_funding": 0, "local_funding": 0, "own_funding": 0, "private_funding": 0, "total_funding": 7494000, "region_codes": [307], "region_lga": null, "region_sed": null, "region_sa4": null, "address": null, "web_link": null, "category": "capital"}}, {"type": "Feature", "geometry": {"type": "Point", "coordinates": [151.822365, -27.54534]}, "properties": {"project_id": 90000874, "name": "Toowoomba - Cecil Plains Road, strengthen and widen pavement", "description": "Toowoomba - Cecil Plains Road, strengthen and widen pavement.", "agency": "Department of Transport and Main Roads", "type": "Transport & Roads", "status": null, "qld_funding": 0, "fed_funding": 0, "local_funding": 0, "own_funding": 0, "private_funding": 0, "total_funding": 9689000, "region_codes": [317], "region_lga": null, "region_sed": null, "region_sa4": null, "address": null, "web_link": null, "category": "capital"}}, {"type": "Feature", "geometry": {"type": "Point", "coordinates": [147.396967, -19.642936]}, "properties": {"project_id": 90000875, "name": "Bruce Highway (Bowen - Ayr), Burdekin River Bridge, rehabilitation program", "description": "Bruce Highway (Bowen - Ayr), Burdekin River Bridge, rehabilitation program.", "agency": "Department of Transport and Main Roads", "type": "Transport & Roads", "status": null, "qld_funding": 0, "fed_funding": 0, "local_funding": 0, "own_funding": 0, "private_funding": 0, "total_funding": 4500000, "region_codes": [318], "region_lga": null, "region_sed": null, "region_sa4": null, "address": null, "web_link": null, "category": "capital"}}, {"type": "Feature", "geometry": {"type": "Point", "coordinates": [145.437764, -17.148714]}, "properties": {"project_id": 90000876, "name": "Kennedy Highway (Mareeba - Ravenshoe), design and construct overtaking lanes", "description": "Kennedy Highway (Mareeba - Ravenshoe), design and construct overtaking lanes.", "agency": "Department of Transport and Main Roads", "type": "Transport & Roads", "status": null, "qld_funding": 0, "fed_funding": 0, "local_funding": 0, "own_funding": 0, "private_funding": 0, "total_funding": 3700000, "region_codes": [306], "region_lga": null, "region_sed": null, "region_sa4": null, "address": null, "web_link": null, "category": "capital"}}, {"type": "Feature", "geometry": {"type": "Point", "coordinates": [153.026435, -27.470865]}, "properties": {"project_id": 90000879, "name": "Cross River Rail - third party returnable works", "description": "Cross River Rail - third party returnable works.", "agency": "Cross River Rail Delivery Authority", "type": "Transport & Roads", "status": null, "qld_funding": 0, "fed_funding": 0, "local_funding": 0, "own_funding": 0, "private_funding": 0, "total_funding": 0, "region_codes": [305], "region_lga": null, "region_sed": null, "region_sa4": null, "address": null, "web_link": "https://crossriverrail.qld.gov.au/", "category": "capital"}}, {"type": "Feature", "geometry": {"type": "Point", "coordinates": [153.026435, -27.470865]}, "properties": {"project_id": 90000880, "name": "Cross River Rail", "description": "Commitment to deliver Cross River Rail.", "agency": "Cross River Rail Delivery Authority", "type": "Transport & Roads", "status": null, "qld_funding": 0, "fed_funding": 0, "local_funding": 0, "own_funding": 0, "private_funding": 0, "total_funding": 266954000, "region_codes": [305], "region_lga": null, "region_sed": null, "region_sa4": null, "address": null, "web_link": "https://crossriverrail.qld.gov.au/", "category": "capital"}}, {"type": "Feature", "geometry": {"type": "Point", "coordinates": [145.744594, -17.013342]}, "properties": {"project_id": 90000881, "name": "Cairns Southern Access Cycleway, construct cycleway", "description": "Cairns Southern Access Cycleway, construct cycleway.", "agency": "Department of Transport and Main Roads", "type": "Transport & Roads", "status": null, "qld_funding": 0, "fed_funding": 0, "local_funding": 0, "own_funding": 0, "private_funding": 0, "total_funding": 240000, "region_codes": [306], "region_lga": null, "region_sed": null, "region_sa4": null, "address": null, "web_link": "https://www.tmr.qld.gov.au/projects/bruce-highway-cairns-southern-access-cycleway", "category": "capital"}}, {"type": "Feature", "geometry": {"type": "Point", "coordinates": [146.83697, -19.25576]}, "properties": {"project_id": 90000889, "name": "Transport Infrastructure", "description": "Road network upgrades - upgrades and improvements to road network at Port of Townsville.", "agency": "Port of Townsville Limited", "type": "Transport & Roads", "status": null, "qld_funding": 0, "fed_funding": 0, "local_funding": 0, "own_funding": 0, "private_funding": 0, "total_funding": 1100000, "region_codes": [318], "region_lga": null, "region_sed": null, "region_sa4": null, "address": null, "web_link": null, "category": "capital"}}, {"type": "Feature", "geometry": {"type": "Point", "coordinates": [146.8362, -19.2501]}, "properties": {"project_id": 90000890, "name": "Marine Infrastructure", "description": "Wharf facility upgrade - upgrade and improvements to existing wharf facilities.", "agency": "Port of Townsville Limited", "type": "Transport & Roads", "status": null, "qld_funding": 0, "fed_funding": 0, "local_funding": 0, "own_funding": 0, "private_funding": 0, "total_funding": 2058000, "region_codes": [318], "region_lga": null, "region_sed": null, "region_sa4": null, "address": null, "web_link": null, "category": "capital"}}, {"type": "Feature", "geometry": {"type": "Point", "coordinates": [146.8375, -19.2557]}, "properties": {"project_id": 90000891, "name": "Port Facilities", "description": "Plant, equipment and minor works - minor asset replacements/acquisitions and minor infrastructure works under $5 million. Other infrastructure and maintenance works - new and/or capital maintenance of infrastructure assets.", "agency": "Port of Townsville Limited", "type": "Transport & Roads", "status": null, "qld_funding": 0, "fed_funding": 0, "local_funding": 0, "own_funding": 0, "private_funding": 0, "total_funding": 27227000, "region_codes": [318], "region_lga": null, "region_sed": null, "region_sa4": null, "address": null, "web_link": null, "category": "capital"}}, {"type": "Feature", "geometry": {"type": "Point", "coordinates": [145.7805, -16.9213]}, "properties": {"project_id": 90000892, "name": "Buildings and Land Development", "description": "Lease acquisition - lease and land acquisitions to facilitate growth for the Cairns port.", "agency": "Far North Queensland Ports Corporation Limited", "type": "Transport & Roads", "status": null, "qld_funding": 0, "fed_funding": 0, "local_funding": 0, "own_funding": 0, "private_funding": 0, "total_funding": 5000000, "region_codes": [306], "region_lga": null, "region_sed": null, "region_sa4": null, "address": null, "web_link": null, "category": "capital"}}, {"type": "Feature", "geometry": {"type": "Point", "coordinates": [145.7805, -16.9213]}, "properties": {"project_id": 90000893, "name": "Port Facilities", "description": "Plant, equipment and minor works - minor capital items for the Far North Queensland Ports. Old Wharf 8 Deck Project - removal of concrete deck and leave piles to support revetment, including construction of a service bridge to replace existing services support in Cairns. Fuel Pipeline - extend fuel pipeline to berths 1-6 for cruise vessels. HVAC replacement and structural repairs - HVAC and AHU equipment in Hatchery building (Cook Street, Cairns) and Main Admin Office is end-of-life and requires replacement.", "agency": "Far North Queensland Ports Corporation Limited", "type": "Transport & Roads", "status": null, "qld_funding": 0, "fed_funding": 0, "local_funding": 0, "own_funding": 0, "private_funding": 0, "total_funding": 6920000, "region_codes": [306], "region_lga": null, "region_sed": null, "region_sa4": null, "address": null, "web_link": null, "category": "capital"}}, {"type": "Feature", "geometry": {"type": "Point", "coordinates": [151.246, -23.8336]}, "properties": {"project_id": 90000894, "name": "Marine Infrastructure", "description": "Marina projects - replacement of various piles and pontoons within the marina and marina bulk earthworks.", "agency": "Gladstone Ports Corporation Limited", "type": "Transport & Roads", "status": null, "qld_funding": 0, "fed_funding": 0, "local_funding": 0, "own_funding": 0, "private_funding": 0, "total_funding": 220000, "region_codes": [308], "region_lga": null, "region_sed": null, "region_sa4": null, "address": null, "web_link": null, "category": "capital"}}, {"type": "Feature", "geometry": {"type": "Point", "coordinates": [151.2585, -23.8325]}, "properties": {"project_id": 90000895, "name": "Buildings and Land Development", "description": "Quarry projects - replacement excavators and dozer. Port Alma projects - concrete remediation and salt stockpile remediation. Auckland Point 3 projects - Auckland Point Terminal berth 3 concrete remediation. Port of Bundaberg projects - dry bulk storage facility development and new barge for marine works.", "agency": "Gladstone Ports Corporation Limited", "type": "Transport & Roads", "status": null, "qld_funding": 0, "fed_funding": 0, "local_funding": 0, "own_funding": 0, "private_funding": 0, "total_funding": 6395000, "region_codes": [308], "region_lga": null, "region_sed": null, "region_sa4": null, "address": null, "web_link": null, "category": "capital"}}, {"type": "Feature", "geometry": {"type": "Point", "coordinates": [151.2348, -23.8231]}, "properties": {"project_id": 90000896, "name": "Port Facilities", "description": "Barney Point Projects - Capital works for Barney Point terminal including substation upgrade and ship loader electrical rewire. Port Services Projects - Projects relating to Port Central Land Development, Port Central Road and dredging projects. Process Control Systems, Stockpile Management and Upgrades - Projects relating to dozer replacements/rebuilds, wharf slurry system upgrade and switchboard upgrades.Information Systems Projects - Funding for information system security and critical infrastructure improvement program, infrastructure refresh, replacement of PCs, printers, and additional security surveillance storage capacity. Plant, Equipment and Minor Works - Minor plant and equipment. Right-of-use-Lease Assets.", "agency": "Gladstone Ports Corporation Limited", "type": "Transport & Roads", "status": null, "qld_funding": 0, "fed_funding": 0, "local_funding": 0, "own_funding": 0, "private_funding": 0, "total_funding": 72123000, "region_codes": [308], "region_lga": null, "region_sed": null, "region_sa4": null, "address": null, "web_link": null, "category": "capital"}}, {"type": "Feature", "geometry": {"type": "Point", "coordinates": [149.28428, -21.2826]}, "properties": {"project_id": 90000897, "name": "Buildings and Land Development", "description": "Louisa Creek Acquisition Program - Purchase of residential properties that will become buffer land in the future between coal terminal and the community.\nPort Development General - Terminal maintenance and minor asset acquisition, replacement or upgrade at various locations.\nPort Operations Building Replacement - Replacement of Port Operations building.\nHalf Tide Tig Harbour - Upgrade and replacement of end-of-life infrastructure at Half Tide Tug Harbour.", "agency": "North Queensland Bulk Ports Corporation Limited", "type": "Transport & Roads", "status": null, "qld_funding": 0, "fed_funding": 0, "local_funding": 0, "own_funding": 0, "private_funding": 0, "total_funding": 5026000, "region_codes": [312], "region_lga": null, "region_sed": null, "region_sa4": null, "address": null, "web_link": null, "category": "capital"}}, {"type": "Feature", "geometry": {"type": "Point", "coordinates": [148.0787, -19.88275]}, "properties": {"project_id": 90000898, "name": "Port Facilities", "description": "Future Fuels trade enablement studies - undertaking hydrogen related studies (technical, financial, environmental, planning) to inform facilitation of hydrogen trade in all ports. NQBP will own the IP on these studies (previously Hydrogen trade studies).", "agency": "North Queensland Bulk Ports Corporation Limited", "type": "Transport & Roads", "status": null, "qld_funding": 0, "fed_funding": 0, "local_funding": 0, "own_funding": 0, "private_funding": 0, "total_funding": 200000, "region_codes": [312], "region_lga": null, "region_sed": null, "region_sa4": null, "address": null, "web_link": null, "category": "capital"}}, {"type": "Feature", "geometry": {"type": "Point", "coordinates": [149.2242, -21.1067]}, "properties": {"project_id": 90000899, "name": "Marine Infrastructure", "description": "Berth pockets capital dredging - capital dredging at Port of Mackay W1 and W3/4 berth pockets and disposal of dredged material.", "agency": "North Queensland Bulk Ports Corporation Limited", "type": "Transport & Roads", "status": null, "qld_funding": 0, "fed_funding": 0, "local_funding": 0, "own_funding": 0, "private_funding": 0, "total_funding": 250000, "region_codes": [312], "region_lga": null, "region_sed": null, "region_sa4": null, "address": null, "web_link": null, "category": "capital"}}, {"type": "Feature", "geometry": {"type": "Point", "coordinates": [152.971645, -27.412148]}, "properties": {"project_id": 90000900, "name": "Samford Sub-Arterial Road (Samford Road) and Glen Holm Street, upgrade intersection", "description": "Samford Sub-Arterial Road (Samford Road) and Glen Holm Street, upgrade intersection.", "agency": "Department of Transport and Main Roads", "type": "Transport & Roads", "status": null, "qld_funding": 0, "fed_funding": 0, "local_funding": 0, "own_funding": 0, "private_funding": 0, "total_funding": 1834000, "region_codes": [304], "region_lga": null, "region_sed": null, "region_sa4": null, "address": null, "web_link": "https://www.tmr.qld.gov.au/projects/samford-sub-arterial-road-samford-road-and-glen-holm-street-upgrade-intersection", "category": "capital"}}, {"type": "Feature", "geometry": {"type": "Point", "coordinates": [151.88873, -26.586353]}, "properties": {"project_id": 90000958, "name": "D'Aguilar Highway (Yarraman - Kingaroy), Bushnell Road to Homley Road, strengthen and widen pavement", "description": "D'Aguilar Highway (Yarraman - Kingaroy), Bushnell Road to Homley Road, strengthen and widen pavement.", "agency": "Department of Transport and Main Roads", "type": "Transport & Roads", "status": null, "qld_funding": 0, "fed_funding": 0, "local_funding": 0, "own_funding": 0, "private_funding": 0, "total_funding": 5674000, "region_codes": [319], "region_lga": null, "region_sed": null, "region_sa4": null, "address": null, "web_link": null, "category": "capital"}}, {"type": "Feature", "geometry": {"type": "Point", "coordinates": [152.347917, -28.062071]}, "properties": {"project_id": 90000959, "name": "Cunningham Highway (Ipswich - Warwick), Tregony to Maryvale, improve safety", "description": "Cunningham Highway (Ipswich - Warwick), Tregony to Maryvale, improve safety.", "agency": "Department of Transport and Main Roads", "type": "Transport & Roads", "status": null, "qld_funding": 0, "fed_funding": 0, "local_funding": 0, "own_funding": 0, "private_funding": 0, "total_funding": 19312000, "region_codes": [307], "region_lga": null, "region_sed": null, "region_sa4": null, "address": null, "web_link": "https://www.tmr.qld.gov.au/projects/cunningham-highway-ipswich-warwick-tregony-to-maryvale-improve-safety-and-cunningham-highway-ipswich", "category": "capital"}}, {"type": "Feature", "geometry": {"type": "Point", "coordinates": [145.74852199, -16.90410876]}, "properties": {"project_id": 90000966, "name": "Cairns Chinese Culture and Heritage Centre", "description": "$2.7 million capital grant towards the construction of a Chinese Culture and Heritage Centre in Cairns.", "agency": "Department of Women, Aboriginal and Torres Strait Islander Partnerships and Multiculturalism", "type": "Community Wellbeing", "status": null, "qld_funding": 0, "fed_funding": 0, "local_funding": 0, "own_funding": 0, "private_funding": 0, "total_funding": 2700000, "region_codes": [306], "region_lga": null, "region_sed": null, "region_sa4": null, "address": null, "web_link": null, "category": "capital"}}, {"type": "Feature", "geometry": {"type": "Point", "coordinates": [152.7526, -26.9478]}, "properties": {"project_id": 90000969, "name": "Woodford Youth Detention Centre - 80 bed construction project", "description": "80 bed construction project at Woodford Youth Detention Centre.", "agency": "Department of Youth Justice and Victim Support", "type": "Justice & Safety", "status": null, "qld_funding": 0, "fed_funding": 0, "local_funding": 0, "own_funding": 0, "private_funding": 0, "total_funding": 330000000, "region_codes": [313], "region_lga": null, "region_sed": null, "region_sa4": null, "address": null, "web_link": null, "category": "capital"}}, {"type": "Feature", "geometry": {"type": "Point", "coordinates": [152.7526, -26.9478]}, "properties": {"project_id": 90000970, "name": "Woodford Youth Detention Centre - establishment costs", "description": "Woodford Youth Detention Centre establishment costs.", "agency": "Department of Youth Justice and Victim Support", "type": "Justice & Safety", "status": null, "qld_funding": 0, "fed_funding": 0, "local_funding": 0, "own_funding": 0, "private_funding": 0, "total_funding": 285000, "region_codes": [313], "region_lga": null, "region_sed": null, "region_sa4": null, "address": null, "web_link": null, "category": "capital"}}]}